// Auto-generated by scripts/extract_unicode_data.py
// DO NOT EDIT MANUALLY
// Source: Unicode/unialt.c (generated by makeutype.py, Unicode 17.0.0)
//
// NFKD decomposition sequences and visual alternatives for Unicode characters.
// Each entry is a null-terminated sequence of code points (0 = end of list).

pub const UNIALT_SHIFT: u32 = 7;

    pub(crate) static UNIALT_DATA: [u32; 15915] = [
        0x0000, 0x0020, 0x0000, 0x0020, 0x0308, 0x0000, 0x0061, 0x0000, 0x0020, 0x0304, 0x0000, 0x0032, 0x0000, 0x0033, 0x0000, 0x0020,
        0x0301, 0x0000, 0x03BC, 0x0000, 0x0020, 0x0327, 0x0000, 0x0031, 0x0000, 0x006F, 0x0000, 0x0031, 0x2044, 0x0034, 0x0000, 0x0031,
        0x2044, 0x0032, 0x0000, 0x0033, 0x2044, 0x0034, 0x0000, 0x0041, 0x0300, 0x0000, 0x0041, 0x0301, 0x0000, 0x0041, 0x0302, 0x0000,
        0x0041, 0x0303, 0x0000, 0x0041, 0x0308, 0x0000, 0x0041, 0x030A, 0x0000, 0x0043, 0x0327, 0x0000, 0x0045, 0x0300, 0x0000, 0x0045,
        0x0301, 0x0000, 0x0045, 0x0302, 0x0000, 0x0045, 0x0308, 0x0000, 0x0049, 0x0300, 0x0000, 0x0049, 0x0301, 0x0000, 0x0049, 0x0302,
        0x0000, 0x0049, 0x0308, 0x0000, 0x004E, 0x0303, 0x0000, 0x004F, 0x0300, 0x0000, 0x004F, 0x0301, 0x0000, 0x004F, 0x0302, 0x0000,
        0x004F, 0x0303, 0x0000, 0x004F, 0x0308, 0x0000, 0x0055, 0x0300, 0x0000, 0x0055, 0x0301, 0x0000, 0x0055, 0x0302, 0x0000, 0x0055,
        0x0308, 0x0000, 0x0059, 0x0301, 0x0000, 0x0061, 0x0300, 0x0000, 0x0061, 0x0301, 0x0000, 0x0061, 0x0302, 0x0000, 0x0061, 0x0303,
        0x0000, 0x0061, 0x0308, 0x0000, 0x0061, 0x030A, 0x0000, 0x0063, 0x0327, 0x0000, 0x0065, 0x0300, 0x0000, 0x0065, 0x0301, 0x0000,
        0x0065, 0x0302, 0x0000, 0x0065, 0x0308, 0x0000, 0x0069, 0x0300, 0x0000, 0x0069, 0x0301, 0x0000, 0x0069, 0x0302, 0x0000, 0x0069,
        0x0308, 0x0000, 0x006E, 0x0303, 0x0000, 0x006F, 0x0300, 0x0000, 0x006F, 0x0301, 0x0000, 0x006F, 0x0302, 0x0000, 0x006F, 0x0303,
        0x0000, 0x006F, 0x0308, 0x0000, 0x0075, 0x0300, 0x0000, 0x0075, 0x0301, 0x0000, 0x0075, 0x0302, 0x0000, 0x0075, 0x0308, 0x0000,
        0x0079, 0x0301, 0x0000, 0x0079, 0x0308, 0x0000, 0x0041, 0x0304, 0x0000, 0x0061, 0x0304, 0x0000, 0x0041, 0x0306, 0x0000, 0x0061,
        0x0306, 0x0000, 0x0041, 0x0328, 0x0000, 0x0061, 0x0328, 0x0000, 0x0043, 0x0301, 0x0000, 0x0063, 0x0301, 0x0000, 0x0043, 0x0302,
        0x0000, 0x0063, 0x0302, 0x0000, 0x0043, 0x0307, 0x0000, 0x0063, 0x0307, 0x0000, 0x0043, 0x030C, 0x0000, 0x0063, 0x030C, 0x0000,
        0x0044, 0x030C, 0x0000, 0x0064, 0x030C, 0x0000, 0x00D0, 0x0000, 0x0045, 0x0304, 0x0000, 0x0065, 0x0304, 0x0000, 0x0045, 0x0306,
        0x0000, 0x0065, 0x0306, 0x0000, 0x0045, 0x0307, 0x0000, 0x0065, 0x0307, 0x0000, 0x0045, 0x0328, 0x0000, 0x0065, 0x0328, 0x0000,
        0x0045, 0x030C, 0x0000, 0x0065, 0x030C, 0x0000, 0x0047, 0x0302, 0x0000, 0x0067, 0x0302, 0x0000, 0x0047, 0x0306, 0x0000, 0x0067,
        0x0306, 0x0000, 0x0047, 0x0307, 0x0000, 0x0067, 0x0307, 0x0000, 0x0047, 0x0327, 0x0000, 0x0067, 0x0327, 0x0000, 0x0048, 0x0302,
        0x0000, 0x0068, 0x0302, 0x0000, 0x0049, 0x0303, 0x0000, 0x0069, 0x0303, 0x0000, 0x0049, 0x0304, 0x0000, 0x0069, 0x0304, 0x0000,
        0x0049, 0x0306, 0x0000, 0x0069, 0x0306, 0x0000, 0x0049, 0x0328, 0x0000, 0x0069, 0x0328, 0x0000, 0x0049, 0x0307, 0x0000, 0x0049,
        0x004A, 0x0000, 0x0069, 0x006A, 0x0000, 0x004A, 0x0302, 0x0000, 0x006A, 0x0302, 0x0000, 0x004B, 0x0327, 0x0000, 0x006B, 0x0327,
        0x0000, 0x03BA, 0x0000, 0x004C, 0x0301, 0x0000, 0x006C, 0x0301, 0x0000, 0x004C, 0x0327, 0x0000, 0x006C, 0x0327, 0x0000, 0x004C,
        0x030C, 0x0000, 0x006C, 0x030C, 0x0000, 0x004C, 0x00B7, 0x0000, 0x006C, 0x00B7, 0x0000, 0x004E, 0x0301, 0x0000, 0x006E, 0x0301,
        0x0000, 0x004E, 0x0327, 0x0000, 0x006E, 0x0327, 0x0000, 0x004E, 0x030C, 0x0000, 0x006E, 0x030C, 0x0000, 0x02BC, 0x006E, 0x0000,
        0x004F, 0x0304, 0x0000, 0x006F, 0x0304, 0x0000, 0x004F, 0x0306, 0x0000, 0x006F, 0x0306, 0x0000, 0x004F, 0x030B, 0x0000, 0x006F,
        0x030B, 0x0000, 0x004F, 0x0045, 0x0000, 0x006F, 0x0065, 0x0000, 0x0052, 0x0301, 0x0000, 0x0072, 0x0301, 0x0000, 0x0052, 0x0327,
        0x0000, 0x0072, 0x0327, 0x0000, 0x0052, 0x030C, 0x0000, 0x0072, 0x030C, 0x0000, 0x0053, 0x0301, 0x0000, 0x0073, 0x0301, 0x0000,
        0x0053, 0x0302, 0x0000, 0x0073, 0x0302, 0x0000, 0x0053, 0x0327, 0x0000, 0x0073, 0x0327, 0x0000, 0x0053, 0x030C, 0x0000, 0x0073,
        0x030C, 0x0000, 0x0054, 0x0327, 0x0000, 0x0074, 0x0327, 0x0000, 0x0054, 0x030C, 0x0000, 0x0074, 0x030C, 0x0000, 0x0055, 0x0303,
        0x0000, 0x0075, 0x0303, 0x0000, 0x0055, 0x0304, 0x0000, 0x0075, 0x0304, 0x0000, 0x0055, 0x0306, 0x0000, 0x0075, 0x0306, 0x0000,
        0x0055, 0x030A, 0x0000, 0x0075, 0x030A, 0x0000, 0x0055, 0x030B, 0x0000, 0x0075, 0x030B, 0x0000, 0x0055, 0x0328, 0x0000, 0x0075,
        0x0328, 0x0000, 0x0057, 0x0302, 0x0000, 0x0077, 0x0302, 0x0000, 0x0059, 0x0302, 0x0000, 0x0079, 0x0302, 0x0000, 0x0059, 0x0308,
        0x0000, 0x005A, 0x0301, 0x0000, 0x007A, 0x0301, 0x0000, 0x005A, 0x0307, 0x0000, 0x007A, 0x0307, 0x0000, 0x005A, 0x030C, 0x0000,
        0x007A, 0x030C, 0x0000, 0x0073, 0x0000, 0x0402, 0x0000, 0x00D0, 0x0000, 0x03B7, 0x0000, 0x0398, 0x0000, 0x004F, 0x031B, 0x0000,
        0x006F, 0x031B, 0x0000, 0x03A3, 0x0000, 0x0055, 0x031B, 0x0000, 0x0075, 0x031B, 0x0000, 0x007C, 0x0000, 0x007C, 0x007C, 0x0000,
        0x0044, 0x017D, 0x0000, 0x0044, 0x017E, 0x0000, 0x0064, 0x017E, 0x0000, 0x004C, 0x004A, 0x0000, 0x004C, 0x006A, 0x0000, 0x006C,
        0x006A, 0x0000, 0x004E, 0x004A, 0x0000, 0x004E, 0x006A, 0x0000, 0x006E, 0x006A, 0x0000, 0x0041, 0x030C, 0x0000, 0x0061, 0x030C,
        0x0000, 0x0049, 0x030C, 0x0000, 0x0069, 0x030C, 0x0000, 0x004F, 0x030C, 0x0000, 0x006F, 0x030C, 0x0000, 0x0055, 0x030C, 0x0000,
        0x0075, 0x030C, 0x0000, 0x00DC, 0x0304, 0x0000, 0x00FC, 0x0304, 0x0000, 0x00DC, 0x0301, 0x0000, 0x00FC, 0x0301, 0x0000, 0x00DC,
        0x030C, 0x0000, 0x00FC, 0x030C, 0x0000, 0x00DC, 0x0300, 0x0000, 0x00FC, 0x0300, 0x0000, 0x00C4, 0x0304, 0x0000, 0x00E4, 0x0304,
        0x0000, 0x0226, 0x0304, 0x0000, 0x0227, 0x0304, 0x0000, 0x00C6, 0x0304, 0x0000, 0x00E6, 0x0304, 0x0000, 0x0047, 0x030C, 0x0000,
        0x0067, 0x030C, 0x0000, 0x004B, 0x030C, 0x0000, 0x006B, 0x030C, 0x0000, 0x004F, 0x0328, 0x0000, 0x006F, 0x0328, 0x0000, 0x01EA,
        0x0304, 0x0000, 0x01EB, 0x0304, 0x0000, 0x01B7, 0x030C, 0x0000, 0x0292, 0x030C, 0x0000, 0x006A, 0x030C, 0x0000, 0x0044, 0x005A,
        0x0000, 0x0044, 0x007A, 0x0000, 0x0064, 0x007A, 0x0000, 0x0047, 0x0301, 0x0000, 0x0067, 0x0301, 0x0000, 0x004E, 0x0300, 0x0000,
        0x006E, 0x0300, 0x0000, 0x00C5, 0x0301, 0x0000, 0x00E5, 0x0301, 0x0000, 0x00C6, 0x0301, 0x0000, 0x00E6, 0x0301, 0x0000, 0x00D8,
        0x0301, 0x0000, 0x00F8, 0x0301, 0x0000, 0x0041, 0x030F, 0x0000, 0x0061, 0x030F, 0x0000, 0x0041, 0x0311, 0x0000, 0x0061, 0x0311,
        0x0000, 0x0045, 0x030F, 0x0000, 0x0065, 0x030F, 0x0000, 0x0045, 0x0311, 0x0000, 0x0065, 0x0311, 0x0000, 0x0049, 0x030F, 0x0000,
        0x0069, 0x030F, 0x0000, 0x0049, 0x0311, 0x0000, 0x0069, 0x0311, 0x0000, 0x004F, 0x030F, 0x0000, 0x006F, 0x030F, 0x0000, 0x004F,
        0x0311, 0x0000, 0x006F, 0x0311, 0x0000, 0x0052, 0x030F, 0x0000, 0x0072, 0x030F, 0x0000, 0x0052, 0x0311, 0x0000, 0x0072, 0x0311,
        0x0000, 0x0055, 0x030F, 0x0000, 0x0075, 0x030F, 0x0000, 0x0055, 0x0311, 0x0000, 0x0075, 0x0311, 0x0000, 0x0053, 0x0326, 0x0000,
        0x0073, 0x0326, 0x0000, 0x0054, 0x0326, 0x0000, 0x0074, 0x0326, 0x0000, 0x0048, 0x030C, 0x0000, 0x0068, 0x030C, 0x0000, 0x0041,
        0x0307, 0x0000, 0x0061, 0x0307, 0x0000, 0x0045, 0x0327, 0x0000, 0x0065, 0x0327, 0x0000, 0x00D6, 0x0304, 0x0000, 0x00F6, 0x0304,
        0x0000, 0x00D5, 0x0304, 0x0000, 0x00F5, 0x0304, 0x0000, 0x004F, 0x0307, 0x0000, 0x006F, 0x0307, 0x0000, 0x022E, 0x0304, 0x0000,
        0x022F, 0x0304, 0x0000, 0x0059, 0x0304, 0x0000, 0x0079, 0x0304, 0x0000, 0x03B9, 0x0000, 0x03A6, 0x0000, 0x01B7, 0x0000, 0x0432,
        0x0000, 0x043D, 0x0000, 0x0068, 0x0000, 0x0266, 0x0000, 0x006A, 0x0000, 0x0072, 0x0000, 0x0279, 0x0000, 0x027B, 0x0000, 0x0281,
        0x0000, 0x0077, 0x0000, 0x0079, 0x0000, 0x0027, 0x0000, 0x0022, 0x0000, 0x0027, 0x0000, 0x005E, 0x0000, 0x005E, 0x0000, 0x0027,
        0x0000, 0x0020, 0x0306, 0x0000, 0x0020, 0x0307, 0x0000, 0x0020, 0x030A, 0x0000, 0x0020, 0x0328, 0x0000, 0x0020, 0x0303, 0x0000,
        0x0020, 0x030B, 0x0000, 0x0263, 0x0000, 0x006C, 0x0000, 0x0073, 0x0000, 0x0078, 0x0000, 0x0295, 0x0000, 0x00B4, 0x0000, 0x005E,
        0x0000, 0x007E, 0x0000, 0x00A8, 0x0000, 0x00B0, 0x0000, 0x0022, 0x0000, 0x0022, 0x0000, 0x00B8, 0x0000, 0x0300, 0x0000, 0x0301,
        0x0000, 0x0313, 0x0000, 0x0308, 0x0301, 0x0000, 0x02B9, 0x0000, 0x02CF, 0x0000, 0x0020, 0x0345, 0x0000, 0x003B, 0x0000, 0x0020,
        0x0301, 0x0000, 0x00A8, 0x0301, 0x0000, 0x0391, 0x0301, 0x0000, 0x00B7, 0x0000, 0x0395, 0x0301, 0x0000, 0x0397, 0x0301, 0x0000,
        0x0399, 0x0301, 0x0000, 0x039F, 0x0301, 0x0000, 0x03A5, 0x0301, 0x0000, 0x03A9, 0x0301, 0x0000, 0x03CA, 0x0301, 0x0000, 0x0041,
        0x0000, 0x0042, 0x0000, 0x0413, 0x0000, 0x0045, 0x0000, 0x005A, 0x0000, 0x0048, 0x0000, 0x0049, 0x0000, 0x004B, 0x0000, 0x004D,
        0x0000, 0x004E, 0x0000, 0x004F, 0x0000, 0x0050, 0x0000, 0x0054, 0x0000, 0x0059, 0x0000, 0x0058, 0x0000, 0x0399, 0x0308, 0x0000,
        0x03A5, 0x0308, 0x0000, 0x03B1, 0x0301, 0x0000, 0x03B5, 0x0301, 0x0000, 0x03B7, 0x0301, 0x0000, 0x03B9, 0x0301, 0x0000, 0x03CB,
        0x0301, 0x0000, 0x0138, 0x0000, 0x006F, 0x0000, 0x0070, 0x0000, 0x0078, 0x0000, 0x03B9, 0x0308, 0x0000, 0x03C5, 0x0308, 0x0000,
        0x03BF, 0x0301, 0x0000, 0x03C5, 0x0301, 0x0000, 0x03C9, 0x0301, 0x0000, 0x03B2, 0x0000, 0x03B8, 0x0000, 0x03A5, 0x0000, 0x03D2,
        0x0301, 0x0000, 0x03D2, 0x0308, 0x0000, 0x03C6, 0x0000, 0x03C0, 0x0000, 0x03BA, 0x0000, 0x03C1, 0x0000, 0x03C2, 0x0000, 0x0398,
        0x0000, 0x03B5, 0x0000, 0x03A3, 0x0000, 0x0415, 0x0300, 0x0000, 0x0415, 0x0308, 0x0000, 0x0413, 0x0301, 0x0000, 0x0053, 0x0000,
        0x0049, 0x0000, 0x0406, 0x0308, 0x0000, 0x004A, 0x0000, 0x041A, 0x0301, 0x0000, 0x0418, 0x0300, 0x0000, 0x0423, 0x0306, 0x0000,
        0x0041, 0x0000, 0x0042, 0x0000, 0x0393, 0x0000, 0x0045, 0x0000, 0x0418, 0x0306, 0x0000, 0x004B, 0x0000, 0x004D, 0x0000, 0x0048,
        0x0000, 0x004F, 0x0000, 0x03A0, 0x0000, 0x0050, 0x0000, 0x0043, 0x0000, 0x0054, 0x0000, 0x03A6, 0x0000, 0x0058, 0x0000, 0x0061,
        0x0000, 0x0065, 0x0000, 0x0438, 0x0306, 0x0000, 0x03BA, 0x0000, 0x006F, 0x0000, 0x03C0, 0x0000, 0x0070, 0x0000, 0x0063, 0x0000,
        0x0079, 0x0000, 0x0078, 0x0000, 0x0435, 0x0300, 0x0000, 0x0435, 0x0308, 0x0000, 0x0433, 0x0301, 0x0000, 0x0073, 0x0000, 0x0069,
        0x0000, 0x0456, 0x0308, 0x0000, 0x006A, 0x0000, 0x043A, 0x0301, 0x0000, 0x0438, 0x0300, 0x0000, 0x0443, 0x0306, 0x0000, 0x03A8,
        0x0000, 0x03C8, 0x0000, 0x0474, 0x030F, 0x0000, 0x0475, 0x030F, 0x0000, 0x0059, 0x0000, 0x0049, 0x0000, 0x0416, 0x0306, 0x0000,
        0x0436, 0x0306, 0x0000, 0x0410, 0x0306, 0x0000, 0x0430, 0x0306, 0x0000, 0x0410, 0x0308, 0x0000, 0x0430, 0x0308, 0x0000, 0x00C6,
        0x0000, 0x00E6, 0x0000, 0x0415, 0x0306, 0x0000, 0x0435, 0x0306, 0x0000, 0x04D8, 0x0308, 0x0000, 0x04D9, 0x0308, 0x0000, 0x0416,
        0x0308, 0x0000, 0x0436, 0x0308, 0x0000, 0x0417, 0x0308, 0x0000, 0x0437, 0x0308, 0x0000, 0x01B7, 0x0000, 0x0292, 0x0000, 0x0418,
        0x0304, 0x0000, 0x0438, 0x0304, 0x0000, 0x0418, 0x0308, 0x0000, 0x0438, 0x0308, 0x0000, 0x041E, 0x0308, 0x0000, 0x043E, 0x0308,
        0x0000, 0x0398, 0x0000, 0x03B8, 0x0000, 0x04E8, 0x0308, 0x0000, 0x04E9, 0x0308, 0x0000, 0x042D, 0x0308, 0x0000, 0x044D, 0x0308,
        0x0000, 0x0423, 0x0304, 0x0000, 0x0443, 0x0304, 0x0000, 0x0423, 0x0308, 0x0000, 0x0443, 0x0308, 0x0000, 0x0423, 0x030B, 0x0000,
        0x0443, 0x030B, 0x0000, 0x0427, 0x0308, 0x0000, 0x0447, 0x0308, 0x0000, 0x042B, 0x0308, 0x0000, 0x044B, 0x0308, 0x0000, 0x0053,
        0x0000, 0x004F, 0x0000, 0x0068, 0x0000, 0x006E, 0x0000, 0x0270, 0x0000, 0x0075, 0x0000, 0x0261, 0x0000, 0x0269, 0x0000, 0x0066,
        0x0000, 0x006F, 0x0000, 0x0565, 0x0582, 0x0000, 0x003A, 0x0000, 0x05D5, 0x05D5, 0x0000, 0x05D5, 0x05D9, 0x0000, 0x05D9, 0x05D9,
        0x0000, 0x2018, 0x0000, 0xFE80, 0x0000, 0x0627, 0x0653, 0x0000, 0x0627, 0x0654, 0x0000, 0x0648, 0x0654, 0x0000, 0x0627, 0x0655,
        0x0000, 0x064A, 0x0654, 0x0000, 0xFE8D, 0x0000, 0xFE8F, 0x0000, 0xFE93, 0x0000, 0xFE95, 0x0000, 0xFE99, 0x0000, 0xFE9D, 0x0000,
        0xFEA1, 0x0000, 0xFEA5, 0x0000, 0xFEA9, 0x0000, 0xFEAB, 0x0000, 0xFEAD, 0x0000, 0xFEAF, 0x0000, 0xFEB1, 0x0000, 0xFEB5, 0x0000,
        0xFEB9, 0x0000, 0xFEBD, 0x0000, 0xFEC1, 0x0000, 0xFEC5, 0x0000, 0xFEC9, 0x0000, 0xFECD, 0x0000, 0xFED1, 0x0000, 0xFED5, 0x0000,
        0xFED9, 0x0000, 0xFEDD, 0x0000, 0xFEE1, 0x0000, 0xFEE5, 0x0000, 0xFEE9, 0x0000, 0xFEED, 0x0000, 0xFEEF, 0x0000, 0xFEF1, 0x0000,
        0x0025, 0x0000, 0x002C, 0x0000, 0x22C6, 0x0000, 0xFB50, 0x0000, 0x0627, 0x0674, 0x0000, 0x0648, 0x0674, 0x0000, 0x06C7, 0x0674,
        0x0000, 0x064A, 0x0674, 0x0000, 0xFB66, 0x0000, 0xFB5E, 0x0000, 0xFB52, 0x0000, 0xFB56, 0x0000, 0xFB62, 0x0000, 0xFB5A, 0x0000,
        0xFB76, 0x0000, 0xFB72, 0x0000, 0xFB7A, 0x0000, 0xFB7E, 0x0000, 0xFB88, 0x0000, 0xFB84, 0x0000, 0xFB82, 0x0000, 0xFB86, 0x0000,
        0xFB8C, 0x0000, 0xFB8A, 0x0000, 0xFB6A, 0x0000, 0xFB6E, 0x0000, 0xFB8E, 0x0000, 0xFBD3, 0x0000, 0xFB92, 0x0000, 0xFB9A, 0x0000,
        0xFB96, 0x0000, 0xFB9E, 0x0000, 0xFBA0, 0x0000, 0xFBAA, 0x0000, 0x06D5, 0x0654, 0x0000, 0xFBA6, 0x0000, 0x06C1, 0x0654, 0x0000,
        0xFBE0, 0x0000, 0xFBD9, 0x0000, 0xFBD7, 0x0000, 0xFBDB, 0x0000, 0xFBE2, 0x0000, 0xFBDE, 0x0000, 0xFBFC, 0x0000, 0xFBE4, 0x0000,
        0xFBAE, 0x0000, 0x06D2, 0x0654, 0x0000, 0x00B7, 0x0000, 0x0928, 0x093C, 0x0000, 0x0930, 0x093C, 0x0000, 0x0933, 0x093C, 0x0000,
        0x0915, 0x093C, 0x0000, 0x0916, 0x093C, 0x0000, 0x0917, 0x093C, 0x0000, 0x091C, 0x093C, 0x0000, 0x0921, 0x093C, 0x0000, 0x0922,
        0x093C, 0x0000, 0x092B, 0x093C, 0x0000, 0x092F, 0x093C, 0x0000, 0x09C7, 0x09BE, 0x0000, 0x09C7, 0x09D7, 0x0000, 0x09A1, 0x09BC,
        0x0000, 0x09A2, 0x09BC, 0x0000, 0x09AF, 0x09BC, 0x0000, 0x0A32, 0x0A3C, 0x0000, 0x0A38, 0x0A3C, 0x0000, 0x0A16, 0x0A3C, 0x0000,
        0x0A17, 0x0A3C, 0x0000, 0x0A1C, 0x0A3C, 0x0000, 0x0A2B, 0x0A3C, 0x0000, 0x0B47, 0x0B56, 0x0000, 0x0B47, 0x0B3E, 0x0000, 0x0B47,
        0x0B57, 0x0000, 0x0B21, 0x0B3C, 0x0000, 0x0B22, 0x0B3C, 0x0000, 0x0B92, 0x0BD7, 0x0000, 0x0BC6, 0x0BBE, 0x0000, 0x0BC7, 0x0BBE,
        0x0000, 0x0BC6, 0x0BD7, 0x0000, 0x0C46, 0x0C56, 0x0000, 0x0CBF, 0x0CD5, 0x0000, 0x0CC6, 0x0CD5, 0x0000, 0x0CC6, 0x0CD6, 0x0000,
        0x0CC6, 0x0CC2, 0x0000, 0x0CCA, 0x0CD5, 0x0000, 0x0D46, 0x0D3E, 0x0000, 0x0D47, 0x0D3E, 0x0000, 0x0D46, 0x0D57, 0x0000, 0x0DD9,
        0x0DCA, 0x0000, 0x0DD9, 0x0DCF, 0x0000, 0x0DDC, 0x0DCA, 0x0000, 0x0DD9, 0x0DDF, 0x0000, 0x0E4D, 0x0E32, 0x0000, 0x0ECD, 0x0EB2,
        0x0000, 0x0EAB, 0x0E99, 0x0000, 0x0EAB, 0x0EA1, 0x0000, 0x0F0B, 0x0000, 0x0F42, 0x0FB7, 0x0000, 0x0F4C, 0x0FB7, 0x0000, 0x0F51,
        0x0FB7, 0x0000, 0x0F56, 0x0FB7, 0x0000, 0x0F5B, 0x0FB7, 0x0000, 0x0F40, 0x0FB5, 0x0000, 0x0F71, 0x0F72, 0x0000, 0x0F71, 0x0F74,
        0x0000, 0x0FB2, 0x0F80, 0x0000, 0x0FB2, 0x0F81, 0x0000, 0x0FB3, 0x0F80, 0x0000, 0x0FB3, 0x0F81, 0x0000, 0x0F71, 0x0F80, 0x0000,
        0x0F92, 0x0FB7, 0x0000, 0x0F9C, 0x0FB7, 0x0000, 0x0FA1, 0x0FB7, 0x0000, 0x0FA6, 0x0FB7, 0x0000, 0x0FAB, 0x0FB7, 0x0000, 0x0F90,
        0x0FB5, 0x0000, 0x1025, 0x102E, 0x0000, 0x10DC, 0x0000, 0x1100, 0x1100, 0x0000, 0x1103, 0x1103, 0x0000, 0x1107, 0x1107, 0x0000,
        0x1109, 0x1109, 0x0000, 0x110C, 0x110C, 0x0000, 0x1102, 0x1100, 0x0000, 0x1102, 0x1102, 0x0000, 0x1102, 0x1103, 0x0000, 0x1102,
        0x1107, 0x0000, 0x1103, 0x1100, 0x0000, 0x1105, 0x1102, 0x0000, 0x1105, 0x1105, 0x0000, 0x1105, 0x1112, 0x0000, 0x1105, 0x110B,
        0x0000, 0x1106, 0x1107, 0x0000, 0x1106, 0x110B, 0x0000, 0x1107, 0x1100, 0x0000, 0x1107, 0x1102, 0x0000, 0x1107, 0x1103, 0x0000,
        0x1107, 0x1109, 0x0000, 0x1107, 0x1109, 0x1100, 0x0000, 0x1107, 0x1109, 0x1103, 0x0000, 0x1107, 0x1109, 0x1107, 0x0000, 0x1107,
        0x1109, 0x1109, 0x0000, 0x1107, 0x1109, 0x110C, 0x0000, 0x1107, 0x110C, 0x0000, 0x1107, 0x110E, 0x0000, 0x1107, 0x1110, 0x0000,
        0x1107, 0x1111, 0x0000, 0x1107, 0x110B, 0x0000, 0x1107, 0x1107, 0x110B, 0x0000, 0x1109, 0x1100, 0x0000, 0x1109, 0x1102, 0x0000,
        0x1109, 0x1103, 0x0000, 0x1109, 0x1105, 0x0000, 0x1109, 0x1106, 0x0000, 0x1109, 0x1107, 0x0000, 0x1109, 0x1107, 0x1100, 0x0000,
        0x1109, 0x1109, 0x1109, 0x0000, 0x1109, 0x110B, 0x0000, 0x1109, 0x110C, 0x0000, 0x1109, 0x110E, 0x0000, 0x1109, 0x110F, 0x0000,
        0x1109, 0x1110, 0x0000, 0x1109, 0x1111, 0x0000, 0x1109, 0x1112, 0x0000, 0x113C, 0x113C, 0x0000, 0x113E, 0x113E, 0x0000, 0x110B,
        0x1100, 0x0000, 0x110B, 0x1103, 0x0000, 0x110B, 0x1106, 0x0000, 0x110B, 0x1107, 0x0000, 0x110B, 0x1109, 0x0000, 0x110B, 0x1140,
        0x0000, 0x110B, 0x110B, 0x0000, 0x110B, 0x110C, 0x0000, 0x110B, 0x110E, 0x0000, 0x110B, 0x1110, 0x0000, 0x110B, 0x1111, 0x0000,
        0x110C, 0x110B, 0x0000, 0x114E, 0x114E, 0x0000, 0x1150, 0x1150, 0x0000, 0x110E, 0x110F, 0x0000, 0x110E, 0x1112, 0x0000, 0x1111,
        0x1107, 0x0000, 0x1111, 0x110B, 0x0000, 0x1112, 0x1112, 0x0000, 0x1161, 0x1175, 0x0000, 0x1163, 0x1175, 0x0000, 0x1165, 0x1175,
        0x0000, 0x1167, 0x1175, 0x0000, 0x1169, 0x1161, 0x0000, 0x1169, 0x1162, 0x0000, 0x1169, 0x1175, 0x0000, 0x116E, 0x1165, 0x0000,
        0x116E, 0x1166, 0x0000, 0x116E, 0x1175, 0x0000, 0x1173, 0x1175, 0x0000, 0x1161, 0x1169, 0x0000, 0x1161, 0x116E, 0x0000, 0x1163,
        0x1169, 0x0000, 0x1163, 0x116D, 0x0000, 0x1165, 0x1169, 0x0000, 0x1165, 0x116E, 0x0000, 0x1165, 0x1173, 0x0000, 0x1167, 0x1169,
        0x0000, 0x1167, 0x116E, 0x0000, 0x1169, 0x1165, 0x0000, 0x1169, 0x1166, 0x0000, 0x1169, 0x1168, 0x0000, 0x1169, 0x1169, 0x0000,
        0x1169, 0x116E, 0x0000, 0x116D, 0x1163, 0x0000, 0x116D, 0x1164, 0x0000, 0x116D, 0x1167, 0x0000, 0x116D, 0x1169, 0x0000, 0x116D,
        0x1175, 0x0000, 0x116E, 0x1161, 0x0000, 0x116E, 0x1162, 0x0000, 0x116E, 0x1165, 0x1173, 0x0000, 0x116E, 0x1168, 0x0000, 0x116E,
        0x116E, 0x0000, 0x1172, 0x1161, 0x0000, 0x1172, 0x1165, 0x0000, 0x1172, 0x1166, 0x0000, 0x1172, 0x1167, 0x0000, 0x1172, 0x1168,
        0x0000, 0x1172, 0x116E, 0x0000, 0x1172, 0x1175, 0x0000, 0x1173, 0x116E, 0x0000, 0x1173, 0x1173, 0x0000, 0x1174, 0x116E, 0x0000,
        0x1175, 0x1161, 0x0000, 0x1175, 0x1163, 0x0000, 0x1175, 0x1169, 0x0000, 0x1175, 0x116E, 0x0000, 0x1175, 0x1173, 0x0000, 0x1175,
        0x119E, 0x0000, 0x119E, 0x1165, 0x0000, 0x119E, 0x116E, 0x0000, 0x119E, 0x1175, 0x0000, 0x119E, 0x119E, 0x0000, 0x1100, 0x0000,
        0x11A8, 0x11A8, 0x0000, 0x11A8, 0x11BA, 0x0000, 0x1102, 0x0000, 0x11AB, 0x11BD, 0x0000, 0x11AB, 0x11C2, 0x0000, 0x1103, 0x0000,
        0x1105, 0x0000, 0x11AF, 0x11A8, 0x0000, 0x11AF, 0x11B7, 0x0000, 0x11AF, 0x11B8, 0x0000, 0x11AF, 0x11BA, 0x0000, 0x11AF, 0x11C0,
        0x0000, 0x11AF, 0x11C1, 0x0000, 0x11AF, 0x11C2, 0x0000, 0x1106, 0x0000, 0x1107, 0x0000, 0x11B8, 0x11BA, 0x0000, 0x1109, 0x0000,
        0x11BA, 0x11BA, 0x0000, 0x110B, 0x0000, 0x110C, 0x0000, 0x110E, 0x0000, 0x110F, 0x0000, 0x1110, 0x0000, 0x1111, 0x0000, 0x1112,
        0x0000, 0x11A8, 0x11AF, 0x0000, 0x11A8, 0x11BA, 0x11A8, 0x0000, 0x11AB, 0x11A8, 0x0000, 0x11AB, 0x11AE, 0x0000, 0x11AB, 0x11BA,
        0x0000, 0x11AB, 0x11EB, 0x0000, 0x11AB, 0x11C0, 0x0000, 0x11AE, 0x11A8, 0x0000, 0x11AE, 0x11AF, 0x0000, 0x11AF, 0x11A8, 0x11BA,
        0x0000, 0x11AF, 0x11AB, 0x0000, 0x11AF, 0x11AE, 0x0000, 0x11AF, 0x11AE, 0x11C2, 0x0000, 0x11AF, 0x11AF, 0x0000, 0x11AF, 0x11B7,
        0x11A8, 0x0000, 0x11AF, 0x11B7, 0x11BA, 0x0000, 0x11AF, 0x11B8, 0x11BA, 0x0000, 0x11AF, 0x11B8, 0x11C2, 0x0000, 0x11AF, 0x11E6,
        0x0000, 0x11AF, 0x11BA, 0x11BA, 0x0000, 0x11AF, 0x11EB, 0x0000, 0x11AF, 0x11BF, 0x0000, 0x11AF, 0x11F9, 0x0000, 0x11B7, 0x11A8,
        0x0000, 0x11B7, 0x11AF, 0x0000, 0x11B7, 0x11B8, 0x0000, 0x11B7, 0x11BA, 0x0000, 0x11B7, 0x11BA, 0x11BA, 0x0000, 0x11B7, 0x11EB,
        0x0000, 0x11B7, 0x11BE, 0x0000, 0x11B7, 0x11C2, 0x0000, 0x11B7, 0x11BC, 0x0000, 0x11B8, 0x11AF, 0x0000, 0x11B8, 0x11C1, 0x0000,
        0x11B8, 0x11C2, 0x0000, 0x11B8, 0x11BC, 0x0000, 0x11BA, 0x11A8, 0x0000, 0x11BA, 0x11AE, 0x0000, 0x11BA, 0x11AF, 0x0000, 0x11BA,
        0x11B8, 0x0000, 0x1140, 0x0000, 0x11BC, 0x11A8, 0x0000, 0x11BC, 0x11A8, 0x11A8, 0x0000, 0x11BC, 0x11BC, 0x0000, 0x11BC, 0x11BF,
        0x0000, 0x114C, 0x0000, 0x11F0, 0x11BA, 0x0000, 0x11F0, 0x11EB, 0x0000, 0x11C1, 0x11B8, 0x0000, 0x11C1, 0x11BC, 0x0000, 0x11C2,
        0x11AB, 0x0000, 0x11C2, 0x11AF, 0x0000, 0x11C2, 0x11B7, 0x0000, 0x11C2, 0x11B8, 0x0000, 0x1159, 0x0000, 0x0044, 0x0000, 0x0052,
        0x0000, 0x0054, 0x0000, 0x0423, 0x0000, 0x0041, 0x0000, 0x004A, 0x0000, 0x0045, 0x0000, 0x0393, 0x0000, 0x0057, 0x0000, 0x004D,
        0x0000, 0x0048, 0x0000, 0x0398, 0x0000, 0x0047, 0x0000, 0x0068, 0x0000, 0x005A, 0x0000, 0x042C, 0x0000, 0x0056, 0x0000, 0x0053,
        0x0000, 0x004C, 0x0000, 0x0043, 0x0000, 0x0050, 0x0000, 0x004B, 0x0000, 0x0042, 0x0000, 0x1B05, 0x1B35, 0x0000, 0x1B07, 0x1B35,
        0x0000, 0x1B09, 0x1B35, 0x0000, 0x1B0B, 0x1B35, 0x0000, 0x1B0D, 0x1B35, 0x0000, 0x1B11, 0x1B35, 0x0000, 0x1B3A, 0x1B35, 0x0000,
        0x1B3C, 0x1B35, 0x0000, 0x1B3E, 0x1B35, 0x0000, 0x1B3F, 0x1B35, 0x0000, 0x1B42, 0x1B35, 0x0000, 0x0041, 0x0000, 0x00C6, 0x0000,
        0x0042, 0x0000, 0x0044, 0x0000, 0x0045, 0x0000, 0x018E, 0x0000, 0x0047, 0x0000, 0x0048, 0x0000, 0x0049, 0x0000, 0x004A, 0x0000,
        0x004B, 0x0000, 0x004C, 0x0000, 0x004D, 0x0000, 0x004E, 0x0000, 0x004F, 0x0000, 0x0222, 0x0000, 0x0050, 0x0000, 0x0052, 0x0000,
        0x0054, 0x0000, 0x0055, 0x0000, 0x0057, 0x0000, 0x0061, 0x0000, 0x0250, 0x0000, 0x0251, 0x0000, 0x1D02, 0x0000, 0x0062, 0x0000,
        0x0064, 0x0000, 0x0065, 0x0000, 0x0259, 0x0000, 0x025B, 0x0000, 0x025C, 0x0000, 0x0067, 0x0000, 0x006B, 0x0000, 0x006D, 0x0000,
        0x014B, 0x0000, 0x006F, 0x0000, 0x0254, 0x0000, 0x1D16, 0x0000, 0x1D17, 0x0000, 0x0070, 0x0000, 0x0074, 0x0000, 0x0075, 0x0000,
        0x1D1D, 0x0000, 0x026F, 0x0000, 0x0076, 0x0000, 0x1D25, 0x0000, 0x03B2, 0x0000, 0x03B3, 0x0000, 0x03B4, 0x0000, 0x03C6, 0x0000,
        0x03C7, 0x0000, 0x0069, 0x0000, 0x0072, 0x0000, 0x0075, 0x0000, 0x0076, 0x0000, 0x03B2, 0x0000, 0x03B3, 0x0000, 0x03C1, 0x0000,
        0x03C6, 0x0000, 0x03C7, 0x0000, 0x043D, 0x0000, 0x0252, 0x0000, 0x0063, 0x0000, 0x0255, 0x0000, 0x00F0, 0x0000, 0x025C, 0x0000,
        0x0066, 0x0000, 0x025F, 0x0000, 0x0261, 0x0000, 0x0265, 0x0000, 0x0268, 0x0000, 0x0269, 0x0000, 0x026A, 0x0000, 0x1D7B, 0x0000,
        0x029D, 0x0000, 0x026D, 0x0000, 0x1D85, 0x0000, 0x029F, 0x0000, 0x0271, 0x0000, 0x0270, 0x0000, 0x0272, 0x0000, 0x0273, 0x0000,
        0x0274, 0x0000, 0x0275, 0x0000, 0x0278, 0x0000, 0x0282, 0x0000, 0x0283, 0x0000, 0x01AB, 0x0000, 0x0289, 0x0000, 0x028A, 0x0000,
        0x1D1C, 0x0000, 0x028B, 0x0000, 0x028C, 0x0000, 0x007A, 0x0000, 0x0290, 0x0000, 0x0291, 0x0000, 0x0292, 0x0000, 0x03B8, 0x0000,
        0x0041, 0x0325, 0x0000, 0x0061, 0x0325, 0x0000, 0x0042, 0x0307, 0x0000, 0x0062, 0x0307, 0x0000, 0x0042, 0x0323, 0x0000, 0x0062,
        0x0323, 0x0000, 0x0042, 0x0331, 0x0000, 0x0062, 0x0331, 0x0000, 0x00C7, 0x0301, 0x0000, 0x00E7, 0x0301, 0x0000, 0x0044, 0x0307,
        0x0000, 0x0064, 0x0307, 0x0000, 0x0044, 0x0323, 0x0000, 0x0064, 0x0323, 0x0000, 0x0044, 0x0331, 0x0000, 0x0064, 0x0331, 0x0000,
        0x0044, 0x0327, 0x0000, 0x0064, 0x0327, 0x0000, 0x0044, 0x032D, 0x0000, 0x0064, 0x032D, 0x0000, 0x0112, 0x0300, 0x0000, 0x0113,
        0x0300, 0x0000, 0x0112, 0x0301, 0x0000, 0x0113, 0x0301, 0x0000, 0x0045, 0x032D, 0x0000, 0x0065, 0x032D, 0x0000, 0x0045, 0x0330,
        0x0000, 0x0065, 0x0330, 0x0000, 0x0228, 0x0306, 0x0000, 0x0229, 0x0306, 0x0000, 0x0046, 0x0307, 0x0000, 0x0066, 0x0307, 0x0000,
        0x0047, 0x0304, 0x0000, 0x0067, 0x0304, 0x0000, 0x0048, 0x0307, 0x0000, 0x0068, 0x0307, 0x0000, 0x0048, 0x0323, 0x0000, 0x0068,
        0x0323, 0x0000, 0x0048, 0x0308, 0x0000, 0x0068, 0x0308, 0x0000, 0x0048, 0x0327, 0x0000, 0x0068, 0x0327, 0x0000, 0x0048, 0x032E,
        0x0000, 0x0068, 0x032E, 0x0000, 0x0049, 0x0330, 0x0000, 0x0069, 0x0330, 0x0000, 0x00CF, 0x0301, 0x0000, 0x00EF, 0x0301, 0x0000,
        0x004B, 0x0301, 0x0000, 0x006B, 0x0301, 0x0000, 0x004B, 0x0323, 0x0000, 0x006B, 0x0323, 0x0000, 0x004B, 0x0331, 0x0000, 0x006B,
        0x0331, 0x0000, 0x004C, 0x0323, 0x0000, 0x006C, 0x0323, 0x0000, 0x1E36, 0x0304, 0x0000, 0x1E37, 0x0304, 0x0000, 0x004C, 0x0331,
        0x0000, 0x006C, 0x0331, 0x0000, 0x004C, 0x032D, 0x0000, 0x006C, 0x032D, 0x0000, 0x004D, 0x0301, 0x0000, 0x006D, 0x0301, 0x0000,
        0x004D, 0x0307, 0x0000, 0x006D, 0x0307, 0x0000, 0x004D, 0x0323, 0x0000, 0x006D, 0x0323, 0x0000, 0x004E, 0x0307, 0x0000, 0x006E,
        0x0307, 0x0000, 0x004E, 0x0323, 0x0000, 0x006E, 0x0323, 0x0000, 0x004E, 0x0331, 0x0000, 0x006E, 0x0331, 0x0000, 0x004E, 0x032D,
        0x0000, 0x006E, 0x032D, 0x0000, 0x00D5, 0x0301, 0x0000, 0x00F5, 0x0301, 0x0000, 0x00D5, 0x0308, 0x0000, 0x00F5, 0x0308, 0x0000,
        0x014C, 0x0300, 0x0000, 0x014D, 0x0300, 0x0000, 0x014C, 0x0301, 0x0000, 0x014D, 0x0301, 0x0000, 0x0050, 0x0301, 0x0000, 0x0070,
        0x0301, 0x0000, 0x0050, 0x0307, 0x0000, 0x0070, 0x0307, 0x0000, 0x0052, 0x0307, 0x0000, 0x0072, 0x0307, 0x0000, 0x0052, 0x0323,
        0x0000, 0x0072, 0x0323, 0x0000, 0x1E5A, 0x0304, 0x0000, 0x1E5B, 0x0304, 0x0000, 0x0052, 0x0331, 0x0000, 0x0072, 0x0331, 0x0000,
        0x0053, 0x0307, 0x0000, 0x0073, 0x0307, 0x0000, 0x0053, 0x0323, 0x0000, 0x0073, 0x0323, 0x0000, 0x015A, 0x0307, 0x0000, 0x015B,
        0x0307, 0x0000, 0x0160, 0x0307, 0x0000, 0x0161, 0x0307, 0x0000, 0x1E62, 0x0307, 0x0000, 0x1E63, 0x0307, 0x0000, 0x0054, 0x0307,
        0x0000, 0x0074, 0x0307, 0x0000, 0x0054, 0x0323, 0x0000, 0x0074, 0x0323, 0x0000, 0x0054, 0x0331, 0x0000, 0x0074, 0x0331, 0x0000,
        0x0054, 0x032D, 0x0000, 0x0074, 0x032D, 0x0000, 0x0055, 0x0324, 0x0000, 0x0075, 0x0324, 0x0000, 0x0055, 0x0330, 0x0000, 0x0075,
        0x0330, 0x0000, 0x0055, 0x032D, 0x0000, 0x0075, 0x032D, 0x0000, 0x0168, 0x0301, 0x0000, 0x0169, 0x0301, 0x0000, 0x016A, 0x0308,
        0x0000, 0x016B, 0x0308, 0x0000, 0x0056, 0x0303, 0x0000, 0x0076, 0x0303, 0x0000, 0x0056, 0x0323, 0x0000, 0x0076, 0x0323, 0x0000,
        0x0057, 0x0300, 0x0000, 0x0077, 0x0300, 0x0000, 0x0057, 0x0301, 0x0000, 0x0077, 0x0301, 0x0000, 0x0057, 0x0308, 0x0000, 0x0077,
        0x0308, 0x0000, 0x0057, 0x0307, 0x0000, 0x0077, 0x0307, 0x0000, 0x0057, 0x0323, 0x0000, 0x0077, 0x0323, 0x0000, 0x0058, 0x0307,
        0x0000, 0x0078, 0x0307, 0x0000, 0x0058, 0x0308, 0x0000, 0x0078, 0x0308, 0x0000, 0x0059, 0x0307, 0x0000, 0x0079, 0x0307, 0x0000,
        0x005A, 0x0302, 0x0000, 0x007A, 0x0302, 0x0000, 0x005A, 0x0323, 0x0000, 0x007A, 0x0323, 0x0000, 0x005A, 0x0331, 0x0000, 0x007A,
        0x0331, 0x0000, 0x0068, 0x0331, 0x0000, 0x0074, 0x0308, 0x0000, 0x0077, 0x030A, 0x0000, 0x0079, 0x030A, 0x0000, 0x0061, 0x02BE,
        0x0000, 0x017F, 0x0307, 0x0000, 0x0041, 0x0323, 0x0000, 0x0061, 0x0323, 0x0000, 0x0041, 0x0309, 0x0000, 0x0061, 0x0309, 0x0000,
        0x00C2, 0x0301, 0x0000, 0x00E2, 0x0301, 0x0000, 0x00C2, 0x0300, 0x0000, 0x00E2, 0x0300, 0x0000, 0x00C2, 0x0309, 0x0000, 0x00E2,
        0x0309, 0x0000, 0x00C2, 0x0303, 0x0000, 0x00E2, 0x0303, 0x0000, 0x1EA0, 0x0302, 0x0000, 0x1EA1, 0x0302, 0x0000, 0x0102, 0x0301,
        0x0000, 0x0103, 0x0301, 0x0000, 0x0102, 0x0300, 0x0000, 0x0103, 0x0300, 0x0000, 0x0102, 0x0309, 0x0000, 0x0103, 0x0309, 0x0000,
        0x0102, 0x0303, 0x0000, 0x0103, 0x0303, 0x0000, 0x1EA0, 0x0306, 0x0000, 0x1EA1, 0x0306, 0x0000, 0x0045, 0x0323, 0x0000, 0x0065,
        0x0323, 0x0000, 0x0045, 0x0309, 0x0000, 0x0065, 0x0309, 0x0000, 0x0045, 0x0303, 0x0000, 0x0065, 0x0303, 0x0000, 0x00CA, 0x0301,
        0x0000, 0x00EA, 0x0301, 0x0000, 0x00CA, 0x0300, 0x0000, 0x00EA, 0x0300, 0x0000, 0x00CA, 0x0309, 0x0000, 0x00EA, 0x0309, 0x0000,
        0x00CA, 0x0303, 0x0000, 0x00EA, 0x0303, 0x0000, 0x1EB8, 0x0302, 0x0000, 0x1EB9, 0x0302, 0x0000, 0x0049, 0x0309, 0x0000, 0x0069,
        0x0309, 0x0000, 0x0049, 0x0323, 0x0000, 0x0069, 0x0323, 0x0000, 0x004F, 0x0323, 0x0000, 0x006F, 0x0323, 0x0000, 0x004F, 0x0309,
        0x0000, 0x006F, 0x0309, 0x0000, 0x00D4, 0x0301, 0x0000, 0x00F4, 0x0301, 0x0000, 0x00D4, 0x0300, 0x0000, 0x00F4, 0x0300, 0x0000,
        0x00D4, 0x0309, 0x0000, 0x00F4, 0x0309, 0x0000, 0x00D4, 0x0303, 0x0000, 0x00F4, 0x0303, 0x0000, 0x1ECC, 0x0302, 0x0000, 0x1ECD,
        0x0302, 0x0000, 0x01A0, 0x0301, 0x0000, 0x01A1, 0x0301, 0x0000, 0x01A0, 0x0300, 0x0000, 0x01A1, 0x0300, 0x0000, 0x01A0, 0x0309,
        0x0000, 0x01A1, 0x0309, 0x0000, 0x01A0, 0x0303, 0x0000, 0x01A1, 0x0303, 0x0000, 0x01A0, 0x0323, 0x0000, 0x01A1, 0x0323, 0x0000,
        0x0055, 0x0323, 0x0000, 0x0075, 0x0323, 0x0000, 0x0055, 0x0309, 0x0000, 0x0075, 0x0309, 0x0000, 0x01AF, 0x0301, 0x0000, 0x01B0,
        0x0301, 0x0000, 0x01AF, 0x0300, 0x0000, 0x01B0, 0x0300, 0x0000, 0x01AF, 0x0309, 0x0000, 0x01B0, 0x0309, 0x0000, 0x01AF, 0x0303,
        0x0000, 0x01B0, 0x0303, 0x0000, 0x01AF, 0x0323, 0x0000, 0x01B0, 0x0323, 0x0000, 0x0059, 0x0300, 0x0000, 0x0079, 0x0300, 0x0000,
        0x0059, 0x0323, 0x0000, 0x0079, 0x0323, 0x0000, 0x0059, 0x0309, 0x0000, 0x0079, 0x0309, 0x0000, 0x0059, 0x0303, 0x0000, 0x0079,
        0x0303, 0x0000, 0x03B1, 0x0313, 0x0000, 0x03B1, 0x0314, 0x0000, 0x1F00, 0x0300, 0x0000, 0x1F01, 0x0300, 0x0000, 0x1F00, 0x0301,
        0x0000, 0x1F01, 0x0301, 0x0000, 0x1F00, 0x0342, 0x0000, 0x1F01, 0x0342, 0x0000, 0x0391, 0x0313, 0x0000, 0x0391, 0x0314, 0x0000,
        0x1F08, 0x0300, 0x0000, 0x1F09, 0x0300, 0x0000, 0x1F08, 0x0301, 0x0000, 0x1F09, 0x0301, 0x0000, 0x1F08, 0x0342, 0x0000, 0x1F09,
        0x0342, 0x0000, 0x03B5, 0x0313, 0x0000, 0x03B5, 0x0314, 0x0000, 0x1F10, 0x0300, 0x0000, 0x1F11, 0x0300, 0x0000, 0x1F10, 0x0301,
        0x0000, 0x1F11, 0x0301, 0x0000, 0x0395, 0x0313, 0x0000, 0x0395, 0x0314, 0x0000, 0x1F18, 0x0300, 0x0000, 0x1F19, 0x0300, 0x0000,
        0x1F18, 0x0301, 0x0000, 0x1F19, 0x0301, 0x0000, 0x03B7, 0x0313, 0x0000, 0x03B7, 0x0314, 0x0000, 0x1F20, 0x0300, 0x0000, 0x1F21,
        0x0300, 0x0000, 0x1F20, 0x0301, 0x0000, 0x1F21, 0x0301, 0x0000, 0x1F20, 0x0342, 0x0000, 0x1F21, 0x0342, 0x0000, 0x0397, 0x0313,
        0x0000, 0x0397, 0x0314, 0x0000, 0x1F28, 0x0300, 0x0000, 0x1F29, 0x0300, 0x0000, 0x1F28, 0x0301, 0x0000, 0x1F29, 0x0301, 0x0000,
        0x1F28, 0x0342, 0x0000, 0x1F29, 0x0342, 0x0000, 0x03B9, 0x0313, 0x0000, 0x03B9, 0x0314, 0x0000, 0x1F30, 0x0300, 0x0000, 0x1F31,
        0x0300, 0x0000, 0x1F30, 0x0301, 0x0000, 0x1F31, 0x0301, 0x0000, 0x1F30, 0x0342, 0x0000, 0x1F31, 0x0342, 0x0000, 0x0399, 0x0313,
        0x0000, 0x0399, 0x0314, 0x0000, 0x1F38, 0x0300, 0x0000, 0x1F39, 0x0300, 0x0000, 0x1F38, 0x0301, 0x0000, 0x1F39, 0x0301, 0x0000,
        0x1F38, 0x0342, 0x0000, 0x1F39, 0x0342, 0x0000, 0x03BF, 0x0313, 0x0000, 0x03BF, 0x0314, 0x0000, 0x1F40, 0x0300, 0x0000, 0x1F41,
        0x0300, 0x0000, 0x1F40, 0x0301, 0x0000, 0x1F41, 0x0301, 0x0000, 0x039F, 0x0313, 0x0000, 0x039F, 0x0314, 0x0000, 0x1F48, 0x0300,
        0x0000, 0x1F49, 0x0300, 0x0000, 0x1F48, 0x0301, 0x0000, 0x1F49, 0x0301, 0x0000, 0x03C5, 0x0313, 0x0000, 0x03C5, 0x0314, 0x0000,
        0x1F50, 0x0300, 0x0000, 0x1F51, 0x0300, 0x0000, 0x1F50, 0x0301, 0x0000, 0x1F51, 0x0301, 0x0000, 0x1F50, 0x0342, 0x0000, 0x1F51,
        0x0342, 0x0000, 0x03A5, 0x0314, 0x0000, 0x1F59, 0x0300, 0x0000, 0x1F59, 0x0301, 0x0000, 0x1F59, 0x0342, 0x0000, 0x03C9, 0x0313,
        0x0000, 0x03C9, 0x0314, 0x0000, 0x1F60, 0x0300, 0x0000, 0x1F61, 0x0300, 0x0000, 0x1F60, 0x0301, 0x0000, 0x1F61, 0x0301, 0x0000,
        0x1F60, 0x0342, 0x0000, 0x1F61, 0x0342, 0x0000, 0x03A9, 0x0313, 0x0000, 0x03A9, 0x0314, 0x0000, 0x1F68, 0x0300, 0x0000, 0x1F69,
        0x0300, 0x0000, 0x1F68, 0x0301, 0x0000, 0x1F69, 0x0301, 0x0000, 0x1F68, 0x0342, 0x0000, 0x1F69, 0x0342, 0x0000, 0x03B1, 0x0300,
        0x0000, 0x03AC, 0x0000, 0x03B5, 0x0300, 0x0000, 0x03AD, 0x0000, 0x03B7, 0x0300, 0x0000, 0x03AE, 0x0000, 0x03B9, 0x0300, 0x0000,
        0x03AF, 0x0000, 0x03BF, 0x0300, 0x0000, 0x03CC, 0x0000, 0x03C5, 0x0300, 0x0000, 0x03CD, 0x0000, 0x03C9, 0x0300, 0x0000, 0x03CE,
        0x0000, 0x1F00, 0x0345, 0x0000, 0x1F01, 0x0345, 0x0000, 0x1F02, 0x0345, 0x0000, 0x1F03, 0x0345, 0x0000, 0x1F04, 0x0345, 0x0000,
        0x1F05, 0x0345, 0x0000, 0x1F06, 0x0345, 0x0000, 0x1F07, 0x0345, 0x0000, 0x1F08, 0x0345, 0x0000, 0x1F09, 0x0345, 0x0000, 0x1F0A,
        0x0345, 0x0000, 0x1F0B, 0x0345, 0x0000, 0x1F0C, 0x0345, 0x0000, 0x1F0D, 0x0345, 0x0000, 0x1F0E, 0x0345, 0x0000, 0x1F0F, 0x0345,
        0x0000, 0x1F20, 0x0345, 0x0000, 0x1F21, 0x0345, 0x0000, 0x1F22, 0x0345, 0x0000, 0x1F23, 0x0345, 0x0000, 0x1F24, 0x0345, 0x0000,
        0x1F25, 0x0345, 0x0000, 0x1F26, 0x0345, 0x0000, 0x1F27, 0x0345, 0x0000, 0x1F28, 0x0345, 0x0000, 0x1F29, 0x0345, 0x0000, 0x1F2A,
        0x0345, 0x0000, 0x1F2B, 0x0345, 0x0000, 0x1F2C, 0x0345, 0x0000, 0x1F2D, 0x0345, 0x0000, 0x1F2E, 0x0345, 0x0000, 0x1F2F, 0x0345,
        0x0000, 0x1F60, 0x0345, 0x0000, 0x1F61, 0x0345, 0x0000, 0x1F62, 0x0345, 0x0000, 0x1F63, 0x0345, 0x0000, 0x1F64, 0x0345, 0x0000,
        0x1F65, 0x0345, 0x0000, 0x1F66, 0x0345, 0x0000, 0x1F67, 0x0345, 0x0000, 0x1F68, 0x0345, 0x0000, 0x1F69, 0x0345, 0x0000, 0x1F6A,
        0x0345, 0x0000, 0x1F6B, 0x0345, 0x0000, 0x1F6C, 0x0345, 0x0000, 0x1F6D, 0x0345, 0x0000, 0x1F6E, 0x0345, 0x0000, 0x1F6F, 0x0345,
        0x0000, 0x03B1, 0x0306, 0x0000, 0x03B1, 0x0304, 0x0000, 0x1F70, 0x0345, 0x0000, 0x03B1, 0x0345, 0x0000, 0x03AC, 0x0345, 0x0000,
        0x03B1, 0x0342, 0x0000, 0x1FB6, 0x0345, 0x0000, 0x0391, 0x0306, 0x0000, 0x0391, 0x0304, 0x0000, 0x0391, 0x0300, 0x0000, 0x0386,
        0x0000, 0x0391, 0x0345, 0x0000, 0x0020, 0x0313, 0x0000, 0x03B9, 0x0000, 0x0020, 0x0313, 0x0000, 0x0020, 0x0342, 0x0000, 0x00A8,
        0x0342, 0x0000, 0x1F74, 0x0345, 0x0000, 0x03B7, 0x0345, 0x0000, 0x03AE, 0x0345, 0x0000, 0x03B7, 0x0342, 0x0000, 0x1FC6, 0x0345,
        0x0000, 0x0395, 0x0300, 0x0000, 0x0388, 0x0000, 0x0397, 0x0300, 0x0000, 0x0389, 0x0000, 0x0397, 0x0345, 0x0000, 0x1FBF, 0x0300,
        0x0000, 0x1FBF, 0x0301, 0x0000, 0x1FBF, 0x0342, 0x0000, 0x03B9, 0x0306, 0x0000, 0x03B9, 0x0304, 0x0000, 0x03CA, 0x0300, 0x0000,
        0x0390, 0x0000, 0x03B9, 0x0342, 0x0000, 0x03CA, 0x0342, 0x0000, 0x0399, 0x0306, 0x0000, 0x0399, 0x0304, 0x0000, 0x0399, 0x0300,
        0x0000, 0x038A, 0x0000, 0x1FFE, 0x0300, 0x0000, 0x1FFE, 0x0301, 0x0000, 0x1FFE, 0x0342, 0x0000, 0x03C5, 0x0306, 0x0000, 0x03C5,
        0x0304, 0x0000, 0x03CB, 0x0300, 0x0000, 0x03B0, 0x0000, 0x03C1, 0x0313, 0x0000, 0x03C1, 0x0314, 0x0000, 0x03C5, 0x0342, 0x0000,
        0x03CB, 0x0342, 0x0000, 0x03A5, 0x0306, 0x0000, 0x03A5, 0x0304, 0x0000, 0x03A5, 0x0300, 0x0000, 0x038E, 0x0000, 0x03A1, 0x0314,
        0x0000, 0x00A8, 0x0300, 0x0000, 0x0385, 0x0000, 0x0060, 0x0000, 0x1F7C, 0x0345, 0x0000, 0x03C9, 0x0345, 0x0000, 0x03CE, 0x0345,
        0x0000, 0x03C9, 0x0342, 0x0000, 0x1FF6, 0x0345, 0x0000, 0x039F, 0x0300, 0x0000, 0x038C, 0x0000, 0x03A9, 0x0300, 0x0000, 0x038F,
        0x0000, 0x03A9, 0x0345, 0x0000, 0x00B4, 0x0000, 0x0020, 0x0314, 0x0000, 0x2002, 0x0000, 0x2003, 0x0000, 0x0020, 0x0000, 0x0020,
        0x0000, 0x0020, 0x0000, 0x0020, 0x0000, 0x0020, 0x0000, 0x0020, 0x0000, 0x0020, 0x0000, 0x0020, 0x0000, 0x0020, 0x0000, 0x002D,
        0x0000, 0x2010, 0x0000, 0x002D, 0x0000, 0x002D, 0x0000, 0x002D, 0x0000, 0x002D, 0x0000, 0x007C, 0x007C, 0x0000, 0x0020, 0x0333,
        0x0000, 0x0060, 0x0000, 0x0027, 0x0000, 0x0022, 0x0000, 0x0022, 0x0000, 0x002E, 0x0000, 0x002E, 0x002E, 0x0000, 0x002E, 0x002E,
        0x002E, 0x0000, 0x0020, 0x0000, 0x0027, 0x0000, 0x2032, 0x2032, 0x0000, 0x2032, 0x2032, 0x2032, 0x0000, 0x0060, 0x0000, 0x2035,
        0x2035, 0x0000, 0x2035, 0x2035, 0x2035, 0x0000, 0x003C, 0x0000, 0x003E, 0x0000, 0x0021, 0x0021, 0x0000, 0x0020, 0x0305, 0x0000,
        0x003F, 0x003F, 0x0000, 0x003F, 0x0021, 0x0000, 0x0021, 0x003F, 0x0000, 0x2032, 0x2032, 0x2032, 0x2032, 0x0000, 0x0020, 0x0000,
        0x0030, 0x0000, 0x0069, 0x0000, 0x0034, 0x0000, 0x0035, 0x0000, 0x0036, 0x0000, 0x0037, 0x0000, 0x0038, 0x0000, 0x0039, 0x0000,
        0x002B, 0x0000, 0x2212, 0x0000, 0x003D, 0x0000, 0x0028, 0x0000, 0x0029, 0x0000, 0x006E, 0x0000, 0x0030, 0x0000, 0x0031, 0x0000,
        0x0032, 0x0000, 0x0033, 0x0000, 0x0034, 0x0000, 0x0035, 0x0000, 0x0036, 0x0000, 0x0037, 0x0000, 0x0038, 0x0000, 0x0039, 0x0000,
        0x002B, 0x0000, 0x2212, 0x0000, 0x003D, 0x0000, 0x0028, 0x0000, 0x0029, 0x0000, 0x0061, 0x0000, 0x0065, 0x0000, 0x006F, 0x0000,
        0x0078, 0x0000, 0x0259, 0x0000, 0x0068, 0x0000, 0x006B, 0x0000, 0x006C, 0x0000, 0x006D, 0x0000, 0x006E, 0x0000, 0x0070, 0x0000,
        0x0073, 0x0000, 0x0074, 0x0000, 0x0052, 0x0073, 0x0000, 0x0061, 0x002F, 0x0063, 0x0000, 0x0061, 0x002F, 0x0073, 0x0000, 0x0043,
        0x0000, 0x00B0, 0x0043, 0x0000, 0x0063, 0x002F, 0x006F, 0x0000, 0x0063, 0x002F, 0x0075, 0x0000, 0x0190, 0x0000, 0x00B0, 0x0046,
        0x0000, 0x0067, 0x0000, 0x0048, 0x0000, 0x0048, 0x0000, 0x0048, 0x0000, 0x0068, 0x0000, 0x0127, 0x0000, 0x0049, 0x0000, 0x0049,
        0x0000, 0x004C, 0x0000, 0x006C, 0x0000, 0x004E, 0x0000, 0x004E, 0x006F, 0x0000, 0x0050, 0x0000, 0x0051, 0x0000, 0x0052, 0x0000,
        0x0052, 0x0000, 0x0052, 0x0000, 0x0053, 0x004D, 0x0000, 0x0054, 0x0045, 0x004C, 0x0000, 0x0054, 0x004D, 0x0000, 0x005A, 0x0000,
        0x03A9, 0x0000, 0x005A, 0x0000, 0x004B, 0x0000, 0x00C5, 0x0000, 0x0042, 0x0000, 0x0043, 0x0000, 0x0065, 0x0000, 0x0045, 0x0000,
        0x0046, 0x0000, 0x004D, 0x0000, 0x006F, 0x0000, 0x05D0, 0x0000, 0x05D1, 0x0000, 0x05D2, 0x0000, 0x05D3, 0x0000, 0x0069, 0x0000,
        0x0046, 0x0041, 0x0058, 0x0000, 0x03C0, 0x0000, 0x03B3, 0x0000, 0x0393, 0x0000, 0x03A0, 0x0000, 0x2211, 0x0000, 0x0044, 0x0000,
        0x0064, 0x0000, 0x0065, 0x0000, 0x0069, 0x0000, 0x006A, 0x0000, 0x0031, 0x2044, 0x0037, 0x0000, 0x0031, 0x2044, 0x0039, 0x0000,
        0x0031, 0x2044, 0x0031, 0x0030, 0x0000, 0x0031, 0x2044, 0x0033, 0x0000, 0x0032, 0x2044, 0x0033, 0x0000, 0x0031, 0x2044, 0x0035,
        0x0000, 0x0032, 0x2044, 0x0035, 0x0000, 0x0033, 0x2044, 0x0035, 0x0000, 0x0034, 0x2044, 0x0035, 0x0000, 0x0031, 0x2044, 0x0036,
        0x0000, 0x0035, 0x2044, 0x0036, 0x0000, 0x0031, 0x2044, 0x0038, 0x0000, 0x0033, 0x2044, 0x0038, 0x0000, 0x0035, 0x2044, 0x0038,
        0x0000, 0x0037, 0x2044, 0x0038, 0x0000, 0x0031, 0x2044, 0x0000, 0x0049, 0x0000, 0x0049, 0x0049, 0x0000, 0x0049, 0x0049, 0x0049,
        0x0000, 0x0049, 0x0056, 0x0000, 0x0056, 0x0000, 0x0056, 0x0049, 0x0000, 0x0056, 0x0049, 0x0049, 0x0000, 0x0056, 0x0049, 0x0049,
        0x0049, 0x0000, 0x0049, 0x0058, 0x0000, 0x0058, 0x0000, 0x0058, 0x0049, 0x0000, 0x0058, 0x0049, 0x0049, 0x0000, 0x004C, 0x0000,
        0x0043, 0x0000, 0x0044, 0x0000, 0x004D, 0x0000, 0x0069, 0x0000, 0x0069, 0x0069, 0x0000, 0x0069, 0x0069, 0x0069, 0x0000, 0x0069,
        0x0076, 0x0000, 0x0076, 0x0000, 0x0076, 0x0069, 0x0000, 0x0076, 0x0069, 0x0069, 0x0000, 0x0076, 0x0069, 0x0069, 0x0069, 0x0000,
        0x0069, 0x0078, 0x0000, 0x0078, 0x0000, 0x0078, 0x0069, 0x0000, 0x0078, 0x0069, 0x0069, 0x0000, 0x006C, 0x0000, 0x0063, 0x0000,
        0x0064, 0x0000, 0x006D, 0x0000, 0x0030, 0x2044, 0x0033, 0x0000, 0x2190, 0x0338, 0x0000, 0x2192, 0x0338, 0x0000, 0x2194, 0x0338,
        0x0000, 0x21D0, 0x0338, 0x0000, 0x21D4, 0x0338, 0x0000, 0x21D2, 0x0338, 0x0000, 0x2203, 0x0338, 0x0000, 0x00D8, 0x0000, 0x0394,
        0x0000, 0x2208, 0x0338, 0x0000, 0x220B, 0x0338, 0x0000, 0x03A0, 0x0000, 0x03A3, 0x0000, 0x002D, 0x0000, 0x002F, 0x0000, 0x005C,
        0x0000, 0x002A, 0x0000, 0x00B0, 0x0000, 0x00B7, 0x0000, 0x007C, 0x0000, 0x2223, 0x0338, 0x0000, 0x007C, 0x007C, 0x0000, 0x2225,
        0x0338, 0x0000, 0x222B, 0x222B, 0x0000, 0x222B, 0x222B, 0x222B, 0x0000, 0x222E, 0x222E, 0x0000, 0x222E, 0x222E, 0x222E, 0x0000,
        0x003A, 0x0000, 0x007E, 0x0000, 0x223C, 0x0338, 0x0000, 0x2243, 0x0338, 0x0000, 0x2245, 0x0338, 0x0000, 0x2248, 0x0338, 0x0000,
        0x003D, 0x0338, 0x0000, 0x2261, 0x0338, 0x0000, 0x00AB, 0x0000, 0x00BB, 0x0000, 0x224D, 0x0338, 0x0000, 0x003C, 0x0338, 0x0000,
        0x003E, 0x0338, 0x0000, 0x2264, 0x0338, 0x0000, 0x2265, 0x0338, 0x0000, 0x2272, 0x0338, 0x0000, 0x2273, 0x0338, 0x0000, 0x2276,
        0x0338, 0x0000, 0x2277, 0x0338, 0x0000, 0x227A, 0x0338, 0x0000, 0x227B, 0x0338, 0x0000, 0x2282, 0x0338, 0x0000, 0x2283, 0x0338,
        0x0000, 0x2286, 0x0338, 0x0000, 0x2287, 0x0338, 0x0000, 0x0298, 0x0000, 0x22A2, 0x0338, 0x0000, 0x22A8, 0x0338, 0x0000, 0x22A9,
        0x0338, 0x0000, 0x22AB, 0x0338, 0x0000, 0x25CA, 0x0000, 0x00B7, 0x0000, 0x227C, 0x0338, 0x0000, 0x227D, 0x0338, 0x0000, 0x2291,
        0x0338, 0x0000, 0x2292, 0x0338, 0x0000, 0x22B2, 0x0338, 0x0000, 0x22B3, 0x0338, 0x0000, 0x22B4, 0x0338, 0x0000, 0x22B5, 0x0338,
        0x0000, 0x00B7, 0x00B7, 0x00B7, 0x0000, 0x005E, 0x0000, 0x3008, 0x0000, 0x3009, 0x0000, 0x03B9, 0x0000, 0x03C1, 0x0000, 0x03C9,
        0x0000, 0x03B1, 0x0000, 0x004E, 0x0055, 0x004C, 0x0000, 0x0053, 0x004F, 0x0048, 0x0000, 0x0053, 0x0054, 0x0058, 0x0000, 0x0045,
        0x0054, 0x0058, 0x0000, 0x0045, 0x004F, 0x0054, 0x0000, 0x0045, 0x004E, 0x0041, 0x0000, 0x0041, 0x0043, 0x004B, 0x0000, 0x0042,
        0x0045, 0x004C, 0x0000, 0x0042, 0x0053, 0x0000, 0x0048, 0x0054, 0x0000, 0x004C, 0x0046, 0x0000, 0x0056, 0x0054, 0x0000, 0x0046,
        0x0046, 0x0000, 0x0043, 0x0052, 0x0000, 0x0053, 0x004F, 0x0000, 0x0053, 0x0049, 0x0000, 0x0044, 0x004C, 0x0045, 0x0000, 0x0044,
        0x0043, 0x0031, 0x0000, 0x0044, 0x0043, 0x0032, 0x0000, 0x0044, 0x0043, 0x0033, 0x0000, 0x0044, 0x0043, 0x0034, 0x0000, 0x004E,
        0x0041, 0x004B, 0x0000, 0x0053, 0x0059, 0x004E, 0x0000, 0x0045, 0x0054, 0x0042, 0x0000, 0x0043, 0x0041, 0x004E, 0x0000, 0x0045,
        0x004D, 0x0000, 0x0053, 0x0055, 0x0042, 0x0000, 0x0045, 0x0053, 0x0043, 0x0000, 0x0046, 0x0053, 0x0000, 0x0047, 0x0053, 0x0000,
        0x0052, 0x0053, 0x0000, 0x0055, 0x0053, 0x0000, 0x0053, 0x0050, 0x0000, 0x0044, 0x0045, 0x004C, 0x0000, 0x0180, 0x0000, 0x0031,
        0x0000, 0x0032, 0x0000, 0x0033, 0x0000, 0x0034, 0x0000, 0x0035, 0x0000, 0x0036, 0x0000, 0x0037, 0x0000, 0x0038, 0x0000, 0x0039,
        0x0000, 0x0031, 0x0030, 0x0000, 0x0031, 0x0031, 0x0000, 0x0031, 0x0032, 0x0000, 0x0031, 0x0033, 0x0000, 0x0031, 0x0034, 0x0000,
        0x0031, 0x0035, 0x0000, 0x0031, 0x0036, 0x0000, 0x0031, 0x0037, 0x0000, 0x0031, 0x0038, 0x0000, 0x0031, 0x0039, 0x0000, 0x0032,
        0x0030, 0x0000, 0x0028, 0x0031, 0x0029, 0x0000, 0x0028, 0x0032, 0x0029, 0x0000, 0x0028, 0x0033, 0x0029, 0x0000, 0x0028, 0x0034,
        0x0029, 0x0000, 0x0028, 0x0035, 0x0029, 0x0000, 0x0028, 0x0036, 0x0029, 0x0000, 0x0028, 0x0037, 0x0029, 0x0000, 0x0028, 0x0038,
        0x0029, 0x0000, 0x0028, 0x0039, 0x0029, 0x0000, 0x0028, 0x0031, 0x0030, 0x0029, 0x0000, 0x0028, 0x0031, 0x0031, 0x0029, 0x0000,
        0x0028, 0x0031, 0x0032, 0x0029, 0x0000, 0x0028, 0x0031, 0x0033, 0x0029, 0x0000, 0x0028, 0x0031, 0x0034, 0x0029, 0x0000, 0x0028,
        0x0031, 0x0035, 0x0029, 0x0000, 0x0028, 0x0031, 0x0036, 0x0029, 0x0000, 0x0028, 0x0031, 0x0037, 0x0029, 0x0000, 0x0028, 0x0031,
        0x0038, 0x0029, 0x0000, 0x0028, 0x0031, 0x0039, 0x0029, 0x0000, 0x0028, 0x0032, 0x0030, 0x0029, 0x0000, 0x0031, 0x002E, 0x0000,
        0x0032, 0x002E, 0x0000, 0x0033, 0x002E, 0x0000, 0x0034, 0x002E, 0x0000, 0x0035, 0x002E, 0x0000, 0x0036, 0x002E, 0x0000, 0x0037,
        0x002E, 0x0000, 0x0038, 0x002E, 0x0000, 0x0039, 0x002E, 0x0000, 0x0031, 0x0030, 0x002E, 0x0000, 0x0031, 0x0031, 0x002E, 0x0000,
        0x0031, 0x0032, 0x002E, 0x0000, 0x0031, 0x0033, 0x002E, 0x0000, 0x0031, 0x0034, 0x002E, 0x0000, 0x0031, 0x0035, 0x002E, 0x0000,
        0x0031, 0x0036, 0x002E, 0x0000, 0x0031, 0x0037, 0x002E, 0x0000, 0x0031, 0x0038, 0x002E, 0x0000, 0x0031, 0x0039, 0x002E, 0x0000,
        0x0032, 0x0030, 0x002E, 0x0000, 0x0028, 0x0061, 0x0029, 0x0000, 0x0028, 0x0062, 0x0029, 0x0000, 0x0028, 0x0063, 0x0029, 0x0000,
        0x0028, 0x0064, 0x0029, 0x0000, 0x0028, 0x0065, 0x0029, 0x0000, 0x0028, 0x0066, 0x0029, 0x0000, 0x0028, 0x0067, 0x0029, 0x0000,
        0x0028, 0x0068, 0x0029, 0x0000, 0x0028, 0x0069, 0x0029, 0x0000, 0x0028, 0x006A, 0x0029, 0x0000, 0x0028, 0x006B, 0x0029, 0x0000,
        0x0028, 0x006C, 0x0029, 0x0000, 0x0028, 0x006D, 0x0029, 0x0000, 0x0028, 0x006E, 0x0029, 0x0000, 0x0028, 0x006F, 0x0029, 0x0000,
        0x0028, 0x0070, 0x0029, 0x0000, 0x0028, 0x0071, 0x0029, 0x0000, 0x0028, 0x0072, 0x0029, 0x0000, 0x0028, 0x0073, 0x0029, 0x0000,
        0x0028, 0x0074, 0x0029, 0x0000, 0x0028, 0x0075, 0x0029, 0x0000, 0x0028, 0x0076, 0x0029, 0x0000, 0x0028, 0x0077, 0x0029, 0x0000,
        0x0028, 0x0078, 0x0029, 0x0000, 0x0028, 0x0079, 0x0029, 0x0000, 0x0028, 0x007A, 0x0029, 0x0000, 0x0041, 0x0000, 0x0042, 0x0000,
        0x0043, 0x0000, 0x0044, 0x0000, 0x0045, 0x0000, 0x0046, 0x0000, 0x0047, 0x0000, 0x0048, 0x0000, 0x0049, 0x0000, 0x004A, 0x0000,
        0x004B, 0x0000, 0x004C, 0x0000, 0x004D, 0x0000, 0x004E, 0x0000, 0x004F, 0x0000, 0x0050, 0x0000, 0x0051, 0x0000, 0x0052, 0x0000,
        0x0053, 0x0000, 0x0054, 0x0000, 0x0055, 0x0000, 0x0056, 0x0000, 0x0057, 0x0000, 0x0058, 0x0000, 0x0059, 0x0000, 0x005A, 0x0000,
        0x0061, 0x0000, 0x0062, 0x0000, 0x0063, 0x0000, 0x0064, 0x0000, 0x0065, 0x0000, 0x0066, 0x0000, 0x0067, 0x0000, 0x0068, 0x0000,
        0x0069, 0x0000, 0x006A, 0x0000, 0x006B, 0x0000, 0x006C, 0x0000, 0x006D, 0x0000, 0x006E, 0x0000, 0x006F, 0x0000, 0x0070, 0x0000,
        0x0071, 0x0000, 0x0072, 0x0000, 0x0073, 0x0000, 0x0074, 0x0000, 0x0075, 0x0000, 0x0076, 0x0000, 0x0077, 0x0000, 0x0078, 0x0000,
        0x0079, 0x0000, 0x007A, 0x0000, 0x0030, 0x0000, 0x2014, 0x0000, 0x007C, 0x0000, 0x2206, 0x0000, 0x2023, 0x0000, 0x2207, 0x0000,
        0x25CA, 0x0000, 0x00B0, 0x0000, 0x25CA, 0x0000, 0x002A, 0x0000, 0x007C, 0x0000, 0x0021, 0x0000, 0x222B, 0x222B, 0x222B, 0x222B,
        0x0000, 0x003A, 0x003A, 0x003D, 0x0000, 0x003D, 0x003D, 0x0000, 0x003D, 0x003D, 0x003D, 0x0000, 0x2ADD, 0x0338, 0x0000, 0x006A,
        0x0000, 0x0056, 0x0000, 0x2D61, 0x0000, 0xFF5F, 0x0000, 0xFF60, 0x0000, 0x6BCD, 0x0000, 0x9F9F, 0x0000, 0x4E00, 0x0000, 0x4E28,
        0x0000, 0x4E36, 0x0000, 0x4E3F, 0x0000, 0x4E59, 0x0000, 0x4E85, 0x0000, 0x4E8C, 0x0000, 0x4EA0, 0x0000, 0x4EBA, 0x0000, 0x513F,
        0x0000, 0x5165, 0x0000, 0x516B, 0x0000, 0x5182, 0x0000, 0x5196, 0x0000, 0x51AB, 0x0000, 0x51E0, 0x0000, 0x51F5, 0x0000, 0x5200,
        0x0000, 0x529B, 0x0000, 0x52F9, 0x0000, 0x5315, 0x0000, 0x531A, 0x0000, 0x5338, 0x0000, 0x5341, 0x0000, 0x535C, 0x0000, 0x5369,
        0x0000, 0x5382, 0x0000, 0x53B6, 0x0000, 0x53C8, 0x0000, 0x53E3, 0x0000, 0x56D7, 0x0000, 0x571F, 0x0000, 0x58EB, 0x0000, 0x5902,
        0x0000, 0x590A, 0x0000, 0x5915, 0x0000, 0x5927, 0x0000, 0x5973, 0x0000, 0x5B50, 0x0000, 0x5B80, 0x0000, 0x5BF8, 0x0000, 0x5C0F,
        0x0000, 0x5C22, 0x0000, 0x5C38, 0x0000, 0x5C6E, 0x0000, 0x5C71, 0x0000, 0x5DDB, 0x0000, 0x5DE5, 0x0000, 0x5DF1, 0x0000, 0x5DFE,
        0x0000, 0x5E72, 0x0000, 0x5E7A, 0x0000, 0x5E7F, 0x0000, 0x5EF4, 0x0000, 0x5EFE, 0x0000, 0x5F0B, 0x0000, 0x5F13, 0x0000, 0x5F50,
        0x0000, 0x5F61, 0x0000, 0x5F73, 0x0000, 0x5FC3, 0x0000, 0x6208, 0x0000, 0x6236, 0x0000, 0x624B, 0x0000, 0x652F, 0x0000, 0x6534,
        0x0000, 0x6587, 0x0000, 0x6597, 0x0000, 0x65A4, 0x0000, 0x65B9, 0x0000, 0x65E0, 0x0000, 0x65E5, 0x0000, 0x66F0, 0x0000, 0x6708,
        0x0000, 0x6728, 0x0000, 0x6B20, 0x0000, 0x6B62, 0x0000, 0x6B79, 0x0000, 0x6BB3, 0x0000, 0x6BCB, 0x0000, 0x6BD4, 0x0000, 0x6BDB,
        0x0000, 0x6C0F, 0x0000, 0x6C14, 0x0000, 0x6C34, 0x0000, 0x706B, 0x0000, 0x722A, 0x0000, 0x7236, 0x0000, 0x723B, 0x0000, 0x723F,
        0x0000, 0x7247, 0x0000, 0x7259, 0x0000, 0x725B, 0x0000, 0x72AC, 0x0000, 0x7384, 0x0000, 0x7389, 0x0000, 0x74DC, 0x0000, 0x74E6,
        0x0000, 0x7518, 0x0000, 0x751F, 0x0000, 0x7528, 0x0000, 0x7530, 0x0000, 0x758B, 0x0000, 0x7592, 0x0000, 0x7676, 0x0000, 0x767D,
        0x0000, 0x76AE, 0x0000, 0x76BF, 0x0000, 0x76EE, 0x0000, 0x77DB, 0x0000, 0x77E2, 0x0000, 0x77F3, 0x0000, 0x793A, 0x0000, 0x79B8,
        0x0000, 0x79BE, 0x0000, 0x7A74, 0x0000, 0x7ACB, 0x0000, 0x7AF9, 0x0000, 0x7C73, 0x0000, 0x7CF8, 0x0000, 0x7F36, 0x0000, 0x7F51,
        0x0000, 0x7F8A, 0x0000, 0x7FBD, 0x0000, 0x8001, 0x0000, 0x800C, 0x0000, 0x8012, 0x0000, 0x8033, 0x0000, 0x807F, 0x0000, 0x8089,
        0x0000, 0x81E3, 0x0000, 0x81EA, 0x0000, 0x81F3, 0x0000, 0x81FC, 0x0000, 0x820C, 0x0000, 0x821B, 0x0000, 0x821F, 0x0000, 0x826E,
        0x0000, 0x8272, 0x0000, 0x8278, 0x0000, 0x864D, 0x0000, 0x866B, 0x0000, 0x8840, 0x0000, 0x884C, 0x0000, 0x8863, 0x0000, 0x897E,
        0x0000, 0x898B, 0x0000, 0x89D2, 0x0000, 0x8A00, 0x0000, 0x8C37, 0x0000, 0x8C46, 0x0000, 0x8C55, 0x0000, 0x8C78, 0x0000, 0x8C9D,
        0x0000, 0x8D64, 0x0000, 0x8D70, 0x0000, 0x8DB3, 0x0000, 0x8EAB, 0x0000, 0x8ECA, 0x0000, 0x8F9B, 0x0000, 0x8FB0, 0x0000, 0x8FB5,
        0x0000, 0x9091, 0x0000, 0x9149, 0x0000, 0x91C6, 0x0000, 0x91CC, 0x0000, 0x91D1, 0x0000, 0x9577, 0x0000, 0x9580, 0x0000, 0x961C,
        0x0000, 0x96B6, 0x0000, 0x96B9, 0x0000, 0x96E8, 0x0000, 0x9751, 0x0000, 0x975E, 0x0000, 0x9762, 0x0000, 0x9769, 0x0000, 0x97CB,
        0x0000, 0x97ED, 0x0000, 0x97F3, 0x0000, 0x9801, 0x0000, 0x98A8, 0x0000, 0x98DB, 0x0000, 0x98DF, 0x0000, 0x9996, 0x0000, 0x9999,
        0x0000, 0x99AC, 0x0000, 0x9AA8, 0x0000, 0x9AD8, 0x0000, 0x9ADF, 0x0000, 0x9B25, 0x0000, 0x9B2F, 0x0000, 0x9B32, 0x0000, 0x9B3C,
        0x0000, 0x9B5A, 0x0000, 0x9CE5, 0x0000, 0x9E75, 0x0000, 0x9E7F, 0x0000, 0x9EA5, 0x0000, 0x9EBB, 0x0000, 0x9EC3, 0x0000, 0x9ECD,
        0x0000, 0x9ED1, 0x0000, 0x9EF9, 0x0000, 0x9EFD, 0x0000, 0x9F0E, 0x0000, 0x9F13, 0x0000, 0x9F20, 0x0000, 0x9F3B, 0x0000, 0x9F4A,
        0x0000, 0x9F52, 0x0000, 0x9F8D, 0x0000, 0x9F9C, 0x0000, 0x9FA0, 0x0000, 0x0020, 0x0000, 0x002C, 0x0000, 0x003C, 0x0000, 0x003E,
        0x0000, 0x00AB, 0x0000, 0x00BB, 0x0000, 0x3012, 0x0000, 0x5341, 0x0000, 0x5344, 0x0000, 0x5345, 0x0000, 0x304B, 0x3099, 0x0000,
        0x304D, 0x3099, 0x0000, 0x304F, 0x3099, 0x0000, 0x3051, 0x3099, 0x0000, 0x3053, 0x3099, 0x0000, 0x3055, 0x3099, 0x0000, 0x3057,
        0x3099, 0x0000, 0x3059, 0x3099, 0x0000, 0x305B, 0x3099, 0x0000, 0x305D, 0x3099, 0x0000, 0x305F, 0x3099, 0x0000, 0x3061, 0x3099,
        0x0000, 0x3064, 0x3099, 0x0000, 0x3066, 0x3099, 0x0000, 0x3068, 0x3099, 0x0000, 0x306F, 0x3099, 0x0000, 0x306F, 0x309A, 0x0000,
        0x3072, 0x3099, 0x0000, 0x3072, 0x309A, 0x0000, 0x3075, 0x3099, 0x0000, 0x3075, 0x309A, 0x0000, 0x3078, 0x3099, 0x0000, 0x3078,
        0x309A, 0x0000, 0x307B, 0x3099, 0x0000, 0x307B, 0x309A, 0x0000, 0x3046, 0x3099, 0x0000, 0x0020, 0x3099, 0x0000, 0x0020, 0x309A,
        0x0000, 0x309D, 0x3099, 0x0000, 0x3088, 0x308A, 0x0000, 0x30AB, 0x3099, 0x0000, 0x30AD, 0x3099, 0x0000, 0x30AF, 0x3099, 0x0000,
        0x30B1, 0x3099, 0x0000, 0x30B3, 0x3099, 0x0000, 0x30B5, 0x3099, 0x0000, 0x30B7, 0x3099, 0x0000, 0x30B9, 0x3099, 0x0000, 0x30BB,
        0x3099, 0x0000, 0x30BD, 0x3099, 0x0000, 0x30BF, 0x3099, 0x0000, 0x30C1, 0x3099, 0x0000, 0x30C4, 0x3099, 0x0000, 0x30C6, 0x3099,
        0x0000, 0x30C8, 0x3099, 0x0000, 0x30CF, 0x3099, 0x0000, 0x30CF, 0x309A, 0x0000, 0x30D2, 0x3099, 0x0000, 0x30D2, 0x309A, 0x0000,
        0x30D5, 0x3099, 0x0000, 0x30D5, 0x309A, 0x0000, 0x30D8, 0x3099, 0x0000, 0x30D8, 0x309A, 0x0000, 0x30DB, 0x3099, 0x0000, 0x30DB,
        0x309A, 0x0000, 0x30A6, 0x3099, 0x0000, 0x30EF, 0x3099, 0x0000, 0x30F0, 0x3099, 0x0000, 0x30F1, 0x3099, 0x0000, 0x30F2, 0x3099,
        0x0000, 0x30FD, 0x3099, 0x0000, 0x30B3, 0x30C8, 0x0000, 0x1100, 0x0000, 0x1101, 0x0000, 0x11AA, 0x0000, 0x1102, 0x0000, 0x11AC,
        0x0000, 0x11AD, 0x0000, 0x1103, 0x0000, 0x1104, 0x0000, 0x1105, 0x0000, 0x11B0, 0x0000, 0x11B1, 0x0000, 0x11B2, 0x0000, 0x11B3,
        0x0000, 0x11B4, 0x0000, 0x11B5, 0x0000, 0x111A, 0x0000, 0x1106, 0x0000, 0x1107, 0x0000, 0x1108, 0x0000, 0x1121, 0x0000, 0x1109,
        0x0000, 0x110A, 0x0000, 0x110B, 0x0000, 0x110C, 0x0000, 0x110D, 0x0000, 0x110E, 0x0000, 0x110F, 0x0000, 0x1110, 0x0000, 0x1111,
        0x0000, 0x1112, 0x0000, 0x1161, 0x0000, 0x1162, 0x0000, 0x1163, 0x0000, 0x1164, 0x0000, 0x1165, 0x0000, 0x1166, 0x0000, 0x1167,
        0x0000, 0x1168, 0x0000, 0x1169, 0x0000, 0x116A, 0x0000, 0x116B, 0x0000, 0x116C, 0x0000, 0x116D, 0x0000, 0x116E, 0x0000, 0x116F,
        0x0000, 0x1170, 0x0000, 0x1171, 0x0000, 0x1172, 0x0000, 0x1173, 0x0000, 0x1174, 0x0000, 0x1175, 0x0000, 0x1160, 0x0000, 0x1114,
        0x0000, 0x1115, 0x0000, 0x11C7, 0x0000, 0x11C8, 0x0000, 0x11CC, 0x0000, 0x11CE, 0x0000, 0x11D3, 0x0000, 0x11D7, 0x0000, 0x11D9,
        0x0000, 0x111C, 0x0000, 0x11DD, 0x0000, 0x11DF, 0x0000, 0x111D, 0x0000, 0x111E, 0x0000, 0x1120, 0x0000, 0x1122, 0x0000, 0x1123,
        0x0000, 0x1127, 0x0000, 0x1129, 0x0000, 0x112B, 0x0000, 0x112C, 0x0000, 0x112D, 0x0000, 0x112E, 0x0000, 0x112F, 0x0000, 0x1132,
        0x0000, 0x1136, 0x0000, 0x1140, 0x0000, 0x1147, 0x0000, 0x114C, 0x0000, 0x11F1, 0x0000, 0x11F2, 0x0000, 0x1157, 0x0000, 0x1158,
        0x0000, 0x1159, 0x0000, 0x1184, 0x0000, 0x1185, 0x0000, 0x1188, 0x0000, 0x1191, 0x0000, 0x1192, 0x0000, 0x1194, 0x0000, 0x119E,
        0x0000, 0x11A1, 0x0000, 0x4E00, 0x0000, 0x4E8C, 0x0000, 0x4E09, 0x0000, 0x56DB, 0x0000, 0x4E0A, 0x0000, 0x4E2D, 0x0000, 0x4E0B,
        0x0000, 0x7532, 0x0000, 0x4E59, 0x0000, 0x4E19, 0x0000, 0x4E01, 0x0000, 0x5929, 0x0000, 0x5730, 0x0000, 0x4EBA, 0x0000, 0x0028,
        0x1100, 0x0029, 0x0000, 0x0028, 0x1102, 0x0029, 0x0000, 0x0028, 0x1103, 0x0029, 0x0000, 0x0028, 0x1105, 0x0029, 0x0000, 0x0028,
        0x1106, 0x0029, 0x0000, 0x0028, 0x1107, 0x0029, 0x0000, 0x0028, 0x1109, 0x0029, 0x0000, 0x0028, 0x110B, 0x0029, 0x0000, 0x0028,
        0x110C, 0x0029, 0x0000, 0x0028, 0x110E, 0x0029, 0x0000, 0x0028, 0x110F, 0x0029, 0x0000, 0x0028, 0x1110, 0x0029, 0x0000, 0x0028,
        0x1111, 0x0029, 0x0000, 0x0028, 0x1112, 0x0029, 0x0000, 0x0028, 0x1100, 0x1161, 0x0029, 0x0000, 0x0028, 0x1102, 0x1161, 0x0029,
        0x0000, 0x0028, 0x1103, 0x1161, 0x0029, 0x0000, 0x0028, 0x1105, 0x1161, 0x0029, 0x0000, 0x0028, 0x1106, 0x1161, 0x0029, 0x0000,
        0x0028, 0x1107, 0x1161, 0x0029, 0x0000, 0x0028, 0x1109, 0x1161, 0x0029, 0x0000, 0x0028, 0x110B, 0x1161, 0x0029, 0x0000, 0x0028,
        0x110C, 0x1161, 0x0029, 0x0000, 0x0028, 0x110E, 0x1161, 0x0029, 0x0000, 0x0028, 0x110F, 0x1161, 0x0029, 0x0000, 0x0028, 0x1110,
        0x1161, 0x0029, 0x0000, 0x0028, 0x1111, 0x1161, 0x0029, 0x0000, 0x0028, 0x1112, 0x1161, 0x0029, 0x0000, 0x0028, 0x110C, 0x116E,
        0x0029, 0x0000, 0x0028, 0x110B, 0x1169, 0x110C, 0x1165, 0x11AB, 0x0029, 0x0000, 0x0028, 0x110B, 0x1169, 0x1112, 0x116E, 0x0029,
        0x0000, 0x0028, 0x4E00, 0x0029, 0x0000, 0x0028, 0x4E8C, 0x0029, 0x0000, 0x0028, 0x4E09, 0x0029, 0x0000, 0x0028, 0x56DB, 0x0029,
        0x0000, 0x0028, 0x4E94, 0x0029, 0x0000, 0x0028, 0x516D, 0x0029, 0x0000, 0x0028, 0x4E03, 0x0029, 0x0000, 0x0028, 0x516B, 0x0029,
        0x0000, 0x0028, 0x4E5D, 0x0029, 0x0000, 0x0028, 0x5341, 0x0029, 0x0000, 0x0028, 0x6708, 0x0029, 0x0000, 0x0028, 0x706B, 0x0029,
        0x0000, 0x0028, 0x6C34, 0x0029, 0x0000, 0x0028, 0x6728, 0x0029, 0x0000, 0x0028, 0x91D1, 0x0029, 0x0000, 0x0028, 0x571F, 0x0029,
        0x0000, 0x0028, 0x65E5, 0x0029, 0x0000, 0x0028, 0x682A, 0x0029, 0x0000, 0x0028, 0x6709, 0x0029, 0x0000, 0x0028, 0x793E, 0x0029,
        0x0000, 0x0028, 0x540D, 0x0029, 0x0000, 0x0028, 0x7279, 0x0029, 0x0000, 0x0028, 0x8CA1, 0x0029, 0x0000, 0x0028, 0x795D, 0x0029,
        0x0000, 0x0028, 0x52B4, 0x0029, 0x0000, 0x0028, 0x4EE3, 0x0029, 0x0000, 0x0028, 0x547C, 0x0029, 0x0000, 0x0028, 0x5B66, 0x0029,
        0x0000, 0x0028, 0x76E3, 0x0029, 0x0000, 0x0028, 0x4F01, 0x0029, 0x0000, 0x0028, 0x8CC7, 0x0029, 0x0000, 0x0028, 0x5354, 0x0029,
        0x0000, 0x0028, 0x796D, 0x0029, 0x0000, 0x0028, 0x4F11, 0x0029, 0x0000, 0x0028, 0x81EA, 0x0029, 0x0000, 0x0028, 0x81F3, 0x0029,
        0x0000, 0x554F, 0x0000, 0x5E7C, 0x0000, 0x6587, 0x0000, 0x7B8F, 0x0000, 0x0050, 0x0054, 0x0045, 0x0000, 0x0032, 0x0031, 0x0000,
        0x0032, 0x0032, 0x0000, 0x0032, 0x0033, 0x0000, 0x0032, 0x0034, 0x0000, 0x0032, 0x0035, 0x0000, 0x0032, 0x0036, 0x0000, 0x0032,
        0x0037, 0x0000, 0x0032, 0x0038, 0x0000, 0x0032, 0x0039, 0x0000, 0x0033, 0x0030, 0x0000, 0x0033, 0x0031, 0x0000, 0x0033, 0x0032,
        0x0000, 0x0033, 0x0033, 0x0000, 0x0033, 0x0034, 0x0000, 0x0033, 0x0035, 0x0000, 0x1100, 0x0000, 0x1102, 0x0000, 0x1103, 0x0000,
        0x1105, 0x0000, 0x1106, 0x0000, 0x1107, 0x0000, 0x1109, 0x0000, 0x110B, 0x0000, 0x110C, 0x0000, 0x110E, 0x0000, 0x110F, 0x0000,
        0x1110, 0x0000, 0x1111, 0x0000, 0x1112, 0x0000, 0x1100, 0x1161, 0x0000, 0x1102, 0x1161, 0x0000, 0x1103, 0x1161, 0x0000, 0x1105,
        0x1161, 0x0000, 0x1106, 0x1161, 0x0000, 0x1107, 0x1161, 0x0000, 0x1109, 0x1161, 0x0000, 0x110B, 0x1161, 0x0000, 0x110C, 0x1161,
        0x0000, 0x110E, 0x1161, 0x0000, 0x110F, 0x1161, 0x0000, 0x1110, 0x1161, 0x0000, 0x1111, 0x1161, 0x0000, 0x1112, 0x1161, 0x0000,
        0x110E, 0x1161, 0x11B7, 0x1100, 0x1169, 0x0000, 0x110C, 0x116E, 0x110B, 0x1174, 0x0000, 0x110B, 0x116E, 0x0000, 0x4E00, 0x0000,
        0x4E8C, 0x0000, 0x4E09, 0x0000, 0x56DB, 0x0000, 0x4E94, 0x0000, 0x516D, 0x0000, 0x4E03, 0x0000, 0x516B, 0x0000, 0x4E5D, 0x0000,
        0x5341, 0x0000, 0x6708, 0x0000, 0x706B, 0x0000, 0x6C34, 0x0000, 0x6728, 0x0000, 0x91D1, 0x0000, 0x571F, 0x0000, 0x65E5, 0x0000,
        0x682A, 0x0000, 0x6709, 0x0000, 0x793E, 0x0000, 0x540D, 0x0000, 0x7279, 0x0000, 0x8CA1, 0x0000, 0x795D, 0x0000, 0x52B4, 0x0000,
        0x79D8, 0x0000, 0x7537, 0x0000, 0x5973, 0x0000, 0x9069, 0x0000, 0x512A, 0x0000, 0x5370, 0x0000, 0x6CE8, 0x0000, 0x9805, 0x0000,
        0x4F11, 0x0000, 0x5199, 0x0000, 0x6B63, 0x0000, 0x4E0A, 0x0000, 0x4E2D, 0x0000, 0x4E0B, 0x0000, 0x5DE6, 0x0000, 0x53F3, 0x0000,
        0x533B, 0x0000, 0x5B97, 0x0000, 0x5B66, 0x0000, 0x76E3, 0x0000, 0x4F01, 0x0000, 0x8CC7, 0x0000, 0x5354, 0x0000, 0x591C, 0x0000,
        0x0033, 0x0036, 0x0000, 0x0033, 0x0037, 0x0000, 0x0033, 0x0038, 0x0000, 0x0033, 0x0039, 0x0000, 0x0034, 0x0030, 0x0000, 0x0034,
        0x0031, 0x0000, 0x0034, 0x0032, 0x0000, 0x0034, 0x0033, 0x0000, 0x0034, 0x0034, 0x0000, 0x0034, 0x0035, 0x0000, 0x0034, 0x0036,
        0x0000, 0x0034, 0x0037, 0x0000, 0x0034, 0x0038, 0x0000, 0x0034, 0x0039, 0x0000, 0x0035, 0x0030, 0x0000, 0x0031, 0x6708, 0x0000,
        0x0032, 0x6708, 0x0000, 0x0033, 0x6708, 0x0000, 0x0034, 0x6708, 0x0000, 0x0035, 0x6708, 0x0000, 0x0036, 0x6708, 0x0000, 0x0037,
        0x6708, 0x0000, 0x0038, 0x6708, 0x0000, 0x0039, 0x6708, 0x0000, 0x0031, 0x0030, 0x6708, 0x0000, 0x0031, 0x0031, 0x6708, 0x0000,
        0x0031, 0x0032, 0x6708, 0x0000, 0x0048, 0x0067, 0x0000, 0x0065, 0x0072, 0x0067, 0x0000, 0x0065, 0x0056, 0x0000, 0x004C, 0x0054,
        0x0044, 0x0000, 0x30A2, 0x0000, 0x30A4, 0x0000, 0x30A6, 0x0000, 0x30A8, 0x0000, 0x30AA, 0x0000, 0x30AB, 0x0000, 0x30AD, 0x0000,
        0x30AF, 0x0000, 0x30B1, 0x0000, 0x30B3, 0x0000, 0x30B5, 0x0000, 0x30B7, 0x0000, 0x30B9, 0x0000, 0x30BB, 0x0000, 0x30BD, 0x0000,
        0x30BF, 0x0000, 0x30C1, 0x0000, 0x30C4, 0x0000, 0x30C6, 0x0000, 0x30C8, 0x0000, 0x30CA, 0x0000, 0x30CB, 0x0000, 0x30CC, 0x0000,
        0x30CD, 0x0000, 0x30CE, 0x0000, 0x30CF, 0x0000, 0x30D2, 0x0000, 0x30D5, 0x0000, 0x30D8, 0x0000, 0x30DB, 0x0000, 0x30DE, 0x0000,
        0x30DF, 0x0000, 0x30E0, 0x0000, 0x30E1, 0x0000, 0x30E2, 0x0000, 0x30E4, 0x0000, 0x30E6, 0x0000, 0x30E8, 0x0000, 0x30E9, 0x0000,
        0x30EA, 0x0000, 0x30EB, 0x0000, 0x30EC, 0x0000, 0x30ED, 0x0000, 0x30EF, 0x0000, 0x30F0, 0x0000, 0x30F1, 0x0000, 0x30F2, 0x0000,
        0x4EE4, 0x548C, 0x0000, 0x30A2, 0x30D1, 0x30FC, 0x30C8, 0x0000, 0x30A2, 0x30EB, 0x30D5, 0x30A1, 0x0000, 0x30A2, 0x30F3, 0x30DA,
        0x30A2, 0x0000, 0x30A2, 0x30FC, 0x30EB, 0x0000, 0x30A4, 0x30CB, 0x30F3, 0x30B0, 0x0000, 0x30A4, 0x30F3, 0x30C1, 0x0000, 0x30A6,
        0x30A9, 0x30F3, 0x0000, 0x30A8, 0x30B9, 0x30AF, 0x30FC, 0x30C9, 0x0000, 0x30A8, 0x30FC, 0x30AB, 0x30FC, 0x0000, 0x30AA, 0x30F3,
        0x30B9, 0x0000, 0x30AA, 0x30FC, 0x30E0, 0x0000, 0x30AB, 0x30A4, 0x30EA, 0x0000, 0x30AB, 0x30E9, 0x30C3, 0x30C8, 0x0000, 0x30AB,
        0x30ED, 0x30EA, 0x30FC, 0x0000, 0x30AC, 0x30ED, 0x30F3, 0x0000, 0x30AC, 0x30F3, 0x30DE, 0x0000, 0x30AE, 0x30AC, 0x0000, 0x30AE,
        0x30CB, 0x30FC, 0x0000, 0x30AD, 0x30E5, 0x30EA, 0x30FC, 0x0000, 0x30AE, 0x30EB, 0x30C0, 0x30FC, 0x0000, 0x30AD, 0x30ED, 0x0000,
        0x30AD, 0x30ED, 0x30B0, 0x30E9, 0x30E0, 0x0000, 0x30AD, 0x30ED, 0x30E1, 0x30FC, 0x30C8, 0x30EB, 0x0000, 0x30AD, 0x30ED, 0x30EF,
        0x30C3, 0x30C8, 0x0000, 0x30B0, 0x30E9, 0x30E0, 0x0000, 0x30B0, 0x30E9, 0x30E0, 0x30C8, 0x30F3, 0x0000, 0x30AF, 0x30EB, 0x30BC,
        0x30A4, 0x30ED, 0x0000, 0x30AF, 0x30ED, 0x30FC, 0x30CD, 0x0000, 0x30B1, 0x30FC, 0x30B9, 0x0000, 0x30B3, 0x30EB, 0x30CA, 0x0000,
        0x30B3, 0x30FC, 0x30DD, 0x0000, 0x30B5, 0x30A4, 0x30AF, 0x30EB, 0x0000, 0x30B5, 0x30F3, 0x30C1, 0x30FC, 0x30E0, 0x0000, 0x30B7,
        0x30EA, 0x30F3, 0x30B0, 0x0000, 0x30BB, 0x30F3, 0x30C1, 0x0000, 0x30BB, 0x30F3, 0x30C8, 0x0000, 0x30C0, 0x30FC, 0x30B9, 0x0000,
        0x30C7, 0x30B7, 0x0000, 0x30C9, 0x30EB, 0x0000, 0x30C8, 0x30F3, 0x0000, 0x30CA, 0x30CE, 0x0000, 0x30CE, 0x30C3, 0x30C8, 0x0000,
        0x30CF, 0x30A4, 0x30C4, 0x0000, 0x30D1, 0x30FC, 0x30BB, 0x30F3, 0x30C8, 0x0000, 0x30D1, 0x30FC, 0x30C4, 0x0000, 0x30D0, 0x30FC,
        0x30EC, 0x30EB, 0x0000, 0x30D4, 0x30A2, 0x30B9, 0x30C8, 0x30EB, 0x0000, 0x30D4, 0x30AF, 0x30EB, 0x0000, 0x30D4, 0x30B3, 0x0000,
        0x30D3, 0x30EB, 0x0000, 0x30D5, 0x30A1, 0x30E9, 0x30C3, 0x30C9, 0x0000, 0x30D5, 0x30A3, 0x30FC, 0x30C8, 0x0000, 0x30D6, 0x30C3,
        0x30B7, 0x30A7, 0x30EB, 0x0000, 0x30D5, 0x30E9, 0x30F3, 0x0000, 0x30D8, 0x30AF, 0x30BF, 0x30FC, 0x30EB, 0x0000, 0x30DA, 0x30BD,
        0x0000, 0x30DA, 0x30CB, 0x30D2, 0x0000, 0x30D8, 0x30EB, 0x30C4, 0x0000, 0x30DA, 0x30F3, 0x30B9, 0x0000, 0x30DA, 0x30FC, 0x30B8,
        0x0000, 0x30D9, 0x30FC, 0x30BF, 0x0000, 0x30DD, 0x30A4, 0x30F3, 0x30C8, 0x0000, 0x30DC, 0x30EB, 0x30C8, 0x0000, 0x30DB, 0x30F3,
        0x0000, 0x30DD, 0x30F3, 0x30C9, 0x0000, 0x30DB, 0x30FC, 0x30EB, 0x0000, 0x30DB, 0x30FC, 0x30F3, 0x0000, 0x30DE, 0x30A4, 0x30AF,
        0x30ED, 0x0000, 0x30DE, 0x30A4, 0x30EB, 0x0000, 0x30DE, 0x30C3, 0x30CF, 0x0000, 0x30DE, 0x30EB, 0x30AF, 0x0000, 0x30DE, 0x30F3,
        0x30B7, 0x30E7, 0x30F3, 0x0000, 0x30DF, 0x30AF, 0x30ED, 0x30F3, 0x0000, 0x30DF, 0x30EA, 0x0000, 0x30DF, 0x30EA, 0x30D0, 0x30FC,
        0x30EB, 0x0000, 0x30E1, 0x30AC, 0x0000, 0x30E1, 0x30AC, 0x30C8, 0x30F3, 0x0000, 0x30E1, 0x30FC, 0x30C8, 0x30EB, 0x0000, 0x30E4,
        0x30FC, 0x30C9, 0x0000, 0x30E4, 0x30FC, 0x30EB, 0x0000, 0x30E6, 0x30A2, 0x30F3, 0x0000, 0x30EA, 0x30C3, 0x30C8, 0x30EB, 0x0000,
        0x30EA, 0x30E9, 0x0000, 0x30EB, 0x30D4, 0x30FC, 0x0000, 0x30EB, 0x30FC, 0x30D6, 0x30EB, 0x0000, 0x30EC, 0x30E0, 0x0000, 0x30EC,
        0x30F3, 0x30C8, 0x30B2, 0x30F3, 0x0000, 0x30EF, 0x30C3, 0x30C8, 0x0000, 0x0030, 0x70B9, 0x0000, 0x0031, 0x70B9, 0x0000, 0x0032,
        0x70B9, 0x0000, 0x0033, 0x70B9, 0x0000, 0x0034, 0x70B9, 0x0000, 0x0035, 0x70B9, 0x0000, 0x0036, 0x70B9, 0x0000, 0x0037, 0x70B9,
        0x0000, 0x0038, 0x70B9, 0x0000, 0x0039, 0x70B9, 0x0000, 0x0031, 0x0030, 0x70B9, 0x0000, 0x0031, 0x0031, 0x70B9, 0x0000, 0x0031,
        0x0032, 0x70B9, 0x0000, 0x0031, 0x0033, 0x70B9, 0x0000, 0x0031, 0x0034, 0x70B9, 0x0000, 0x0031, 0x0035, 0x70B9, 0x0000, 0x0031,
        0x0036, 0x70B9, 0x0000, 0x0031, 0x0037, 0x70B9, 0x0000, 0x0031, 0x0038, 0x70B9, 0x0000, 0x0031, 0x0039, 0x70B9, 0x0000, 0x0032,
        0x0030, 0x70B9, 0x0000, 0x0032, 0x0031, 0x70B9, 0x0000, 0x0032, 0x0032, 0x70B9, 0x0000, 0x0032, 0x0033, 0x70B9, 0x0000, 0x0032,
        0x0034, 0x70B9, 0x0000, 0x0068, 0x0050, 0x0061, 0x0000, 0x0064, 0x0061, 0x0000, 0x0041, 0x0055, 0x0000, 0x0062, 0x0061, 0x0072,
        0x0000, 0x006F, 0x0056, 0x0000, 0x0070, 0x0063, 0x0000, 0x0064, 0x006D, 0x0000, 0x0064, 0x006D, 0x00B2, 0x0000, 0x0064, 0x006D,
        0x00B3, 0x0000, 0x0049, 0x0055, 0x0000, 0x5E73, 0x6210, 0x0000, 0x662D, 0x548C, 0x0000, 0x5927, 0x6B63, 0x0000, 0x660E, 0x6CBB,
        0x0000, 0x682A, 0x5F0F, 0x4F1A, 0x793E, 0x0000, 0x0070, 0x0041, 0x0000, 0x006E, 0x0041, 0x0000, 0x03BC, 0x0041, 0x0000, 0x006D,
        0x0041, 0x0000, 0x006B, 0x0041, 0x0000, 0x004B, 0x0042, 0x0000, 0x004D, 0x0042, 0x0000, 0x0047, 0x0042, 0x0000, 0x0063, 0x0061,
        0x006C, 0x0000, 0x006B, 0x0063, 0x0061, 0x006C, 0x0000, 0x0070, 0x0046, 0x0000, 0x006E, 0x0046, 0x0000, 0x03BC, 0x0046, 0x0000,
        0x03BC, 0x0067, 0x0000, 0x006D, 0x0067, 0x0000, 0x006B, 0x0067, 0x0000, 0x0048, 0x007A, 0x0000, 0x006B, 0x0048, 0x007A, 0x0000,
        0x004D, 0x0048, 0x007A, 0x0000, 0x0047, 0x0048, 0x007A, 0x0000, 0x0054, 0x0048, 0x007A, 0x0000, 0x03BC, 0x2113, 0x0000, 0x006D,
        0x2113, 0x0000, 0x0064, 0x2113, 0x0000, 0x006B, 0x2113, 0x0000, 0x0066, 0x006D, 0x0000, 0x006E, 0x006D, 0x0000, 0x03BC, 0x006D,
        0x0000, 0x006D, 0x006D, 0x0000, 0x0063, 0x006D, 0x0000, 0x006B, 0x006D, 0x0000, 0x006D, 0x006D, 0x00B2, 0x0000, 0x0063, 0x006D,
        0x00B2, 0x0000, 0x006D, 0x00B2, 0x0000, 0x006B, 0x006D, 0x00B2, 0x0000, 0x006D, 0x006D, 0x00B3, 0x0000, 0x0063, 0x006D, 0x00B3,
        0x0000, 0x006D, 0x00B3, 0x0000, 0x006B, 0x006D, 0x00B3, 0x0000, 0x006D, 0x2215, 0x0073, 0x0000, 0x006D, 0x2215, 0x0073, 0x00B2,
        0x0000, 0x0050, 0x0061, 0x0000, 0x006B, 0x0050, 0x0061, 0x0000, 0x004D, 0x0050, 0x0061, 0x0000, 0x0047, 0x0050, 0x0061, 0x0000,
        0x0072, 0x0061, 0x0064, 0x0000, 0x0072, 0x0061, 0x0064, 0x2215, 0x0073, 0x0000, 0x0072, 0x0061, 0x0064, 0x2215, 0x0073, 0x00B2,
        0x0000, 0x0070, 0x0073, 0x0000, 0x006E, 0x0073, 0x0000, 0x03BC, 0x0073, 0x0000, 0x006D, 0x0073, 0x0000, 0x0070, 0x0056, 0x0000,
        0x006E, 0x0056, 0x0000, 0x03BC, 0x0056, 0x0000, 0x006D, 0x0056, 0x0000, 0x006B, 0x0056, 0x0000, 0x004D, 0x0056, 0x0000, 0x0070,
        0x0057, 0x0000, 0x006E, 0x0057, 0x0000, 0x03BC, 0x0057, 0x0000, 0x006D, 0x0057, 0x0000, 0x006B, 0x0057, 0x0000, 0x004D, 0x0057,
        0x0000, 0x006B, 0x03A9, 0x0000, 0x004D, 0x03A9, 0x0000, 0x0061, 0x002E, 0x006D, 0x002E, 0x0000, 0x0042, 0x0071, 0x0000, 0x0063,
        0x0063, 0x0000, 0x0063, 0x0064, 0x0000, 0x0043, 0x2215, 0x006B, 0x0067, 0x0000, 0x0043, 0x006F, 0x002E, 0x0000, 0x0064, 0x0042,
        0x0000, 0x0047, 0x0079, 0x0000, 0x0068, 0x0061, 0x0000, 0x0048, 0x0050, 0x0000, 0x0069, 0x006E, 0x0000, 0x004B, 0x004B, 0x0000,
        0x004B, 0x004D, 0x0000, 0x006B, 0x0074, 0x0000, 0x006C, 0x006D, 0x0000, 0x006C, 0x006E, 0x0000, 0x006C, 0x006F, 0x0067, 0x0000,
        0x006C, 0x0078, 0x0000, 0x006D, 0x0062, 0x0000, 0x006D, 0x0069, 0x006C, 0x0000, 0x006D, 0x006F, 0x006C, 0x0000, 0x0050, 0x0048,
        0x0000, 0x0070, 0x002E, 0x006D, 0x002E, 0x0000, 0x0050, 0x0050, 0x004D, 0x0000, 0x0050, 0x0052, 0x0000, 0x0073, 0x0072, 0x0000,
        0x0053, 0x0076, 0x0000, 0x0057, 0x0062, 0x0000, 0x0056, 0x2215, 0x006D, 0x0000, 0x0041, 0x2215, 0x006D, 0x0000, 0x0031, 0x65E5,
        0x0000, 0x0032, 0x65E5, 0x0000, 0x0033, 0x65E5, 0x0000, 0x0034, 0x65E5, 0x0000, 0x0035, 0x65E5, 0x0000, 0x0036, 0x65E5, 0x0000,
        0x0037, 0x65E5, 0x0000, 0x0038, 0x65E5, 0x0000, 0x0039, 0x65E5, 0x0000, 0x0031, 0x0030, 0x65E5, 0x0000, 0x0031, 0x0031, 0x65E5,
        0x0000, 0x0031, 0x0032, 0x65E5, 0x0000, 0x0031, 0x0033, 0x65E5, 0x0000, 0x0031, 0x0034, 0x65E5, 0x0000, 0x0031, 0x0035, 0x65E5,
        0x0000, 0x0031, 0x0036, 0x65E5, 0x0000, 0x0031, 0x0037, 0x65E5, 0x0000, 0x0031, 0x0038, 0x65E5, 0x0000, 0x0031, 0x0039, 0x65E5,
        0x0000, 0x0032, 0x0030, 0x65E5, 0x0000, 0x0032, 0x0031, 0x65E5, 0x0000, 0x0032, 0x0032, 0x65E5, 0x0000, 0x0032, 0x0033, 0x65E5,
        0x0000, 0x0032, 0x0034, 0x65E5, 0x0000, 0x0032, 0x0035, 0x65E5, 0x0000, 0x0032, 0x0036, 0x65E5, 0x0000, 0x0032, 0x0037, 0x65E5,
        0x0000, 0x0032, 0x0038, 0x65E5, 0x0000, 0x0032, 0x0039, 0x65E5, 0x0000, 0x0033, 0x0030, 0x65E5, 0x0000, 0x0033, 0x0031, 0x65E5,
        0x0000, 0x0067, 0x0061, 0x006C, 0x0000, 0x044A, 0x0000, 0x044C, 0x0000, 0xA76F, 0x0000, 0x0053, 0x0000, 0x0043, 0x0000, 0x0046,
        0x0000, 0x0051, 0x0000, 0x0126, 0x0000, 0x0153, 0x0000, 0xA727, 0x0000, 0xAB37, 0x0000, 0x026B, 0x0000, 0xAB52, 0x0000, 0x028D,
        0x0000, 0x8C48, 0x0000, 0x66F4, 0x0000, 0x8ECA, 0x0000, 0x8CC8, 0x0000, 0x6ED1, 0x0000, 0x4E32, 0x0000, 0x53E5, 0x0000, 0x9F9C,
        0x0000, 0x9F9C, 0x0000, 0x5951, 0x0000, 0x91D1, 0x0000, 0x5587, 0x0000, 0x5948, 0x0000, 0x61F6, 0x0000, 0x7669, 0x0000, 0x7F85,
        0x0000, 0x863F, 0x0000, 0x87BA, 0x0000, 0x88F8, 0x0000, 0x908F, 0x0000, 0x6A02, 0x0000, 0x6D1B, 0x0000, 0x70D9, 0x0000, 0x73DE,
        0x0000, 0x843D, 0x0000, 0x916A, 0x0000, 0x99F1, 0x0000, 0x4E82, 0x0000, 0x5375, 0x0000, 0x6B04, 0x0000, 0x721B, 0x0000, 0x862D,
        0x0000, 0x9E1E, 0x0000, 0x5D50, 0x0000, 0x6FEB, 0x0000, 0x85CD, 0x0000, 0x8964, 0x0000, 0x62C9, 0x0000, 0x81D8, 0x0000, 0x881F,
        0x0000, 0x5ECA, 0x0000, 0x6717, 0x0000, 0x6D6A, 0x0000, 0x72FC, 0x0000, 0x90CE, 0x0000, 0x4F86, 0x0000, 0x51B7, 0x0000, 0x52DE,
        0x0000, 0x64C4, 0x0000, 0x6AD3, 0x0000, 0x7210, 0x0000, 0x76E7, 0x0000, 0x8001, 0x0000, 0x8606, 0x0000, 0x865C, 0x0000, 0x8DEF,
        0x0000, 0x9732, 0x0000, 0x9B6F, 0x0000, 0x9DFA, 0x0000, 0x788C, 0x0000, 0x797F, 0x0000, 0x7DA0, 0x0000, 0x83C9, 0x0000, 0x9304,
        0x0000, 0x9E7F, 0x0000, 0x8AD6, 0x0000, 0x58DF, 0x0000, 0x5F04, 0x0000, 0x7C60, 0x0000, 0x807E, 0x0000, 0x7262, 0x0000, 0x78CA,
        0x0000, 0x8CC2, 0x0000, 0x96F7, 0x0000, 0x58D8, 0x0000, 0x5C62, 0x0000, 0x6A13, 0x0000, 0x6DDA, 0x0000, 0x6F0F, 0x0000, 0x7D2F,
        0x0000, 0x7E37, 0x0000, 0x964B, 0x0000, 0x52D2, 0x0000, 0x808B, 0x0000, 0x51DC, 0x0000, 0x51CC, 0x0000, 0x7A1C, 0x0000, 0x7DBE,
        0x0000, 0x83F1, 0x0000, 0x9675, 0x0000, 0x8B80, 0x0000, 0x62CF, 0x0000, 0x6A02, 0x0000, 0x8AFE, 0x0000, 0x4E39, 0x0000, 0x5BE7,
        0x0000, 0x6012, 0x0000, 0x7387, 0x0000, 0x7570, 0x0000, 0x5317, 0x0000, 0x78FB, 0x0000, 0x4FBF, 0x0000, 0x5FA9, 0x0000, 0x4E0D,
        0x0000, 0x6CCC, 0x0000, 0x6578, 0x0000, 0x7D22, 0x0000, 0x53C3, 0x0000, 0x585E, 0x0000, 0x7701, 0x0000, 0x8449, 0x0000, 0x8AAA,
        0x0000, 0x6BBA, 0x0000, 0x8FB0, 0x0000, 0x6C88, 0x0000, 0x62FE, 0x0000, 0x82E5, 0x0000, 0x63A0, 0x0000, 0x7565, 0x0000, 0x4EAE,
        0x0000, 0x5169, 0x0000, 0x51C9, 0x0000, 0x6881, 0x0000, 0x7CE7, 0x0000, 0x826F, 0x0000, 0x8AD2, 0x0000, 0x91CF, 0x0000, 0x52F5,
        0x0000, 0x5442, 0x0000, 0x5973, 0x0000, 0x5EEC, 0x0000, 0x65C5, 0x0000, 0x6FFE, 0x0000, 0x792A, 0x0000, 0x95AD, 0x0000, 0x9A6A,
        0x0000, 0x9E97, 0x0000, 0x9ECE, 0x0000, 0x529B, 0x0000, 0x66C6, 0x0000, 0x6B77, 0x0000, 0x8F62, 0x0000, 0x5E74, 0x0000, 0x6190,
        0x0000, 0x6200, 0x0000, 0x649A, 0x0000, 0x6F23, 0x0000, 0x7149, 0x0000, 0x7489, 0x0000, 0x79CA, 0x0000, 0x7DF4, 0x0000, 0x806F,
        0x0000, 0x8F26, 0x0000, 0x84EE, 0x0000, 0x9023, 0x0000, 0x934A, 0x0000, 0x5217, 0x0000, 0x52A3, 0x0000, 0x54BD, 0x0000, 0x70C8,
        0x0000, 0x88C2, 0x0000, 0x8AAA, 0x0000, 0x5EC9, 0x0000, 0x5FF5, 0x0000, 0x637B, 0x0000, 0x6BAE, 0x0000, 0x7C3E, 0x0000, 0x7375,
        0x0000, 0x4EE4, 0x0000, 0x56F9, 0x0000, 0x5BE7, 0x0000, 0x5DBA, 0x0000, 0x601C, 0x0000, 0x73B2, 0x0000, 0x7469, 0x0000, 0x7F9A,
        0x0000, 0x8046, 0x0000, 0x9234, 0x0000, 0x96F6, 0x0000, 0x9748, 0x0000, 0x9818, 0x0000, 0x4F8B, 0x0000, 0x79AE, 0x0000, 0x91B4,
        0x0000, 0x96B8, 0x0000, 0x60E1, 0x0000, 0x4E86, 0x0000, 0x50DA, 0x0000, 0x5BEE, 0x0000, 0x5C3F, 0x0000, 0x6599, 0x0000, 0x6A02,
        0x0000, 0x71CE, 0x0000, 0x7642, 0x0000, 0x84FC, 0x0000, 0x907C, 0x0000, 0x9F8D, 0x0000, 0x6688, 0x0000, 0x962E, 0x0000, 0x5289,
        0x0000, 0x677B, 0x0000, 0x67F3, 0x0000, 0x6D41, 0x0000, 0x6E9C, 0x0000, 0x7409, 0x0000, 0x7559, 0x0000, 0x786B, 0x0000, 0x7D10,
        0x0000, 0x985E, 0x0000, 0x516D, 0x0000, 0x622E, 0x0000, 0x9678, 0x0000, 0x502B, 0x0000, 0x5D19, 0x0000, 0x6DEA, 0x0000, 0x8F2A,
        0x0000, 0x5F8B, 0x0000, 0x6144, 0x0000, 0x6817, 0x0000, 0x7387, 0x0000, 0x9686, 0x0000, 0x5229, 0x0000, 0x540F, 0x0000, 0x5C65,
        0x0000, 0x6613, 0x0000, 0x674E, 0x0000, 0x68A8, 0x0000, 0x6CE5, 0x0000, 0x7406, 0x0000, 0x75E2, 0x0000, 0x7F79, 0x0000, 0x88CF,
        0x0000, 0x88E1, 0x0000, 0x91CC, 0x0000, 0x96E2, 0x0000, 0x533F, 0x0000, 0x6EBA, 0x0000, 0x541D, 0x0000, 0x71D0, 0x0000, 0x7498,
        0x0000, 0x85FA, 0x0000, 0x96A3, 0x0000, 0x9C57, 0x0000, 0x9E9F, 0x0000, 0x6797, 0x0000, 0x6DCB, 0x0000, 0x81E8, 0x0000, 0x7ACB,
        0x0000, 0x7B20, 0x0000, 0x7C92, 0x0000, 0x72C0, 0x0000, 0x7099, 0x0000, 0x8B58, 0x0000, 0x4EC0, 0x0000, 0x8336, 0x0000, 0x523A,
        0x0000, 0x5207, 0x0000, 0x5EA6, 0x0000, 0x62D3, 0x0000, 0x7CD6, 0x0000, 0x5B85, 0x0000, 0x6D1E, 0x0000, 0x66B4, 0x0000, 0x8F3B,
        0x0000, 0x884C, 0x0000, 0x964D, 0x0000, 0x898B, 0x0000, 0x5ED3, 0x0000, 0x5140, 0x0000, 0x55C0, 0x0000, 0x585A, 0x0000, 0x6674,
        0x0000, 0x51DE, 0x0000, 0x732A, 0x0000, 0x76CA, 0x0000, 0x793C, 0x0000, 0x795E, 0x0000, 0x7965, 0x0000, 0x798F, 0x0000, 0x9756,
        0x0000, 0x7CBE, 0x0000, 0x7FBD, 0x0000, 0x8612, 0x0000, 0x8AF8, 0x0000, 0x9038, 0x0000, 0x90FD, 0x0000, 0x98EF, 0x0000, 0x98FC,
        0x0000, 0x9928, 0x0000, 0x9DB4, 0x0000, 0x90DE, 0x0000, 0x96B7, 0x0000, 0x4FAE, 0x0000, 0x50E7, 0x0000, 0x514D, 0x0000, 0x52C9,
        0x0000, 0x52E4, 0x0000, 0x5351, 0x0000, 0x559D, 0x0000, 0x5606, 0x0000, 0x5668, 0x0000, 0x5840, 0x0000, 0x58A8, 0x0000, 0x5C64,
        0x0000, 0x5C6E, 0x0000, 0x6094, 0x0000, 0x6168, 0x0000, 0x618E, 0x0000, 0x61F2, 0x0000, 0x654F, 0x0000, 0x65E2, 0x0000, 0x6691,
        0x0000, 0x6885, 0x0000, 0x6D77, 0x0000, 0x6E1A, 0x0000, 0x6F22, 0x0000, 0x716E, 0x0000, 0x722B, 0x0000, 0x7422, 0x0000, 0x7891,
        0x0000, 0x793E, 0x0000, 0x7949, 0x0000, 0x7948, 0x0000, 0x7950, 0x0000, 0x7956, 0x0000, 0x795D, 0x0000, 0x798D, 0x0000, 0x798E,
        0x0000, 0x7A40, 0x0000, 0x7A81, 0x0000, 0x7BC0, 0x0000, 0x7DF4, 0x0000, 0x7E09, 0x0000, 0x7E41, 0x0000, 0x7F72, 0x0000, 0x8005,
        0x0000, 0x81ED, 0x0000, 0x8279, 0x0000, 0x8279, 0x0000, 0x8457, 0x0000, 0x8910, 0x0000, 0x8996, 0x0000, 0x8B01, 0x0000, 0x8B39,
        0x0000, 0x8CD3, 0x0000, 0x8D08, 0x0000, 0x8FB6, 0x0000, 0x9038, 0x0000, 0x96E3, 0x0000, 0x97FF, 0x0000, 0x983B, 0x0000, 0x6075,
        0x0000, 0x242EE, 0x0000, 0x8218, 0x0000, 0x4E26, 0x0000, 0x51B5, 0x0000, 0x5168, 0x0000, 0x4F80, 0x0000, 0x5145, 0x0000, 0x5180,
        0x0000, 0x52C7, 0x0000, 0x52FA, 0x0000, 0x559D, 0x0000, 0x5555, 0x0000, 0x5599, 0x0000, 0x55E2, 0x0000, 0x585A, 0x0000, 0x58B3,
        0x0000, 0x5944, 0x0000, 0x5954, 0x0000, 0x5A62, 0x0000, 0x5B28, 0x0000, 0x5ED2, 0x0000, 0x5ED9, 0x0000, 0x5F69, 0x0000, 0x5FAD,
        0x0000, 0x60D8, 0x0000, 0x614E, 0x0000, 0x6108, 0x0000, 0x618E, 0x0000, 0x6160, 0x0000, 0x61F2, 0x0000, 0x6234, 0x0000, 0x63C4,
        0x0000, 0x641C, 0x0000, 0x6452, 0x0000, 0x6556, 0x0000, 0x6674, 0x0000, 0x6717, 0x0000, 0x671B, 0x0000, 0x6756, 0x0000, 0x6B79,
        0x0000, 0x6BBA, 0x0000, 0x6D41, 0x0000, 0x6EDB, 0x0000, 0x6ECB, 0x0000, 0x6F22, 0x0000, 0x701E, 0x0000, 0x716E, 0x0000, 0x77A7,
        0x0000, 0x7235, 0x0000, 0x72AF, 0x0000, 0x732A, 0x0000, 0x7471, 0x0000, 0x7506, 0x0000, 0x753B, 0x0000, 0x761D, 0x0000, 0x761F,
        0x0000, 0x76CA, 0x0000, 0x76DB, 0x0000, 0x76F4, 0x0000, 0x774A, 0x0000, 0x7740, 0x0000, 0x78CC, 0x0000, 0x7AB1, 0x0000, 0x7BC0,
        0x0000, 0x7C7B, 0x0000, 0x7D5B, 0x0000, 0x7DF4, 0x0000, 0x7F3E, 0x0000, 0x8005, 0x0000, 0x8352, 0x0000, 0x83EF, 0x0000, 0x8779,
        0x0000, 0x8941, 0x0000, 0x8986, 0x0000, 0x8996, 0x0000, 0x8ABF, 0x0000, 0x8AF8, 0x0000, 0x8ACB, 0x0000, 0x8B01, 0x0000, 0x8AFE,
        0x0000, 0x8AED, 0x0000, 0x8B39, 0x0000, 0x8B8A, 0x0000, 0x8D08, 0x0000, 0x8F38, 0x0000, 0x9072, 0x0000, 0x9199, 0x0000, 0x9276,
        0x0000, 0x967C, 0x0000, 0x96E3, 0x0000, 0x9756, 0x0000, 0x97DB, 0x0000, 0x97FF, 0x0000, 0x980B, 0x0000, 0x983B, 0x0000, 0x9B12,
        0x0000, 0x9F9C, 0x0000, 0x2284A, 0x0000, 0x22844, 0x0000, 0x233D5, 0x0000, 0x3B9D, 0x0000, 0x4018, 0x0000, 0x4039, 0x0000, 0x25249,
        0x0000, 0x25CD0, 0x0000, 0x27ED3, 0x0000, 0x9F43, 0x0000, 0x9F8E, 0x0000, 0x0066, 0x0066, 0x0000, 0x0066, 0x0069, 0x0000, 0x0066,
        0x006C, 0x0000, 0x0066, 0x0066, 0x0069, 0x0000, 0x0066, 0x0066, 0x006C, 0x0000, 0x017F, 0x0074, 0x0000, 0x0073, 0x0074, 0x0000,
        0x0574, 0x0576, 0x0000, 0x0574, 0x0565, 0x0000, 0x0574, 0x056B, 0x0000, 0x057E, 0x0576, 0x0000, 0x0574, 0x056D, 0x0000, 0x05D9,
        0x05B4, 0x0000, 0x05F2, 0x05B7, 0x0000, 0x05E2, 0x0000, 0x05D0, 0x0000, 0x05D3, 0x0000, 0x05D4, 0x0000, 0x05DB, 0x0000, 0x05DC,
        0x0000, 0x05DD, 0x0000, 0x05E8, 0x0000, 0x05EA, 0x0000, 0x002B, 0x0000, 0x05E9, 0x05C1, 0x0000, 0x05E9, 0x05C2, 0x0000, 0xFB49,
        0x05C1, 0x0000, 0xFB49, 0x05C2, 0x0000, 0x05D0, 0x05B7, 0x0000, 0x05D0, 0x05B8, 0x0000, 0x05D0, 0x05BC, 0x0000, 0x05D1, 0x05BC,
        0x0000, 0x05D2, 0x05BC, 0x0000, 0x05D3, 0x05BC, 0x0000, 0x05D4, 0x05BC, 0x0000, 0x05D5, 0x05BC, 0x0000, 0x05D6, 0x05BC, 0x0000,
        0x05D8, 0x05BC, 0x0000, 0x05D9, 0x05BC, 0x0000, 0x05DA, 0x05BC, 0x0000, 0x05DB, 0x05BC, 0x0000, 0x05DC, 0x05BC, 0x0000, 0x05DE,
        0x05BC, 0x0000, 0x05E0, 0x05BC, 0x0000, 0x05E1, 0x05BC, 0x0000, 0x05E3, 0x05BC, 0x0000, 0x05E4, 0x05BC, 0x0000, 0x05E6, 0x05BC,
        0x0000, 0x05E7, 0x05BC, 0x0000, 0x05E8, 0x05BC, 0x0000, 0x05E9, 0x05BC, 0x0000, 0x05EA, 0x05BC, 0x0000, 0x05D5, 0x05B9, 0x0000,
        0x05D1, 0x05BF, 0x0000, 0x05DB, 0x05BF, 0x0000, 0x05E4, 0x05BF, 0x0000, 0x05D0, 0x05DC, 0x0000, 0x0671, 0x0000, 0x0671, 0x0000,
        0x067B, 0x0000, 0x067B, 0x0000, 0x067B, 0x0000, 0x067B, 0x0000, 0x067E, 0x0000, 0x067E, 0x0000, 0x067E, 0x0000, 0x067E, 0x0000,
        0x0680, 0x0000, 0x0680, 0x0000, 0x0680, 0x0000, 0x0680, 0x0000, 0x067A, 0x0000, 0x067A, 0x0000, 0x067A, 0x0000, 0x067A, 0x0000,
        0x067F, 0x0000, 0x067F, 0x0000, 0x067F, 0x0000, 0x067F, 0x0000, 0x0679, 0x0000, 0x0679, 0x0000, 0x0679, 0x0000, 0x0679, 0x0000,
        0x06A4, 0x0000, 0x06A4, 0x0000, 0x06A4, 0x0000, 0x06A4, 0x0000, 0x06A6, 0x0000, 0x06A6, 0x0000, 0x06A6, 0x0000, 0x06A6, 0x0000,
        0x0684, 0x0000, 0x0684, 0x0000, 0x0684, 0x0000, 0x0684, 0x0000, 0x0683, 0x0000, 0x0683, 0x0000, 0x0683, 0x0000, 0x0683, 0x0000,
        0x0686, 0x0000, 0x0686, 0x0000, 0x0686, 0x0000, 0x0686, 0x0000, 0x0687, 0x0000, 0x0687, 0x0000, 0x0687, 0x0000, 0x0687, 0x0000,
        0x068D, 0x0000, 0x068D, 0x0000, 0x068C, 0x0000, 0x068C, 0x0000, 0x068E, 0x0000, 0x068E, 0x0000, 0x0688, 0x0000, 0x0688, 0x0000,
        0x0698, 0x0000, 0x0698, 0x0000, 0x0691, 0x0000, 0x0691, 0x0000, 0x06A9, 0x0000, 0x06A9, 0x0000, 0x06A9, 0x0000, 0x06A9, 0x0000,
        0x06AF, 0x0000, 0x06AF, 0x0000, 0x06AF, 0x0000, 0x06AF, 0x0000, 0x06B3, 0x0000, 0x06B3, 0x0000, 0x06B3, 0x0000, 0x06B3, 0x0000,
        0x06B1, 0x0000, 0x06B1, 0x0000, 0x06B1, 0x0000, 0x06B1, 0x0000, 0x06BA, 0x0000, 0x06BA, 0x0000, 0x06BB, 0x0000, 0x06BB, 0x0000,
        0x06BB, 0x0000, 0x06BB, 0x0000, 0x06C0, 0x0000, 0x06C0, 0x0000, 0x06C1, 0x0000, 0x06C1, 0x0000, 0x06C1, 0x0000, 0x06C1, 0x0000,
        0x06BE, 0x0000, 0x06BE, 0x0000, 0x06BE, 0x0000, 0x06BE, 0x0000, 0x06D2, 0x0000, 0x06D2, 0x0000, 0x06D3, 0x0000, 0x06D3, 0x0000,
        0x06AD, 0x0000, 0x06AD, 0x0000, 0x06AD, 0x0000, 0x06AD, 0x0000, 0x06C7, 0x0000, 0x06C7, 0x0000, 0x06C6, 0x0000, 0x06C6, 0x0000,
        0x06C8, 0x0000, 0x06C8, 0x0000, 0x0677, 0x0000, 0x06CB, 0x0000, 0x06CB, 0x0000, 0x06C5, 0x0000, 0x06C5, 0x0000, 0x06C9, 0x0000,
        0x06C9, 0x0000, 0x06D0, 0x0000, 0x06D0, 0x0000, 0x06D0, 0x0000, 0x06D0, 0x0000, 0x0649, 0x0000, 0x0649, 0x0000, 0x0626, 0x0627,
        0x0000, 0x0626, 0x0627, 0x0000, 0x0626, 0x06D5, 0x0000, 0x0626, 0x06D5, 0x0000, 0x0626, 0x0648, 0x0000, 0x0626, 0x0648, 0x0000,
        0x0626, 0x06C7, 0x0000, 0x0626, 0x06C7, 0x0000, 0x0626, 0x06C6, 0x0000, 0x0626, 0x06C6, 0x0000, 0x0626, 0x06C8, 0x0000, 0x0626,
        0x06C8, 0x0000, 0x0626, 0x06D0, 0x0000, 0x0626, 0x06D0, 0x0000, 0x0626, 0x06D0, 0x0000, 0x0626, 0x0649, 0x0000, 0x0626, 0x0649,
        0x0000, 0x0626, 0x0649, 0x0000, 0x06CC, 0x0000, 0x06CC, 0x0000, 0x06CC, 0x0000, 0x06CC, 0x0000, 0x0626, 0x062C, 0x0000, 0x0626,
        0x062D, 0x0000, 0x0626, 0x0645, 0x0000, 0x0626, 0x0649, 0x0000, 0x0626, 0x064A, 0x0000, 0x0628, 0x062C, 0x0000, 0x0628, 0x062D,
        0x0000, 0x0628, 0x062E, 0x0000, 0x0628, 0x0645, 0x0000, 0x0628, 0x0649, 0x0000, 0x0628, 0x064A, 0x0000, 0x062A, 0x062C, 0x0000,
        0x062A, 0x062D, 0x0000, 0x062A, 0x062E, 0x0000, 0x062A, 0x0645, 0x0000, 0x062A, 0x0649, 0x0000, 0x062A, 0x064A, 0x0000, 0x062B,
        0x062C, 0x0000, 0x062B, 0x0645, 0x0000, 0x062B, 0x0649, 0x0000, 0x062B, 0x064A, 0x0000, 0x062C, 0x062D, 0x0000, 0x062C, 0x0645,
        0x0000, 0x062D, 0x062C, 0x0000, 0x062D, 0x0645, 0x0000, 0x062E, 0x062C, 0x0000, 0x062E, 0x062D, 0x0000, 0x062E, 0x0645, 0x0000,
        0x0633, 0x062C, 0x0000, 0x0633, 0x062D, 0x0000, 0x0633, 0x062E, 0x0000, 0x0633, 0x0645, 0x0000, 0x0635, 0x062D, 0x0000, 0x0635,
        0x0645, 0x0000, 0x0636, 0x062C, 0x0000, 0x0636, 0x062D, 0x0000, 0x0636, 0x062E, 0x0000, 0x0636, 0x0645, 0x0000, 0x0637, 0x062D,
        0x0000, 0x0637, 0x0645, 0x0000, 0x0638, 0x0645, 0x0000, 0x0639, 0x062C, 0x0000, 0x0639, 0x0645, 0x0000, 0x063A, 0x062C, 0x0000,
        0x063A, 0x0645, 0x0000, 0x0641, 0x062C, 0x0000, 0x0641, 0x062D, 0x0000, 0x0641, 0x062E, 0x0000, 0x0641, 0x0645, 0x0000, 0x0641,
        0x0649, 0x0000, 0x0641, 0x064A, 0x0000, 0x0642, 0x062D, 0x0000, 0x0642, 0x0645, 0x0000, 0x0642, 0x0649, 0x0000, 0x0642, 0x064A,
        0x0000, 0x0643, 0x0627, 0x0000, 0x0643, 0x062C, 0x0000, 0x0643, 0x062D, 0x0000, 0x0643, 0x062E, 0x0000, 0x0643, 0x0644, 0x0000,
        0x0643, 0x0645, 0x0000, 0x0643, 0x0649, 0x0000, 0x0643, 0x064A, 0x0000, 0x0644, 0x062C, 0x0000, 0x0644, 0x062D, 0x0000, 0x0644,
        0x062E, 0x0000, 0x0644, 0x0645, 0x0000, 0x0644, 0x0649, 0x0000, 0x0644, 0x064A, 0x0000, 0x0645, 0x062C, 0x0000, 0x0645, 0x062D,
        0x0000, 0x0645, 0x062E, 0x0000, 0x0645, 0x0645, 0x0000, 0x0645, 0x0649, 0x0000, 0x0645, 0x064A, 0x0000, 0x0646, 0x062C, 0x0000,
        0x0646, 0x062D, 0x0000, 0x0646, 0x062E, 0x0000, 0x0646, 0x0645, 0x0000, 0x0646, 0x0649, 0x0000, 0x0646, 0x064A, 0x0000, 0x0647,
        0x062C, 0x0000, 0x0647, 0x0645, 0x0000, 0x0647, 0x0649, 0x0000, 0x0647, 0x064A, 0x0000, 0x064A, 0x062C, 0x0000, 0x064A, 0x062D,
        0x0000, 0x064A, 0x062E, 0x0000, 0x064A, 0x0645, 0x0000, 0x064A, 0x0649, 0x0000, 0x064A, 0x064A, 0x0000, 0x0630, 0x0670, 0x0000,
        0x0631, 0x0670, 0x0000, 0x0649, 0x0670, 0x0000, 0x0020, 0x064C, 0x0651, 0x0000, 0x0020, 0x064D, 0x0651, 0x0000, 0x0020, 0x064E,
        0x0651, 0x0000, 0x0020, 0x064F, 0x0651, 0x0000, 0x0020, 0x0650, 0x0651, 0x0000, 0x0020, 0x0651, 0x0670, 0x0000, 0x0626, 0x0631,
        0x0000, 0x0626, 0x0632, 0x0000, 0x0626, 0x0645, 0x0000, 0x0626, 0x0646, 0x0000, 0x0626, 0x0649, 0x0000, 0x0626, 0x064A, 0x0000,
        0x0628, 0x0631, 0x0000, 0x0628, 0x0632, 0x0000, 0x0628, 0x0645, 0x0000, 0x0628, 0x0646, 0x0000, 0x0628, 0x0649, 0x0000, 0x0628,
        0x064A, 0x0000, 0x062A, 0x0631, 0x0000, 0x062A, 0x0632, 0x0000, 0x062A, 0x0645, 0x0000, 0x062A, 0x0646, 0x0000, 0x062A, 0x0649,
        0x0000, 0x062A, 0x064A, 0x0000, 0x062B, 0x0631, 0x0000, 0x062B, 0x0632, 0x0000, 0x062B, 0x0645, 0x0000, 0x062B, 0x0646, 0x0000,
        0x062B, 0x0649, 0x0000, 0x062B, 0x064A, 0x0000, 0x0641, 0x0649, 0x0000, 0x0641, 0x064A, 0x0000, 0x0642, 0x0649, 0x0000, 0x0642,
        0x064A, 0x0000, 0x0643, 0x0627, 0x0000, 0x0643, 0x0644, 0x0000, 0x0643, 0x0645, 0x0000, 0x0643, 0x0649, 0x0000, 0x0643, 0x064A,
        0x0000, 0x0644, 0x0645, 0x0000, 0x0644, 0x0649, 0x0000, 0x0644, 0x064A, 0x0000, 0x0645, 0x0627, 0x0000, 0x0645, 0x0645, 0x0000,
        0x0646, 0x0631, 0x0000, 0x0646, 0x0632, 0x0000, 0x0646, 0x0645, 0x0000, 0x0646, 0x0646, 0x0000, 0x0646, 0x0649, 0x0000, 0x0646,
        0x064A, 0x0000, 0x0649, 0x0670, 0x0000, 0x064A, 0x0631, 0x0000, 0x064A, 0x0632, 0x0000, 0x064A, 0x0645, 0x0000, 0x064A, 0x0646,
        0x0000, 0x064A, 0x0649, 0x0000, 0x064A, 0x064A, 0x0000, 0x0626, 0x062C, 0x0000, 0x0626, 0x062D, 0x0000, 0x0626, 0x062E, 0x0000,
        0x0626, 0x0645, 0x0000, 0x0626, 0x0647, 0x0000, 0x0628, 0x062C, 0x0000, 0x0628, 0x062D, 0x0000, 0x0628, 0x062E, 0x0000, 0x0628,
        0x0645, 0x0000, 0x0628, 0x0647, 0x0000, 0x062A, 0x062C, 0x0000, 0x062A, 0x062D, 0x0000, 0x062A, 0x062E, 0x0000, 0x062A, 0x0645,
        0x0000, 0x062A, 0x0647, 0x0000, 0x062B, 0x0645, 0x0000, 0x062C, 0x062D, 0x0000, 0x062C, 0x0645, 0x0000, 0x062D, 0x062C, 0x0000,
        0x062D, 0x0645, 0x0000, 0x062E, 0x062C, 0x0000, 0x062E, 0x0645, 0x0000, 0x0633, 0x062C, 0x0000, 0x0633, 0x062D, 0x0000, 0x0633,
        0x062E, 0x0000, 0x0633, 0x0645, 0x0000, 0x0635, 0x062D, 0x0000, 0x0635, 0x062E, 0x0000, 0x0635, 0x0645, 0x0000, 0x0636, 0x062C,
        0x0000, 0x0636, 0x062D, 0x0000, 0x0636, 0x062E, 0x0000, 0x0636, 0x0645, 0x0000, 0x0637, 0x062D, 0x0000, 0x0638, 0x0645, 0x0000,
        0x0639, 0x062C, 0x0000, 0x0639, 0x0645, 0x0000, 0x063A, 0x062C, 0x0000, 0x063A, 0x0645, 0x0000, 0x0641, 0x062C, 0x0000, 0x0641,
        0x062D, 0x0000, 0x0641, 0x062E, 0x0000, 0x0641, 0x0645, 0x0000, 0x0642, 0x062D, 0x0000, 0x0642, 0x0645, 0x0000, 0x0643, 0x062C,
        0x0000, 0x0643, 0x062D, 0x0000, 0x0643, 0x062E, 0x0000, 0x0643, 0x0644, 0x0000, 0x0643, 0x0645, 0x0000, 0x0644, 0x062C, 0x0000,
        0x0644, 0x062D, 0x0000, 0x0644, 0x062E, 0x0000, 0x0644, 0x0645, 0x0000, 0x0644, 0x0647, 0x0000, 0x0645, 0x062C, 0x0000, 0x0645,
        0x062D, 0x0000, 0x0645, 0x062E, 0x0000, 0x0645, 0x0645, 0x0000, 0x0646, 0x062C, 0x0000, 0x0646, 0x062D, 0x0000, 0x0646, 0x062E,
        0x0000, 0x0646, 0x0645, 0x0000, 0x0646, 0x0647, 0x0000, 0x0647, 0x062C, 0x0000, 0x0647, 0x0645, 0x0000, 0x0647, 0x0670, 0x0000,
        0x064A, 0x062C, 0x0000, 0x064A, 0x062D, 0x0000, 0x064A, 0x062E, 0x0000, 0x064A, 0x0645, 0x0000, 0x064A, 0x0647, 0x0000, 0x0626,
        0x0645, 0x0000, 0x0626, 0x0647, 0x0000, 0x0628, 0x0645, 0x0000, 0x0628, 0x0647, 0x0000, 0x062A, 0x0645, 0x0000, 0x062A, 0x0647,
        0x0000, 0x062B, 0x0645, 0x0000, 0x062B, 0x0647, 0x0000, 0x0633, 0x0645, 0x0000, 0x0633, 0x0647, 0x0000, 0x0634, 0x0645, 0x0000,
        0x0634, 0x0647, 0x0000, 0x0643, 0x0644, 0x0000, 0x0643, 0x0645, 0x0000, 0x0644, 0x0645, 0x0000, 0x0646, 0x0645, 0x0000, 0x0646,
        0x0647, 0x0000, 0x064A, 0x0645, 0x0000, 0x064A, 0x0647, 0x0000, 0x0640, 0x064E, 0x0651, 0x0000, 0x0640, 0x064F, 0x0651, 0x0000,
        0x0640, 0x0650, 0x0651, 0x0000, 0x0637, 0x0649, 0x0000, 0x0637, 0x064A, 0x0000, 0x0639, 0x0649, 0x0000, 0x0639, 0x064A, 0x0000,
        0x063A, 0x0649, 0x0000, 0x063A, 0x064A, 0x0000, 0x0633, 0x0649, 0x0000, 0x0633, 0x064A, 0x0000, 0x0634, 0x0649, 0x0000, 0x0634,
        0x064A, 0x0000, 0x062D, 0x0649, 0x0000, 0x062D, 0x064A, 0x0000, 0x062C, 0x0649, 0x0000, 0x062C, 0x064A, 0x0000, 0x062E, 0x0649,
        0x0000, 0x062E, 0x064A, 0x0000, 0x0635, 0x0649, 0x0000, 0x0635, 0x064A, 0x0000, 0x0636, 0x0649, 0x0000, 0x0636, 0x064A, 0x0000,
        0x0634, 0x062C, 0x0000, 0x0634, 0x062D, 0x0000, 0x0634, 0x062E, 0x0000, 0x0634, 0x0645, 0x0000, 0x0634, 0x0631, 0x0000, 0x0633,
        0x0631, 0x0000, 0x0635, 0x0631, 0x0000, 0x0636, 0x0631, 0x0000, 0x0637, 0x0649, 0x0000, 0x0637, 0x064A, 0x0000, 0x0639, 0x0649,
        0x0000, 0x0639, 0x064A, 0x0000, 0x063A, 0x0649, 0x0000, 0x063A, 0x064A, 0x0000, 0x0633, 0x0649, 0x0000, 0x0633, 0x064A, 0x0000,
        0x0634, 0x0649, 0x0000, 0x0634, 0x064A, 0x0000, 0x062D, 0x0649, 0x0000, 0x062D, 0x064A, 0x0000, 0x062C, 0x0649, 0x0000, 0x062C,
        0x064A, 0x0000, 0x062E, 0x0649, 0x0000, 0x062E, 0x064A, 0x0000, 0x0635, 0x0649, 0x0000, 0x0635, 0x064A, 0x0000, 0x0636, 0x0649,
        0x0000, 0x0636, 0x064A, 0x0000, 0x0634, 0x062C, 0x0000, 0x0634, 0x062D, 0x0000, 0x0634, 0x062E, 0x0000, 0x0634, 0x0645, 0x0000,
        0x0634, 0x0631, 0x0000, 0x0633, 0x0631, 0x0000, 0x0635, 0x0631, 0x0000, 0x0636, 0x0631, 0x0000, 0x0634, 0x062C, 0x0000, 0x0634,
        0x062D, 0x0000, 0x0634, 0x062E, 0x0000, 0x0634, 0x0645, 0x0000, 0x0633, 0x0647, 0x0000, 0x0634, 0x0647, 0x0000, 0x0637, 0x0645,
        0x0000, 0x0633, 0x062C, 0x0000, 0x0633, 0x062D, 0x0000, 0x0633, 0x062E, 0x0000, 0x0634, 0x062C, 0x0000, 0x0634, 0x062D, 0x0000,
        0x0634, 0x062E, 0x0000, 0x0637, 0x0645, 0x0000, 0x0638, 0x0645, 0x0000, 0x0627, 0x064B, 0x0000, 0x0627, 0x064B, 0x0000, 0x062A,
        0x062C, 0x0645, 0x0000, 0x062A, 0x062D, 0x062C, 0x0000, 0x062A, 0x062D, 0x062C, 0x0000, 0x062A, 0x062D, 0x0645, 0x0000, 0x062A,
        0x062E, 0x0645, 0x0000, 0x062A, 0x0645, 0x062C, 0x0000, 0x062A, 0x0645, 0x062D, 0x0000, 0x062A, 0x0645, 0x062E, 0x0000, 0x062C,
        0x0645, 0x062D, 0x0000, 0x062C, 0x0645, 0x062D, 0x0000, 0x062D, 0x0645, 0x064A, 0x0000, 0x062D, 0x0645, 0x0649, 0x0000, 0x0633,
        0x062D, 0x062C, 0x0000, 0x0633, 0x062C, 0x062D, 0x0000, 0x0633, 0x062C, 0x0649, 0x0000, 0x0633, 0x0645, 0x062D, 0x0000, 0x0633,
        0x0645, 0x062D, 0x0000, 0x0633, 0x0645, 0x062C, 0x0000, 0x0633, 0x0645, 0x0645, 0x0000, 0x0633, 0x0645, 0x0645, 0x0000, 0x0635,
        0x062D, 0x062D, 0x0000, 0x0635, 0x062D, 0x062D, 0x0000, 0x0635, 0x0645, 0x0645, 0x0000, 0x0634, 0x062D, 0x0645, 0x0000, 0x0634,
        0x062D, 0x0645, 0x0000, 0x0634, 0x062C, 0x064A, 0x0000, 0x0634, 0x0645, 0x062E, 0x0000, 0x0634, 0x0645, 0x062E, 0x0000, 0x0634,
        0x0645, 0x0645, 0x0000, 0x0634, 0x0645, 0x0645, 0x0000, 0x0636, 0x062D, 0x0649, 0x0000, 0x0636, 0x062E, 0x0645, 0x0000, 0x0636,
        0x062E, 0x0645, 0x0000, 0x0637, 0x0645, 0x062D, 0x0000, 0x0637, 0x0645, 0x062D, 0x0000, 0x0637, 0x0645, 0x0645, 0x0000, 0x0637,
        0x0645, 0x064A, 0x0000, 0x0639, 0x062C, 0x0645, 0x0000, 0x0639, 0x0645, 0x0645, 0x0000, 0x0639, 0x0645, 0x0645, 0x0000, 0x0639,
        0x0645, 0x0649, 0x0000, 0x063A, 0x0645, 0x0645, 0x0000, 0x063A, 0x0645, 0x064A, 0x0000, 0x063A, 0x0645, 0x0649, 0x0000, 0x0641,
        0x062E, 0x0645, 0x0000, 0x0641, 0x062E, 0x0645, 0x0000, 0x0642, 0x0645, 0x062D, 0x0000, 0x0642, 0x0645, 0x0645, 0x0000, 0x0644,
        0x062D, 0x0645, 0x0000, 0x0644, 0x062D, 0x064A, 0x0000, 0x0644, 0x062D, 0x0649, 0x0000, 0x0644, 0x062C, 0x062C, 0x0000, 0x0644,
        0x062C, 0x062C, 0x0000, 0x0644, 0x062E, 0x0645, 0x0000, 0x0644, 0x062E, 0x0645, 0x0000, 0x0644, 0x0645, 0x062D, 0x0000, 0x0644,
        0x0645, 0x062D, 0x0000, 0x0645, 0x062D, 0x062C, 0x0000, 0x0645, 0x062D, 0x0645, 0x0000, 0x0645, 0x062D, 0x064A, 0x0000, 0x0645,
        0x062C, 0x062D, 0x0000, 0x0645, 0x062C, 0x0645, 0x0000, 0x0645, 0x062E, 0x062C, 0x0000, 0x0645, 0x062E, 0x0645, 0x0000, 0x0645,
        0x062C, 0x062E, 0x0000, 0x0647, 0x0645, 0x062C, 0x0000, 0x0647, 0x0645, 0x0645, 0x0000, 0x0646, 0x062D, 0x0645, 0x0000, 0x0646,
        0x062D, 0x0649, 0x0000, 0x0646, 0x062C, 0x0645, 0x0000, 0x0646, 0x062C, 0x0645, 0x0000, 0x0646, 0x062C, 0x0649, 0x0000, 0x0646,
        0x0645, 0x064A, 0x0000, 0x0646, 0x0645, 0x0649, 0x0000, 0x064A, 0x0645, 0x0645, 0x0000, 0x064A, 0x0645, 0x0645, 0x0000, 0x0628,
        0x062E, 0x064A, 0x0000, 0x062A, 0x062C, 0x064A, 0x0000, 0x062A, 0x062C, 0x0649, 0x0000, 0x062A, 0x062E, 0x064A, 0x0000, 0x062A,
        0x062E, 0x0649, 0x0000, 0x062A, 0x0645, 0x064A, 0x0000, 0x062A, 0x0645, 0x0649, 0x0000, 0x062C, 0x0645, 0x064A, 0x0000, 0x062C,
        0x062D, 0x0649, 0x0000, 0x062C, 0x0645, 0x0649, 0x0000, 0x0633, 0x062E, 0x0649, 0x0000, 0x0635, 0x062D, 0x064A, 0x0000, 0x0634,
        0x062D, 0x064A, 0x0000, 0x0636, 0x062D, 0x064A, 0x0000, 0x0644, 0x062C, 0x064A, 0x0000, 0x0644, 0x0645, 0x064A, 0x0000, 0x064A,
        0x062D, 0x064A, 0x0000, 0x064A, 0x062C, 0x064A, 0x0000, 0x064A, 0x0645, 0x064A, 0x0000, 0x0645, 0x0645, 0x064A, 0x0000, 0x0642,
        0x0645, 0x064A, 0x0000, 0x0646, 0x062D, 0x064A, 0x0000, 0x0642, 0x0645, 0x062D, 0x0000, 0x0644, 0x062D, 0x0645, 0x0000, 0x0639,
        0x0645, 0x064A, 0x0000, 0x0643, 0x0645, 0x064A, 0x0000, 0x0646, 0x062C, 0x062D, 0x0000, 0x0645, 0x062E, 0x064A, 0x0000, 0x0644,
        0x062C, 0x0645, 0x0000, 0x0643, 0x0645, 0x0645, 0x0000, 0x0644, 0x062C, 0x0645, 0x0000, 0x0646, 0x062C, 0x062D, 0x0000, 0x062C,
        0x062D, 0x064A, 0x0000, 0x062D, 0x062C, 0x064A, 0x0000, 0x0645, 0x062C, 0x064A, 0x0000, 0x0641, 0x0645, 0x064A, 0x0000, 0x0628,
        0x062D, 0x064A, 0x0000, 0x0643, 0x0645, 0x0645, 0x0000, 0x0639, 0x062C, 0x0645, 0x0000, 0x0635, 0x0645, 0x0645, 0x0000, 0x0633,
        0x062E, 0x064A, 0x0000, 0x0646, 0x062C, 0x064A, 0x0000, 0x0635, 0x0644, 0x06D2, 0x0000, 0x0642, 0x0644, 0x06D2, 0x0000, 0x0627,
        0x0644, 0x0644, 0x0647, 0x0000, 0x0627, 0x0643, 0x0628, 0x0631, 0x0000, 0x0645, 0x062D, 0x0645, 0x062F, 0x0000, 0x0635, 0x0644,
        0x0639, 0x0645, 0x0000, 0x0631, 0x0633, 0x0648, 0x0644, 0x0000, 0x0639, 0x0644, 0x064A, 0x0647, 0x0000, 0x0648, 0x0633, 0x0644,
        0x0645, 0x0000, 0x0635, 0x0644, 0x0649, 0x0000, 0x0635, 0x0644, 0x0649, 0x0020, 0x0627, 0x0644, 0x0644, 0x0647, 0x0020, 0x0639,
        0x0644, 0x064A, 0x0647, 0x0020, 0x0648, 0x0633, 0x0644, 0x0645, 0x0000, 0x062C, 0x0644, 0x0020, 0x062C, 0x0644, 0x0627, 0x0644,
        0x0647, 0x0000, 0x0631, 0x06CC, 0x0627, 0x0644, 0x0000, 0x002C, 0x0000, 0x3001, 0x0000, 0x3002, 0x0000, 0x003A, 0x0000, 0x003B,
        0x0000, 0x0021, 0x0000, 0x003F, 0x0000, 0x3016, 0x0000, 0x3017, 0x0000, 0x2026, 0x0000, 0x2025, 0x0000, 0x2014, 0x0000, 0x2013,
        0x0000, 0x005F, 0x0000, 0x005F, 0x0000, 0x0028, 0x0000, 0x0029, 0x0000, 0x007B, 0x0000, 0x007D, 0x0000, 0x3014, 0x0000, 0x3015,
        0x0000, 0x3010, 0x0000, 0x3011, 0x0000, 0x300A, 0x0000, 0x300B, 0x0000, 0x3008, 0x0000, 0x3009, 0x0000, 0x300C, 0x0000, 0x300D,
        0x0000, 0x300E, 0x0000, 0x300F, 0x0000, 0x005B, 0x0000, 0x005D, 0x0000, 0x203E, 0x0000, 0x203E, 0x0000, 0x203E, 0x0000, 0x203E,
        0x0000, 0x005F, 0x0000, 0x005F, 0x0000, 0x005F, 0x0000, 0x002C, 0x0000, 0x3001, 0x0000, 0x002E, 0x0000, 0x003B, 0x0000, 0x003A,
        0x0000, 0x003F, 0x0000, 0x0021, 0x0000, 0x2014, 0x0000, 0x0028, 0x0000, 0x0029, 0x0000, 0x007B, 0x0000, 0x007D, 0x0000, 0x3014,
        0x0000, 0x3015, 0x0000, 0x0023, 0x0000, 0x0026, 0x0000, 0x002A, 0x0000, 0x002B, 0x0000, 0x002D, 0x0000, 0x003C, 0x0000, 0x003E,
        0x0000, 0x003D, 0x0000, 0x005C, 0x0000, 0x0024, 0x0000, 0x0025, 0x0000, 0x0040, 0x0000, 0x0020, 0x064B, 0x0000, 0x0640, 0x064B,
        0x0000, 0x0020, 0x064C, 0x0000, 0x0020, 0x064D, 0x0000, 0x0020, 0x064E, 0x0000, 0x0640, 0x064E, 0x0000, 0x0020, 0x064F, 0x0000,
        0x0640, 0x064F, 0x0000, 0x0020, 0x0650, 0x0000, 0x0640, 0x0650, 0x0000, 0x0020, 0x0651, 0x0000, 0x0640, 0x0651, 0x0000, 0x0020,
        0x0652, 0x0000, 0x0640, 0x0652, 0x0000, 0x0621, 0x0000, 0x0622, 0x0000, 0x0622, 0x0000, 0x0623, 0x0000, 0x0623, 0x0000, 0x0624,
        0x0000, 0x0624, 0x0000, 0x0625, 0x0000, 0x0625, 0x0000, 0x0626, 0x0000, 0x0626, 0x0000, 0x0626, 0x0000, 0x0626, 0x0000, 0x0627,
        0x0000, 0x0627, 0x0000, 0x0628, 0x0000, 0x0628, 0x0000, 0x0628, 0x0000, 0x0628, 0x0000, 0x0629, 0x0000, 0x0629, 0x0000, 0x062A,
        0x0000, 0x062A, 0x0000, 0x062A, 0x0000, 0x062A, 0x0000, 0x062B, 0x0000, 0x062B, 0x0000, 0x062B, 0x0000, 0x062B, 0x0000, 0x062C,
        0x0000, 0x062C, 0x0000, 0x062C, 0x0000, 0x062C, 0x0000, 0x062D, 0x0000, 0x062D, 0x0000, 0x062D, 0x0000, 0x062D, 0x0000, 0x062E,
        0x0000, 0x062E, 0x0000, 0x062E, 0x0000, 0x062E, 0x0000, 0x062F, 0x0000, 0x062F, 0x0000, 0x0630, 0x0000, 0x0630, 0x0000, 0x0631,
        0x0000, 0x0631, 0x0000, 0x0632, 0x0000, 0x0632, 0x0000, 0x0633, 0x0000, 0x0633, 0x0000, 0x0633, 0x0000, 0x0633, 0x0000, 0x0634,
        0x0000, 0x0634, 0x0000, 0x0634, 0x0000, 0x0634, 0x0000, 0x0635, 0x0000, 0x0635, 0x0000, 0x0635, 0x0000, 0x0635, 0x0000, 0x0636,
        0x0000, 0x0636, 0x0000, 0x0636, 0x0000, 0x0636, 0x0000, 0x0637, 0x0000, 0x0637, 0x0000, 0x0637, 0x0000, 0x0637, 0x0000, 0x0638,
        0x0000, 0x0638, 0x0000, 0x0638, 0x0000, 0x0638, 0x0000, 0x0639, 0x0000, 0x0639, 0x0000, 0x0639, 0x0000, 0x0639, 0x0000, 0x063A,
        0x0000, 0x063A, 0x0000, 0x063A, 0x0000, 0x063A, 0x0000, 0x0641, 0x0000, 0x0641, 0x0000, 0x0641, 0x0000, 0x0641, 0x0000, 0x0642,
        0x0000, 0x0642, 0x0000, 0x0642, 0x0000, 0x0642, 0x0000, 0x0643, 0x0000, 0x0643, 0x0000, 0x0643, 0x0000, 0x0643, 0x0000, 0x0644,
        0x0000, 0x0644, 0x0000, 0x0644, 0x0000, 0x0644, 0x0000, 0x0645, 0x0000, 0x0645, 0x0000, 0x0645, 0x0000, 0x0645, 0x0000, 0x0646,
        0x0000, 0x0646, 0x0000, 0x0646, 0x0000, 0x0646, 0x0000, 0x0647, 0x0000, 0x0647, 0x0000, 0x0647, 0x0000, 0x0647, 0x0000, 0x0648,
        0x0000, 0x0648, 0x0000, 0x0649, 0x0000, 0x0649, 0x0000, 0x064A, 0x0000, 0x064A, 0x0000, 0x064A, 0x0000, 0x064A, 0x0000, 0x0644,
        0x0622, 0x0000, 0x0644, 0x0622, 0x0000, 0x0644, 0x0623, 0x0000, 0x0644, 0x0623, 0x0000, 0x0644, 0x0625, 0x0000, 0x0644, 0x0625,
        0x0000, 0x0644, 0x0627, 0x0000, 0x0644, 0x0627, 0x0000, 0x0021, 0x0000, 0x0022, 0x0000, 0x0023, 0x0000, 0x0024, 0x0000, 0x0025,
        0x0000, 0x0026, 0x0000, 0x0027, 0x0000, 0x0028, 0x0000, 0x0029, 0x0000, 0x002A, 0x0000, 0x002B, 0x0000, 0x002C, 0x0000, 0x002D,
        0x0000, 0x002E, 0x0000, 0x002F, 0x0000, 0x0030, 0x0000, 0x0031, 0x0000, 0x0032, 0x0000, 0x0033, 0x0000, 0x0034, 0x0000, 0x0035,
        0x0000, 0x0036, 0x0000, 0x0037, 0x0000, 0x0038, 0x0000, 0x0039, 0x0000, 0x003A, 0x0000, 0x003B, 0x0000, 0x003C, 0x0000, 0x003D,
        0x0000, 0x003E, 0x0000, 0x003F, 0x0000, 0x0040, 0x0000, 0x0041, 0x0000, 0x0042, 0x0000, 0x0043, 0x0000, 0x0044, 0x0000, 0x0045,
        0x0000, 0x0046, 0x0000, 0x0047, 0x0000, 0x0048, 0x0000, 0x0049, 0x0000, 0x004A, 0x0000, 0x004B, 0x0000, 0x004C, 0x0000, 0x004D,
        0x0000, 0x004E, 0x0000, 0x004F, 0x0000, 0x0050, 0x0000, 0x0051, 0x0000, 0x0052, 0x0000, 0x0053, 0x0000, 0x0054, 0x0000, 0x0055,
        0x0000, 0x0056, 0x0000, 0x0057, 0x0000, 0x0058, 0x0000, 0x0059, 0x0000, 0x005A, 0x0000, 0x005B, 0x0000, 0x005C, 0x0000, 0x005D,
        0x0000, 0x005E, 0x0000, 0x005F, 0x0000, 0x0060, 0x0000, 0x0061, 0x0000, 0x0062, 0x0000, 0x0063, 0x0000, 0x0064, 0x0000, 0x0065,
        0x0000, 0x0066, 0x0000, 0x0067, 0x0000, 0x0068, 0x0000, 0x0069, 0x0000, 0x006A, 0x0000, 0x006B, 0x0000, 0x006C, 0x0000, 0x006D,
        0x0000, 0x006E, 0x0000, 0x006F, 0x0000, 0x0070, 0x0000, 0x0071, 0x0000, 0x0072, 0x0000, 0x0073, 0x0000, 0x0074, 0x0000, 0x0075,
        0x0000, 0x0076, 0x0000, 0x0077, 0x0000, 0x0078, 0x0000, 0x0079, 0x0000, 0x007A, 0x0000, 0x007B, 0x0000, 0x007C, 0x0000, 0x007D,
        0x0000, 0x007E, 0x0000, 0x2985, 0x0000, 0x2986, 0x0000, 0x3002, 0x0000, 0x300C, 0x0000, 0x300D, 0x0000, 0x3001, 0x0000, 0x30FB,
        0x0000, 0x30F2, 0x0000, 0x30A1, 0x0000, 0x30A3, 0x0000, 0x30A5, 0x0000, 0x30A7, 0x0000, 0x30A9, 0x0000, 0x30E3, 0x0000, 0x30E5,
        0x0000, 0x30E7, 0x0000, 0x30C3, 0x0000, 0x30FC, 0x0000, 0x30A2, 0x0000, 0x30A4, 0x0000, 0x30A6, 0x0000, 0x30A8, 0x0000, 0x30AA,
        0x0000, 0x30AB, 0x0000, 0x30AD, 0x0000, 0x30AF, 0x0000, 0x30B1, 0x0000, 0x30B3, 0x0000, 0x30B5, 0x0000, 0x30B7, 0x0000, 0x30B9,
        0x0000, 0x30BB, 0x0000, 0x30BD, 0x0000, 0x30BF, 0x0000, 0x30C1, 0x0000, 0x30C4, 0x0000, 0x30C6, 0x0000, 0x30C8, 0x0000, 0x30CA,
        0x0000, 0x30CB, 0x0000, 0x30CC, 0x0000, 0x30CD, 0x0000, 0x30CE, 0x0000, 0x30CF, 0x0000, 0x30D2, 0x0000, 0x30D5, 0x0000, 0x30D8,
        0x0000, 0x30DB, 0x0000, 0x30DE, 0x0000, 0x30DF, 0x0000, 0x30E0, 0x0000, 0x30E1, 0x0000, 0x30E2, 0x0000, 0x30E4, 0x0000, 0x30E6,
        0x0000, 0x30E8, 0x0000, 0x30E9, 0x0000, 0x30EA, 0x0000, 0x30EB, 0x0000, 0x30EC, 0x0000, 0x30ED, 0x0000, 0x30EF, 0x0000, 0x30F3,
        0x0000, 0x3099, 0x0000, 0x309A, 0x0000, 0x3164, 0x0000, 0x3131, 0x0000, 0x3132, 0x0000, 0x3133, 0x0000, 0x3134, 0x0000, 0x3135,
        0x0000, 0x3136, 0x0000, 0x3137, 0x0000, 0x3138, 0x0000, 0x3139, 0x0000, 0x313A, 0x0000, 0x313B, 0x0000, 0x313C, 0x0000, 0x313D,
        0x0000, 0x313E, 0x0000, 0x313F, 0x0000, 0x3140, 0x0000, 0x3141, 0x0000, 0x3142, 0x0000, 0x3143, 0x0000, 0x3144, 0x0000, 0x3145,
        0x0000, 0x3146, 0x0000, 0x3147, 0x0000, 0x3148, 0x0000, 0x3149, 0x0000, 0x314A, 0x0000, 0x314B, 0x0000, 0x314C, 0x0000, 0x314D,
        0x0000, 0x314E, 0x0000, 0x314F, 0x0000, 0x3150, 0x0000, 0x3151, 0x0000, 0x3152, 0x0000, 0x3153, 0x0000, 0x3154, 0x0000, 0x3155,
        0x0000, 0x3156, 0x0000, 0x3157, 0x0000, 0x3158, 0x0000, 0x3159, 0x0000, 0x315A, 0x0000, 0x315B, 0x0000, 0x315C, 0x0000, 0x315D,
        0x0000, 0x315E, 0x0000, 0x315F, 0x0000, 0x3160, 0x0000, 0x3161, 0x0000, 0x3162, 0x0000, 0x3163, 0x0000, 0x00A2, 0x0000, 0x00A3,
        0x0000, 0x00AC, 0x0000, 0x00AF, 0x0000, 0x00A6, 0x0000, 0x00A5, 0x0000, 0x20A9, 0x0000, 0x2502, 0x0000, 0x2190, 0x0000, 0x2191,
        0x0000, 0x2192, 0x0000, 0x2193, 0x0000, 0x25A0, 0x0000, 0x25CB, 0x0000, 0x105D2, 0x0307, 0x0000, 0x105DA, 0x0307, 0x0000, 0x02D0,
        0x0000, 0x02D1, 0x0000, 0x00E6, 0x0000, 0x0299, 0x0000, 0x0253, 0x0000, 0x02A3, 0x0000, 0xAB66, 0x0000, 0x02A5, 0x0000, 0x02A4,
        0x0000, 0x0256, 0x0000, 0x0257, 0x0000, 0x1D91, 0x0000, 0x0258, 0x0000, 0x025E, 0x0000, 0x02A9, 0x0000, 0x0264, 0x0000, 0x0262,
        0x0000, 0x0260, 0x0000, 0x029B, 0x0000, 0x0127, 0x0000, 0x029C, 0x0000, 0x0267, 0x0000, 0x0284, 0x0000, 0x02AA, 0x0000, 0x02AB,
        0x0000, 0x026C, 0x0000, 0x1DF04, 0x0000, 0xA78E, 0x0000, 0x026E, 0x0000, 0x1DF05, 0x0000, 0x028E, 0x0000, 0x1DF06, 0x0000, 0x00F8,
        0x0000, 0x0276, 0x0000, 0x0277, 0x0000, 0x0071, 0x0000, 0x027A, 0x0000, 0x1DF08, 0x0000, 0x027D, 0x0000, 0x027E, 0x0000, 0x0280,
        0x0000, 0x02A8, 0x0000, 0x02A6, 0x0000, 0xAB67, 0x0000, 0x02A7, 0x0000, 0x0288, 0x0000, 0x2C71, 0x0000, 0x028F, 0x0000, 0x02A1,
        0x0000, 0x02A2, 0x0000, 0x0298, 0x0000, 0x01C0, 0x0000, 0x01C1, 0x0000, 0x01C2, 0x0000, 0x1DF0A, 0x0000, 0x1DF1E, 0x0000, 0x11099,
        0x110BA, 0x0000, 0x1109B, 0x110BA, 0x0000, 0x110A5, 0x110BA, 0x0000, 0x11131, 0x11127, 0x0000, 0x11132, 0x11127, 0x0000, 0x11347, 0x1133E,
        0x0000, 0x11347, 0x11357, 0x0000, 0x11382, 0x113C9, 0x0000, 0x11384, 0x113BB, 0x0000, 0x1138B, 0x113C2, 0x0000, 0x11390, 0x113C9, 0x0000,
        0x113C2, 0x113C2, 0x0000, 0x113C2, 0x113B8, 0x0000, 0x113C2, 0x113C9, 0x0000, 0x114B9, 0x114BA, 0x0000, 0x114B9, 0x114B0, 0x0000, 0x114B9,
        0x114BD, 0x0000, 0x115B8, 0x115AF, 0x0000, 0x115B9, 0x115AF, 0x0000, 0x11935, 0x11930, 0x0000, 0x1611E, 0x1611E, 0x0000, 0x1611E, 0x16129,
        0x0000, 0x1611E, 0x1611F, 0x0000, 0x16129, 0x1611F, 0x0000, 0x1611E, 0x16120, 0x0000, 0x16121, 0x1611F, 0x0000, 0x16122, 0x1611F, 0x0000,
        0x16121, 0x16120, 0x0000, 0x16D67, 0x16D67, 0x0000, 0x16D63, 0x16D67, 0x0000, 0x16D69, 0x16D67, 0x0000, 0x0041, 0x0000, 0x0042, 0x0000,
        0x0043, 0x0000, 0x0044, 0x0000, 0x0045, 0x0000, 0x0046, 0x0000, 0x0047, 0x0000, 0x0048, 0x0000, 0x0049, 0x0000, 0x004A, 0x0000,
        0x004B, 0x0000, 0x004C, 0x0000, 0x004D, 0x0000, 0x004E, 0x0000, 0x004F, 0x0000, 0x0050, 0x0000, 0x0051, 0x0000, 0x0052, 0x0000,
        0x0053, 0x0000, 0x0054, 0x0000, 0x0055, 0x0000, 0x0056, 0x0000, 0x0057, 0x0000, 0x0058, 0x0000, 0x0059, 0x0000, 0x005A, 0x0000,
        0x0030, 0x0000, 0x0031, 0x0000, 0x0032, 0x0000, 0x0033, 0x0000, 0x0034, 0x0000, 0x0035, 0x0000, 0x0036, 0x0000, 0x0037, 0x0000,
        0x0038, 0x0000, 0x0039, 0x0000, 0x1D157, 0x1D165, 0x0000, 0x1D158, 0x1D165, 0x0000, 0x1D15F, 0x1D16E, 0x0000, 0x1D15F, 0x1D16F, 0x0000,
        0x1D15F, 0x1D170, 0x0000, 0x1D15F, 0x1D171, 0x0000, 0x1D15F, 0x1D172, 0x0000, 0x1D1B9, 0x1D165, 0x0000, 0x1D1BA, 0x1D165, 0x0000, 0x1D1BB,
        0x1D16E, 0x0000, 0x1D1BC, 0x1D16E, 0x0000, 0x1D1BB, 0x1D16F, 0x0000, 0x1D1BC, 0x1D16F, 0x0000, 0x0041, 0x0000, 0x0042, 0x0000, 0x0043,
        0x0000, 0x0044, 0x0000, 0x0045, 0x0000, 0x0046, 0x0000, 0x0047, 0x0000, 0x0048, 0x0000, 0x0049, 0x0000, 0x004A, 0x0000, 0x004B,
        0x0000, 0x004C, 0x0000, 0x004D, 0x0000, 0x004E, 0x0000, 0x004F, 0x0000, 0x0050, 0x0000, 0x0051, 0x0000, 0x0052, 0x0000, 0x0053,
        0x0000, 0x0054, 0x0000, 0x0055, 0x0000, 0x0056, 0x0000, 0x0057, 0x0000, 0x0058, 0x0000, 0x0059, 0x0000, 0x005A, 0x0000, 0x0061,
        0x0000, 0x0062, 0x0000, 0x0063, 0x0000, 0x0064, 0x0000, 0x0065, 0x0000, 0x0066, 0x0000, 0x0067, 0x0000, 0x0068, 0x0000, 0x0069,
        0x0000, 0x006A, 0x0000, 0x006B, 0x0000, 0x006C, 0x0000, 0x006D, 0x0000, 0x006E, 0x0000, 0x006F, 0x0000, 0x0070, 0x0000, 0x0071,
        0x0000, 0x0072, 0x0000, 0x0073, 0x0000, 0x0074, 0x0000, 0x0075, 0x0000, 0x0076, 0x0000, 0x0077, 0x0000, 0x0078, 0x0000, 0x0079,
        0x0000, 0x007A, 0x0000, 0x0041, 0x0000, 0x0042, 0x0000, 0x0043, 0x0000, 0x0044, 0x0000, 0x0045, 0x0000, 0x0046, 0x0000, 0x0047,
        0x0000, 0x0048, 0x0000, 0x0049, 0x0000, 0x004A, 0x0000, 0x004B, 0x0000, 0x004C, 0x0000, 0x004D, 0x0000, 0x004E, 0x0000, 0x004F,
        0x0000, 0x0050, 0x0000, 0x0051, 0x0000, 0x0052, 0x0000, 0x0053, 0x0000, 0x0054, 0x0000, 0x0055, 0x0000, 0x0056, 0x0000, 0x0057,
        0x0000, 0x0058, 0x0000, 0x0059, 0x0000, 0x005A, 0x0000, 0x0061, 0x0000, 0x0062, 0x0000, 0x0063, 0x0000, 0x0064, 0x0000, 0x0065,
        0x0000, 0x0066, 0x0000, 0x0067, 0x0000, 0x0069, 0x0000, 0x006A, 0x0000, 0x006B, 0x0000, 0x006C, 0x0000, 0x006D, 0x0000, 0x006E,
        0x0000, 0x006F, 0x0000, 0x0070, 0x0000, 0x0071, 0x0000, 0x0072, 0x0000, 0x0073, 0x0000, 0x0074, 0x0000, 0x0075, 0x0000, 0x0076,
        0x0000, 0x0077, 0x0000, 0x0078, 0x0000, 0x0079, 0x0000, 0x007A, 0x0000, 0x0041, 0x0000, 0x0042, 0x0000, 0x0043, 0x0000, 0x0044,
        0x0000, 0x0045, 0x0000, 0x0046, 0x0000, 0x0047, 0x0000, 0x0048, 0x0000, 0x0049, 0x0000, 0x004A, 0x0000, 0x004B, 0x0000, 0x004C,
        0x0000, 0x004D, 0x0000, 0x004E, 0x0000, 0x004F, 0x0000, 0x0050, 0x0000, 0x0051, 0x0000, 0x0052, 0x0000, 0x0053, 0x0000, 0x0054,
        0x0000, 0x0055, 0x0000, 0x0056, 0x0000, 0x0057, 0x0000, 0x0058, 0x0000, 0x0059, 0x0000, 0x005A, 0x0000, 0x0061, 0x0000, 0x0062,
        0x0000, 0x0063, 0x0000, 0x0064, 0x0000, 0x0065, 0x0000, 0x0066, 0x0000, 0x0067, 0x0000, 0x0068, 0x0000, 0x0069, 0x0000, 0x006A,
        0x0000, 0x006B, 0x0000, 0x006C, 0x0000, 0x006D, 0x0000, 0x006E, 0x0000, 0x006F, 0x0000, 0x0070, 0x0000, 0x0071, 0x0000, 0x0072,
        0x0000, 0x0073, 0x0000, 0x0074, 0x0000, 0x0075, 0x0000, 0x0076, 0x0000, 0x0077, 0x0000, 0x0078, 0x0000, 0x0079, 0x0000, 0x007A,
        0x0000, 0x0041, 0x0000, 0x0043, 0x0000, 0x0044, 0x0000, 0x0047, 0x0000, 0x004A, 0x0000, 0x004B, 0x0000, 0x004E, 0x0000, 0x004F,
        0x0000, 0x0050, 0x0000, 0x0051, 0x0000, 0x0053, 0x0000, 0x0054, 0x0000, 0x0055, 0x0000, 0x0056, 0x0000, 0x0057, 0x0000, 0x0058,
        0x0000, 0x0059, 0x0000, 0x005A, 0x0000, 0x0061, 0x0000, 0x0062, 0x0000, 0x0063, 0x0000, 0x0064, 0x0000, 0x0066, 0x0000, 0x0068,
        0x0000, 0x0069, 0x0000, 0x006A, 0x0000, 0x006B, 0x0000, 0x006C, 0x0000, 0x006D, 0x0000, 0x006E, 0x0000, 0x0070, 0x0000, 0x0071,
        0x0000, 0x0072, 0x0000, 0x0073, 0x0000, 0x0074, 0x0000, 0x0075, 0x0000, 0x0076, 0x0000, 0x0077, 0x0000, 0x0078, 0x0000, 0x0079,
        0x0000, 0x007A, 0x0000, 0x0041, 0x0000, 0x0042, 0x0000, 0x0043, 0x0000, 0x0044, 0x0000, 0x0045, 0x0000, 0x0046, 0x0000, 0x0047,
        0x0000, 0x0048, 0x0000, 0x0049, 0x0000, 0x004A, 0x0000, 0x004B, 0x0000, 0x004C, 0x0000, 0x004D, 0x0000, 0x004E, 0x0000, 0x004F,
        0x0000, 0x0050, 0x0000, 0x0051, 0x0000, 0x0052, 0x0000, 0x0053, 0x0000, 0x0054, 0x0000, 0x0055, 0x0000, 0x0056, 0x0000, 0x0057,
        0x0000, 0x0058, 0x0000, 0x0059, 0x0000, 0x005A, 0x0000, 0x0061, 0x0000, 0x0062, 0x0000, 0x0063, 0x0000, 0x0064, 0x0000, 0x0065,
        0x0000, 0x0066, 0x0000, 0x0067, 0x0000, 0x0068, 0x0000, 0x0069, 0x0000, 0x006A, 0x0000, 0x006B, 0x0000, 0x006C, 0x0000, 0x006D,
        0x0000, 0x006E, 0x0000, 0x006F, 0x0000, 0x0070, 0x0000, 0x0071, 0x0000, 0x0072, 0x0000, 0x0073, 0x0000, 0x0074, 0x0000, 0x0075,
        0x0000, 0x0076, 0x0000, 0x0077, 0x0000, 0x0078, 0x0000, 0x0079, 0x0000, 0x007A, 0x0000, 0x0041, 0x0000, 0x0042, 0x0000, 0x0044,
        0x0000, 0x0045, 0x0000, 0x0046, 0x0000, 0x0047, 0x0000, 0x004A, 0x0000, 0x004B, 0x0000, 0x004C, 0x0000, 0x004D, 0x0000, 0x004E,
        0x0000, 0x004F, 0x0000, 0x0050, 0x0000, 0x0051, 0x0000, 0x0053, 0x0000, 0x0054, 0x0000, 0x0055, 0x0000, 0x0056, 0x0000, 0x0057,
        0x0000, 0x0058, 0x0000, 0x0059, 0x0000, 0x0061, 0x0000, 0x0062, 0x0000, 0x0063, 0x0000, 0x0064, 0x0000, 0x0065, 0x0000, 0x0066,
        0x0000, 0x0067, 0x0000, 0x0068, 0x0000, 0x0069, 0x0000, 0x006A, 0x0000, 0x006B, 0x0000, 0x006C, 0x0000, 0x006D, 0x0000, 0x006E,
        0x0000, 0x006F, 0x0000, 0x0070, 0x0000, 0x0071, 0x0000, 0x0072, 0x0000, 0x0073, 0x0000, 0x0074, 0x0000, 0x0075, 0x0000, 0x0076,
        0x0000, 0x0077, 0x0000, 0x0078, 0x0000, 0x0079, 0x0000, 0x007A, 0x0000, 0x0041, 0x0000, 0x0042, 0x0000, 0x0044, 0x0000, 0x0045,
        0x0000, 0x0046, 0x0000, 0x0047, 0x0000, 0x0049, 0x0000, 0x004A, 0x0000, 0x004B, 0x0000, 0x004C, 0x0000, 0x004D, 0x0000, 0x004F,
        0x0000, 0x0053, 0x0000, 0x0054, 0x0000, 0x0055, 0x0000, 0x0056, 0x0000, 0x0057, 0x0000, 0x0058, 0x0000, 0x0059, 0x0000, 0x0061,
        0x0000, 0x0062, 0x0000, 0x0063, 0x0000, 0x0064, 0x0000, 0x0065, 0x0000, 0x0066, 0x0000, 0x0067, 0x0000, 0x0068, 0x0000, 0x0069,
        0x0000, 0x006A, 0x0000, 0x006B, 0x0000, 0x006C, 0x0000, 0x006D, 0x0000, 0x006E, 0x0000, 0x006F, 0x0000, 0x0070, 0x0000, 0x0071,
        0x0000, 0x0072, 0x0000, 0x0073, 0x0000, 0x0074, 0x0000, 0x0075, 0x0000, 0x0076, 0x0000, 0x0077, 0x0000, 0x0078, 0x0000, 0x0079,
        0x0000, 0x007A, 0x0000, 0x0041, 0x0000, 0x0042, 0x0000, 0x0043, 0x0000, 0x0044, 0x0000, 0x0045, 0x0000, 0x0046, 0x0000, 0x0047,
        0x0000, 0x0048, 0x0000, 0x0049, 0x0000, 0x004A, 0x0000, 0x004B, 0x0000, 0x004C, 0x0000, 0x004D, 0x0000, 0x004E, 0x0000, 0x004F,
        0x0000, 0x0050, 0x0000, 0x0051, 0x0000, 0x0052, 0x0000, 0x0053, 0x0000, 0x0054, 0x0000, 0x0055, 0x0000, 0x0056, 0x0000, 0x0057,
        0x0000, 0x0058, 0x0000, 0x0059, 0x0000, 0x005A, 0x0000, 0x0061, 0x0000, 0x0062, 0x0000, 0x0063, 0x0000, 0x0064, 0x0000, 0x0065,
        0x0000, 0x0066, 0x0000, 0x0067, 0x0000, 0x0068, 0x0000, 0x0069, 0x0000, 0x006A, 0x0000, 0x006B, 0x0000, 0x006C, 0x0000, 0x006D,
        0x0000, 0x006E, 0x0000, 0x006F, 0x0000, 0x0070, 0x0000, 0x0071, 0x0000, 0x0072, 0x0000, 0x0073, 0x0000, 0x0074, 0x0000, 0x0075,
        0x0000, 0x0076, 0x0000, 0x0077, 0x0000, 0x0078, 0x0000, 0x0079, 0x0000, 0x007A, 0x0000, 0x0041, 0x0000, 0x0042, 0x0000, 0x0043,
        0x0000, 0x0044, 0x0000, 0x0045, 0x0000, 0x0046, 0x0000, 0x0047, 0x0000, 0x0048, 0x0000, 0x0049, 0x0000, 0x004A, 0x0000, 0x004B,
        0x0000, 0x004C, 0x0000, 0x004D, 0x0000, 0x004E, 0x0000, 0x004F, 0x0000, 0x0050, 0x0000, 0x0051, 0x0000, 0x0052, 0x0000, 0x0053,
        0x0000, 0x0054, 0x0000, 0x0055, 0x0000, 0x0056, 0x0000, 0x0057, 0x0000, 0x0058, 0x0000, 0x0059, 0x0000, 0x005A, 0x0000, 0x0061,
        0x0000, 0x0062, 0x0000, 0x0063, 0x0000, 0x0064, 0x0000, 0x0065, 0x0000, 0x0066, 0x0000, 0x0067, 0x0000, 0x0068, 0x0000, 0x0069,
        0x0000, 0x006A, 0x0000, 0x006B, 0x0000, 0x006C, 0x0000, 0x006D, 0x0000, 0x006E, 0x0000, 0x006F, 0x0000, 0x0070, 0x0000, 0x0071,
        0x0000, 0x0072, 0x0000, 0x0073, 0x0000, 0x0074, 0x0000, 0x0075, 0x0000, 0x0076, 0x0000, 0x0077, 0x0000, 0x0078, 0x0000, 0x0079,
        0x0000, 0x007A, 0x0000, 0x0041, 0x0000, 0x0042, 0x0000, 0x0043, 0x0000, 0x0044, 0x0000, 0x0045, 0x0000, 0x0046, 0x0000, 0x0047,
        0x0000, 0x0048, 0x0000, 0x0049, 0x0000, 0x004A, 0x0000, 0x004B, 0x0000, 0x004C, 0x0000, 0x004D, 0x0000, 0x004E, 0x0000, 0x004F,
        0x0000, 0x0050, 0x0000, 0x0051, 0x0000, 0x0052, 0x0000, 0x0053, 0x0000, 0x0054, 0x0000, 0x0055, 0x0000, 0x0056, 0x0000, 0x0057,
        0x0000, 0x0058, 0x0000, 0x0059, 0x0000, 0x005A, 0x0000, 0x0061, 0x0000, 0x0062, 0x0000, 0x0063, 0x0000, 0x0064, 0x0000, 0x0065,
        0x0000, 0x0066, 0x0000, 0x0067, 0x0000, 0x0068, 0x0000, 0x0069, 0x0000, 0x006A, 0x0000, 0x006B, 0x0000, 0x006C, 0x0000, 0x006D,
        0x0000, 0x006E, 0x0000, 0x006F, 0x0000, 0x0070, 0x0000, 0x0071, 0x0000, 0x0072, 0x0000, 0x0073, 0x0000, 0x0074, 0x0000, 0x0075,
        0x0000, 0x0076, 0x0000, 0x0077, 0x0000, 0x0078, 0x0000, 0x0079, 0x0000, 0x007A, 0x0000, 0x0041, 0x0000, 0x0042, 0x0000, 0x0043,
        0x0000, 0x0044, 0x0000, 0x0045, 0x0000, 0x0046, 0x0000, 0x0047, 0x0000, 0x0048, 0x0000, 0x0049, 0x0000, 0x004A, 0x0000, 0x004B,
        0x0000, 0x004C, 0x0000, 0x004D, 0x0000, 0x004E, 0x0000, 0x004F, 0x0000, 0x0050, 0x0000, 0x0051, 0x0000, 0x0052, 0x0000, 0x0053,
        0x0000, 0x0054, 0x0000, 0x0055, 0x0000, 0x0056, 0x0000, 0x0057, 0x0000, 0x0058, 0x0000, 0x0059, 0x0000, 0x005A, 0x0000, 0x0061,
        0x0000, 0x0062, 0x0000, 0x0063, 0x0000, 0x0064, 0x0000, 0x0065, 0x0000, 0x0066, 0x0000, 0x0067, 0x0000, 0x0068, 0x0000, 0x0069,
        0x0000, 0x006A, 0x0000, 0x006B, 0x0000, 0x006C, 0x0000, 0x006D, 0x0000, 0x006E, 0x0000, 0x006F, 0x0000, 0x0070, 0x0000, 0x0071,
        0x0000, 0x0072, 0x0000, 0x0073, 0x0000, 0x0074, 0x0000, 0x0075, 0x0000, 0x0076, 0x0000, 0x0077, 0x0000, 0x0078, 0x0000, 0x0079,
        0x0000, 0x007A, 0x0000, 0x0041, 0x0000, 0x0042, 0x0000, 0x0043, 0x0000, 0x0044, 0x0000, 0x0045, 0x0000, 0x0046, 0x0000, 0x0047,
        0x0000, 0x0048, 0x0000, 0x0049, 0x0000, 0x004A, 0x0000, 0x004B, 0x0000, 0x004C, 0x0000, 0x004D, 0x0000, 0x004E, 0x0000, 0x004F,
        0x0000, 0x0050, 0x0000, 0x0051, 0x0000, 0x0052, 0x0000, 0x0053, 0x0000, 0x0054, 0x0000, 0x0055, 0x0000, 0x0056, 0x0000, 0x0057,
        0x0000, 0x0058, 0x0000, 0x0059, 0x0000, 0x005A, 0x0000, 0x0061, 0x0000, 0x0062, 0x0000, 0x0063, 0x0000, 0x0064, 0x0000, 0x0065,
        0x0000, 0x0066, 0x0000, 0x0067, 0x0000, 0x0068, 0x0000, 0x0069, 0x0000, 0x006A, 0x0000, 0x006B, 0x0000, 0x006C, 0x0000, 0x006D,
        0x0000, 0x006E, 0x0000, 0x006F, 0x0000, 0x0070, 0x0000, 0x0071, 0x0000, 0x0072, 0x0000, 0x0073, 0x0000, 0x0074, 0x0000, 0x0075,
        0x0000, 0x0076, 0x0000, 0x0077, 0x0000, 0x0078, 0x0000, 0x0079, 0x0000, 0x007A, 0x0000, 0x0041, 0x0000, 0x0042, 0x0000, 0x0043,
        0x0000, 0x0044, 0x0000, 0x0045, 0x0000, 0x0046, 0x0000, 0x0047, 0x0000, 0x0048, 0x0000, 0x0049, 0x0000, 0x004A, 0x0000, 0x004B,
        0x0000, 0x004C, 0x0000, 0x004D, 0x0000, 0x004E, 0x0000, 0x004F, 0x0000, 0x0050, 0x0000, 0x0051, 0x0000, 0x0052, 0x0000, 0x0053,
        0x0000, 0x0054, 0x0000, 0x0055, 0x0000, 0x0056, 0x0000, 0x0057, 0x0000, 0x0058, 0x0000, 0x0059, 0x0000, 0x005A, 0x0000, 0x0061,
        0x0000, 0x0062, 0x0000, 0x0063, 0x0000, 0x0064, 0x0000, 0x0065, 0x0000, 0x0066, 0x0000, 0x0067, 0x0000, 0x0068, 0x0000, 0x0069,
        0x0000, 0x006A, 0x0000, 0x006B, 0x0000, 0x006C, 0x0000, 0x006D, 0x0000, 0x006E, 0x0000, 0x006F, 0x0000, 0x0070, 0x0000, 0x0071,
        0x0000, 0x0072, 0x0000, 0x0073, 0x0000, 0x0074, 0x0000, 0x0075, 0x0000, 0x0076, 0x0000, 0x0077, 0x0000, 0x0078, 0x0000, 0x0079,
        0x0000, 0x007A, 0x0000, 0x0131, 0x0000, 0x0237, 0x0000, 0x0391, 0x0000, 0x0392, 0x0000, 0x0393, 0x0000, 0x0394, 0x0000, 0x0395,
        0x0000, 0x0396, 0x0000, 0x0397, 0x0000, 0x0398, 0x0000, 0x0399, 0x0000, 0x039A, 0x0000, 0x039B, 0x0000, 0x039C, 0x0000, 0x039D,
        0x0000, 0x039E, 0x0000, 0x039F, 0x0000, 0x03A0, 0x0000, 0x03A1, 0x0000, 0x03F4, 0x0000, 0x03A3, 0x0000, 0x03A4, 0x0000, 0x03A5,
        0x0000, 0x03A6, 0x0000, 0x03A7, 0x0000, 0x03A8, 0x0000, 0x03A9, 0x0000, 0x2207, 0x0000, 0x03B1, 0x0000, 0x03B2, 0x0000, 0x03B3,
        0x0000, 0x03B4, 0x0000, 0x03B5, 0x0000, 0x03B6, 0x0000, 0x03B7, 0x0000, 0x03B8, 0x0000, 0x03B9, 0x0000, 0x03BA, 0x0000, 0x03BB,
        0x0000, 0x03BC, 0x0000, 0x03BD, 0x0000, 0x03BE, 0x0000, 0x03BF, 0x0000, 0x03C0, 0x0000, 0x03C1, 0x0000, 0x03C2, 0x0000, 0x03C3,
        0x0000, 0x03C4, 0x0000, 0x03C5, 0x0000, 0x03C6, 0x0000, 0x03C7, 0x0000, 0x03C8, 0x0000, 0x03C9, 0x0000, 0x2202, 0x0000, 0x03F5,
        0x0000, 0x03D1, 0x0000, 0x03F0, 0x0000, 0x03D5, 0x0000, 0x03F1, 0x0000, 0x03D6, 0x0000, 0x0391, 0x0000, 0x0392, 0x0000, 0x0393,
        0x0000, 0x0394, 0x0000, 0x0395, 0x0000, 0x0396, 0x0000, 0x0397, 0x0000, 0x0398, 0x0000, 0x0399, 0x0000, 0x039A, 0x0000, 0x039B,
        0x0000, 0x039C, 0x0000, 0x039D, 0x0000, 0x039E, 0x0000, 0x039F, 0x0000, 0x03A0, 0x0000, 0x03A1, 0x0000, 0x03F4, 0x0000, 0x03A3,
        0x0000, 0x03A4, 0x0000, 0x03A5, 0x0000, 0x03A6, 0x0000, 0x03A7, 0x0000, 0x03A8, 0x0000, 0x03A9, 0x0000, 0x2207, 0x0000, 0x03B1,
        0x0000, 0x03B2, 0x0000, 0x03B3, 0x0000, 0x03B4, 0x0000, 0x03B5, 0x0000, 0x03B6, 0x0000, 0x03B7, 0x0000, 0x03B8, 0x0000, 0x03B9,
        0x0000, 0x03BA, 0x0000, 0x03BB, 0x0000, 0x03BC, 0x0000, 0x03BD, 0x0000, 0x03BE, 0x0000, 0x03BF, 0x0000, 0x03C0, 0x0000, 0x03C1,
        0x0000, 0x03C2, 0x0000, 0x03C3, 0x0000, 0x03C4, 0x0000, 0x03C5, 0x0000, 0x03C6, 0x0000, 0x03C7, 0x0000, 0x03C8, 0x0000, 0x03C9,
        0x0000, 0x2202, 0x0000, 0x03F5, 0x0000, 0x03D1, 0x0000, 0x03F0, 0x0000, 0x03D5, 0x0000, 0x03F1, 0x0000, 0x03D6, 0x0000, 0x0391,
        0x0000, 0x0392, 0x0000, 0x0393, 0x0000, 0x0394, 0x0000, 0x0395, 0x0000, 0x0396, 0x0000, 0x0397, 0x0000, 0x0398, 0x0000, 0x0399,
        0x0000, 0x039A, 0x0000, 0x039B, 0x0000, 0x039C, 0x0000, 0x039D, 0x0000, 0x039E, 0x0000, 0x039F, 0x0000, 0x03A0, 0x0000, 0x03A1,
        0x0000, 0x03F4, 0x0000, 0x03A3, 0x0000, 0x03A4, 0x0000, 0x03A5, 0x0000, 0x03A6, 0x0000, 0x03A7, 0x0000, 0x03A8, 0x0000, 0x03A9,
        0x0000, 0x2207, 0x0000, 0x03B1, 0x0000, 0x03B2, 0x0000, 0x03B3, 0x0000, 0x03B4, 0x0000, 0x03B5, 0x0000, 0x03B6, 0x0000, 0x03B7,
        0x0000, 0x03B8, 0x0000, 0x03B9, 0x0000, 0x03BA, 0x0000, 0x03BB, 0x0000, 0x03BC, 0x0000, 0x03BD, 0x0000, 0x03BE, 0x0000, 0x03BF,
        0x0000, 0x03C0, 0x0000, 0x03C1, 0x0000, 0x03C2, 0x0000, 0x03C3, 0x0000, 0x03C4, 0x0000, 0x03C5, 0x0000, 0x03C6, 0x0000, 0x03C7,
        0x0000, 0x03C8, 0x0000, 0x03C9, 0x0000, 0x2202, 0x0000, 0x03F5, 0x0000, 0x03D1, 0x0000, 0x03F0, 0x0000, 0x03D5, 0x0000, 0x03F1,
        0x0000, 0x03D6, 0x0000, 0x0391, 0x0000, 0x0392, 0x0000, 0x0393, 0x0000, 0x0394, 0x0000, 0x0395, 0x0000, 0x0396, 0x0000, 0x0397,
        0x0000, 0x0398, 0x0000, 0x0399, 0x0000, 0x039A, 0x0000, 0x039B, 0x0000, 0x039C, 0x0000, 0x039D, 0x0000, 0x039E, 0x0000, 0x039F,
        0x0000, 0x03A0, 0x0000, 0x03A1, 0x0000, 0x03F4, 0x0000, 0x03A3, 0x0000, 0x03A4, 0x0000, 0x03A5, 0x0000, 0x03A6, 0x0000, 0x03A7,
        0x0000, 0x03A8, 0x0000, 0x03A9, 0x0000, 0x2207, 0x0000, 0x03B1, 0x0000, 0x03B2, 0x0000, 0x03B3, 0x0000, 0x03B4, 0x0000, 0x03B5,
        0x0000, 0x03B6, 0x0000, 0x03B7, 0x0000, 0x03B8, 0x0000, 0x03B9, 0x0000, 0x03BA, 0x0000, 0x03BB, 0x0000, 0x03BC, 0x0000, 0x03BD,
        0x0000, 0x03BE, 0x0000, 0x03BF, 0x0000, 0x03C0, 0x0000, 0x03C1, 0x0000, 0x03C2, 0x0000, 0x03C3, 0x0000, 0x03C4, 0x0000, 0x03C5,
        0x0000, 0x03C6, 0x0000, 0x03C7, 0x0000, 0x03C8, 0x0000, 0x03C9, 0x0000, 0x2202, 0x0000, 0x03F5, 0x0000, 0x03D1, 0x0000, 0x03F0,
        0x0000, 0x03D5, 0x0000, 0x03F1, 0x0000, 0x03D6, 0x0000, 0x0391, 0x0000, 0x0392, 0x0000, 0x0393, 0x0000, 0x0394, 0x0000, 0x0395,
        0x0000, 0x0396, 0x0000, 0x0397, 0x0000, 0x0398, 0x0000, 0x0399, 0x0000, 0x039A, 0x0000, 0x039B, 0x0000, 0x039C, 0x0000, 0x039D,
        0x0000, 0x039E, 0x0000, 0x039F, 0x0000, 0x03A0, 0x0000, 0x03A1, 0x0000, 0x03F4, 0x0000, 0x03A3, 0x0000, 0x03A4, 0x0000, 0x03A5,
        0x0000, 0x03A6, 0x0000, 0x03A7, 0x0000, 0x03A8, 0x0000, 0x03A9, 0x0000, 0x2207, 0x0000, 0x03B1, 0x0000, 0x03B2, 0x0000, 0x03B3,
        0x0000, 0x03B4, 0x0000, 0x03B5, 0x0000, 0x03B6, 0x0000, 0x03B7, 0x0000, 0x03B8, 0x0000, 0x03B9, 0x0000, 0x03BA, 0x0000, 0x03BB,
        0x0000, 0x03BC, 0x0000, 0x03BD, 0x0000, 0x03BE, 0x0000, 0x03BF, 0x0000, 0x03C0, 0x0000, 0x03C1, 0x0000, 0x03C2, 0x0000, 0x03C3,
        0x0000, 0x03C4, 0x0000, 0x03C5, 0x0000, 0x03C6, 0x0000, 0x03C7, 0x0000, 0x03C8, 0x0000, 0x03C9, 0x0000, 0x2202, 0x0000, 0x03F5,
        0x0000, 0x03D1, 0x0000, 0x03F0, 0x0000, 0x03D5, 0x0000, 0x03F1, 0x0000, 0x03D6, 0x0000, 0x03DC, 0x0000, 0x03DD, 0x0000, 0x0030,
        0x0000, 0x0031, 0x0000, 0x0032, 0x0000, 0x0033, 0x0000, 0x0034, 0x0000, 0x0035, 0x0000, 0x0036, 0x0000, 0x0037, 0x0000, 0x0038,
        0x0000, 0x0039, 0x0000, 0x0030, 0x0000, 0x0031, 0x0000, 0x0032, 0x0000, 0x0033, 0x0000, 0x0034, 0x0000, 0x0035, 0x0000, 0x0036,
        0x0000, 0x0037, 0x0000, 0x0038, 0x0000, 0x0039, 0x0000, 0x0030, 0x0000, 0x0031, 0x0000, 0x0032, 0x0000, 0x0033, 0x0000, 0x0034,
        0x0000, 0x0035, 0x0000, 0x0036, 0x0000, 0x0037, 0x0000, 0x0038, 0x0000, 0x0039, 0x0000, 0x0030, 0x0000, 0x0031, 0x0000, 0x0032,
        0x0000, 0x0033, 0x0000, 0x0034, 0x0000, 0x0035, 0x0000, 0x0036, 0x0000, 0x0037, 0x0000, 0x0038, 0x0000, 0x0039, 0x0000, 0x0030,
        0x0000, 0x0031, 0x0000, 0x0032, 0x0000, 0x0033, 0x0000, 0x0034, 0x0000, 0x0035, 0x0000, 0x0036, 0x0000, 0x0037, 0x0000, 0x0038,
        0x0000, 0x0039, 0x0000, 0x0430, 0x0000, 0x0431, 0x0000, 0x0432, 0x0000, 0x0433, 0x0000, 0x0434, 0x0000, 0x0435, 0x0000, 0x0436,
        0x0000, 0x0437, 0x0000, 0x0438, 0x0000, 0x043A, 0x0000, 0x043B, 0x0000, 0x043C, 0x0000, 0x043E, 0x0000, 0x043F, 0x0000, 0x0440,
        0x0000, 0x0441, 0x0000, 0x0442, 0x0000, 0x0443, 0x0000, 0x0444, 0x0000, 0x0445, 0x0000, 0x0446, 0x0000, 0x0447, 0x0000, 0x0448,
        0x0000, 0x044B, 0x0000, 0x044D, 0x0000, 0x044E, 0x0000, 0xA689, 0x0000, 0x04D9, 0x0000, 0x0456, 0x0000, 0x0458, 0x0000, 0x04E9,
        0x0000, 0x04AF, 0x0000, 0x04CF, 0x0000, 0x0430, 0x0000, 0x0431, 0x0000, 0x0432, 0x0000, 0x0433, 0x0000, 0x0434, 0x0000, 0x0435,
        0x0000, 0x0436, 0x0000, 0x0437, 0x0000, 0x0438, 0x0000, 0x043A, 0x0000, 0x043B, 0x0000, 0x043E, 0x0000, 0x043F, 0x0000, 0x0441,
        0x0000, 0x0443, 0x0000, 0x0444, 0x0000, 0x0445, 0x0000, 0x0446, 0x0000, 0x0447, 0x0000, 0x0448, 0x0000, 0x044A, 0x0000, 0x044B,
        0x0000, 0x0491, 0x0000, 0x0456, 0x0000, 0x0455, 0x0000, 0x045F, 0x0000, 0x04AB, 0x0000, 0xA651, 0x0000, 0x04B1, 0x0000, 0x0627,
        0x0000, 0x0628, 0x0000, 0x062C, 0x0000, 0x062F, 0x0000, 0x0648, 0x0000, 0x0632, 0x0000, 0x062D, 0x0000, 0x0637, 0x0000, 0x064A,
        0x0000, 0x0643, 0x0000, 0x0644, 0x0000, 0x0645, 0x0000, 0x0646, 0x0000, 0x0633, 0x0000, 0x0639, 0x0000, 0x0641, 0x0000, 0x0635,
        0x0000, 0x0642, 0x0000, 0x0631, 0x0000, 0x0634, 0x0000, 0x062A, 0x0000, 0x062B, 0x0000, 0x062E, 0x0000, 0x0630, 0x0000, 0x0636,
        0x0000, 0x0638, 0x0000, 0x063A, 0x0000, 0x066E, 0x0000, 0x06BA, 0x0000, 0x06A1, 0x0000, 0x066F, 0x0000, 0x0628, 0x0000, 0x062C,
        0x0000, 0x0647, 0x0000, 0x062D, 0x0000, 0x064A, 0x0000, 0x0643, 0x0000, 0x0644, 0x0000, 0x0645, 0x0000, 0x0646, 0x0000, 0x0633,
        0x0000, 0x0639, 0x0000, 0x0641, 0x0000, 0x0635, 0x0000, 0x0642, 0x0000, 0x0634, 0x0000, 0x062A, 0x0000, 0x062B, 0x0000, 0x062E,
        0x0000, 0x0636, 0x0000, 0x063A, 0x0000, 0x062C, 0x0000, 0x062D, 0x0000, 0x064A, 0x0000, 0x0644, 0x0000, 0x0646, 0x0000, 0x0633,
        0x0000, 0x0639, 0x0000, 0x0635, 0x0000, 0x0642, 0x0000, 0x0634, 0x0000, 0x062E, 0x0000, 0x0636, 0x0000, 0x063A, 0x0000, 0x06BA,
        0x0000, 0x066F, 0x0000, 0x0628, 0x0000, 0x062C, 0x0000, 0x0647, 0x0000, 0x062D, 0x0000, 0x0637, 0x0000, 0x064A, 0x0000, 0x0643,
        0x0000, 0x0645, 0x0000, 0x0646, 0x0000, 0x0633, 0x0000, 0x0639, 0x0000, 0x0641, 0x0000, 0x0635, 0x0000, 0x0642, 0x0000, 0x0634,
        0x0000, 0x062A, 0x0000, 0x062B, 0x0000, 0x062E, 0x0000, 0x0636, 0x0000, 0x0638, 0x0000, 0x063A, 0x0000, 0x066E, 0x0000, 0x06A1,
        0x0000, 0x0627, 0x0000, 0x0628, 0x0000, 0x062C, 0x0000, 0x062F, 0x0000, 0x0647, 0x0000, 0x0648, 0x0000, 0x0632, 0x0000, 0x062D,
        0x0000, 0x0637, 0x0000, 0x064A, 0x0000, 0x0644, 0x0000, 0x0645, 0x0000, 0x0646, 0x0000, 0x0633, 0x0000, 0x0639, 0x0000, 0x0641,
        0x0000, 0x0635, 0x0000, 0x0642, 0x0000, 0x0631, 0x0000, 0x0634, 0x0000, 0x062A, 0x0000, 0x062B, 0x0000, 0x062E, 0x0000, 0x0630,
        0x0000, 0x0636, 0x0000, 0x0638, 0x0000, 0x063A, 0x0000, 0x0628, 0x0000, 0x062C, 0x0000, 0x062F, 0x0000, 0x0648, 0x0000, 0x0632,
        0x0000, 0x062D, 0x0000, 0x0637, 0x0000, 0x064A, 0x0000, 0x0644, 0x0000, 0x0645, 0x0000, 0x0646, 0x0000, 0x0633, 0x0000, 0x0639,
        0x0000, 0x0641, 0x0000, 0x0635, 0x0000, 0x0642, 0x0000, 0x0631, 0x0000, 0x0634, 0x0000, 0x062A, 0x0000, 0x062B, 0x0000, 0x062E,
        0x0000, 0x0630, 0x0000, 0x0636, 0x0000, 0x0638, 0x0000, 0x063A, 0x0000, 0x0030, 0x002E, 0x0000, 0x0030, 0x002C, 0x0000, 0x0031,
        0x002C, 0x0000, 0x0032, 0x002C, 0x0000, 0x0033, 0x002C, 0x0000, 0x0034, 0x002C, 0x0000, 0x0035, 0x002C, 0x0000, 0x0036, 0x002C,
        0x0000, 0x0037, 0x002C, 0x0000, 0x0038, 0x002C, 0x0000, 0x0039, 0x002C, 0x0000, 0x0028, 0x0041, 0x0029, 0x0000, 0x0028, 0x0042,
        0x0029, 0x0000, 0x0028, 0x0043, 0x0029, 0x0000, 0x0028, 0x0044, 0x0029, 0x0000, 0x0028, 0x0045, 0x0029, 0x0000, 0x0028, 0x0046,
        0x0029, 0x0000, 0x0028, 0x0047, 0x0029, 0x0000, 0x0028, 0x0048, 0x0029, 0x0000, 0x0028, 0x0049, 0x0029, 0x0000, 0x0028, 0x004A,
        0x0029, 0x0000, 0x0028, 0x004B, 0x0029, 0x0000, 0x0028, 0x004C, 0x0029, 0x0000, 0x0028, 0x004D, 0x0029, 0x0000, 0x0028, 0x004E,
        0x0029, 0x0000, 0x0028, 0x004F, 0x0029, 0x0000, 0x0028, 0x0050, 0x0029, 0x0000, 0x0028, 0x0051, 0x0029, 0x0000, 0x0028, 0x0052,
        0x0029, 0x0000, 0x0028, 0x0053, 0x0029, 0x0000, 0x0028, 0x0054, 0x0029, 0x0000, 0x0028, 0x0055, 0x0029, 0x0000, 0x0028, 0x0056,
        0x0029, 0x0000, 0x0028, 0x0057, 0x0029, 0x0000, 0x0028, 0x0058, 0x0029, 0x0000, 0x0028, 0x0059, 0x0029, 0x0000, 0x0028, 0x005A,
        0x0029, 0x0000, 0x3014, 0x0053, 0x3015, 0x0000, 0x0043, 0x0000, 0x0052, 0x0000, 0x0043, 0x0044, 0x0000, 0x0057, 0x005A, 0x0000,
        0x0041, 0x0000, 0x0042, 0x0000, 0x0043, 0x0000, 0x0044, 0x0000, 0x0045, 0x0000, 0x0046, 0x0000, 0x0047, 0x0000, 0x0048, 0x0000,
        0x0049, 0x0000, 0x004A, 0x0000, 0x004B, 0x0000, 0x004C, 0x0000, 0x004D, 0x0000, 0x004E, 0x0000, 0x004F, 0x0000, 0x0050, 0x0000,
        0x0051, 0x0000, 0x0052, 0x0000, 0x0053, 0x0000, 0x0054, 0x0000, 0x0055, 0x0000, 0x0056, 0x0000, 0x0057, 0x0000, 0x0058, 0x0000,
        0x0059, 0x0000, 0x005A, 0x0000, 0x0048, 0x0056, 0x0000, 0x004D, 0x0056, 0x0000, 0x0053, 0x0044, 0x0000, 0x0053, 0x0053, 0x0000,
        0x0050, 0x0050, 0x0056, 0x0000, 0x0057, 0x0043, 0x0000, 0x004D, 0x0043, 0x0000, 0x004D, 0x0044, 0x0000, 0x004D, 0x0052, 0x0000,
        0x0044, 0x004A, 0x0000, 0x307B, 0x304B, 0x0000, 0x30B3, 0x30B3, 0x0000, 0x30B5, 0x0000, 0x624B, 0x0000, 0x5B57, 0x0000, 0x53CC,
        0x0000, 0x30C7, 0x0000, 0x4E8C, 0x0000, 0x591A, 0x0000, 0x89E3, 0x0000, 0x5929, 0x0000, 0x4EA4, 0x0000, 0x6620, 0x0000, 0x7121,
        0x0000, 0x6599, 0x0000, 0x524D, 0x0000, 0x5F8C, 0x0000, 0x518D, 0x0000, 0x65B0, 0x0000, 0x521D, 0x0000, 0x7D42, 0x0000, 0x751F,
        0x0000, 0x8CA9, 0x0000, 0x58F0, 0x0000, 0x5439, 0x0000, 0x6F14, 0x0000, 0x6295, 0x0000, 0x6355, 0x0000, 0x4E00, 0x0000, 0x4E09,
        0x0000, 0x904A, 0x0000, 0x5DE6, 0x0000, 0x4E2D, 0x0000, 0x53F3, 0x0000, 0x6307, 0x0000, 0x8D70, 0x0000, 0x6253, 0x0000, 0x7981,
        0x0000, 0x7A7A, 0x0000, 0x5408, 0x0000, 0x6E80, 0x0000, 0x6709, 0x0000, 0x6708, 0x0000, 0x7533, 0x0000, 0x5272, 0x0000, 0x55B6,
        0x0000, 0x914D, 0x0000, 0x3014, 0x672C, 0x3015, 0x0000, 0x3014, 0x4E09, 0x3015, 0x0000, 0x3014, 0x4E8C, 0x3015, 0x0000, 0x3014,
        0x5B89, 0x3015, 0x0000, 0x3014, 0x70B9, 0x3015, 0x0000, 0x3014, 0x6253, 0x3015, 0x0000, 0x3014, 0x76D7, 0x3015, 0x0000, 0x3014,
        0x52DD, 0x3015, 0x0000, 0x3014, 0x6557, 0x3015, 0x0000, 0x5F97, 0x0000, 0x53EF, 0x0000, 0x0030, 0x0000, 0x0031, 0x0000, 0x0032,
        0x0000, 0x0033, 0x0000, 0x0034, 0x0000, 0x0035, 0x0000, 0x0036, 0x0000, 0x0037, 0x0000, 0x0038, 0x0000, 0x0039, 0x0000, 0x4E3D,
        0x0000, 0x4E38, 0x0000, 0x4E41, 0x0000, 0x20122, 0x0000, 0x4F60, 0x0000, 0x4FAE, 0x0000, 0x4FBB, 0x0000, 0x5002, 0x0000, 0x507A,
        0x0000, 0x5099, 0x0000, 0x50E7, 0x0000, 0x50CF, 0x0000, 0x349E, 0x0000, 0x2063A, 0x0000, 0x514D, 0x0000, 0x5154, 0x0000, 0x5164,
        0x0000, 0x5177, 0x0000, 0x2051C, 0x0000, 0x34B9, 0x0000, 0x5167, 0x0000, 0x518D, 0x0000, 0x2054B, 0x0000, 0x5197, 0x0000, 0x51A4,
        0x0000, 0x4ECC, 0x0000, 0x51AC, 0x0000, 0x51B5, 0x0000, 0x291DF, 0x0000, 0x51F5, 0x0000, 0x5203, 0x0000, 0x34DF, 0x0000, 0x523B,
        0x0000, 0x5246, 0x0000, 0x5272, 0x0000, 0x5277, 0x0000, 0x3515, 0x0000, 0x52C7, 0x0000, 0x52C9, 0x0000, 0x52E4, 0x0000, 0x52FA,
        0x0000, 0x5305, 0x0000, 0x5306, 0x0000, 0x5317, 0x0000, 0x5349, 0x0000, 0x5351, 0x0000, 0x535A, 0x0000, 0x5373, 0x0000, 0x537D,
        0x0000, 0x537F, 0x0000, 0x537F, 0x0000, 0x537F, 0x0000, 0x20A2C, 0x0000, 0x7070, 0x0000, 0x53CA, 0x0000, 0x53DF, 0x0000, 0x20B63,
        0x0000, 0x53EB, 0x0000, 0x53F1, 0x0000, 0x5406, 0x0000, 0x549E, 0x0000, 0x5438, 0x0000, 0x5448, 0x0000, 0x5468, 0x0000, 0x54A2,
        0x0000, 0x54F6, 0x0000, 0x5510, 0x0000, 0x5553, 0x0000, 0x5563, 0x0000, 0x5584, 0x0000, 0x5584, 0x0000, 0x5599, 0x0000, 0x55AB,
        0x0000, 0x55B3, 0x0000, 0x55C2, 0x0000, 0x5716, 0x0000, 0x5606, 0x0000, 0x5717, 0x0000, 0x5651, 0x0000, 0x5674, 0x0000, 0x5207,
        0x0000, 0x58EE, 0x0000, 0x57CE, 0x0000, 0x57F4, 0x0000, 0x580D, 0x0000, 0x578B, 0x0000, 0x5832, 0x0000, 0x5831, 0x0000, 0x58AC,
        0x0000, 0x214E4, 0x0000, 0x58F2, 0x0000, 0x58F7, 0x0000, 0x5906, 0x0000, 0x591A, 0x0000, 0x5922, 0x0000, 0x5962, 0x0000, 0x216A8,
        0x0000, 0x216EA, 0x0000, 0x59EC, 0x0000, 0x5A1B, 0x0000, 0x5A27, 0x0000, 0x59D8, 0x0000, 0x5A66, 0x0000, 0x36EE, 0x0000, 0x36FC,
        0x0000, 0x5B08, 0x0000, 0x5B3E, 0x0000, 0x5B3E, 0x0000, 0x219C8, 0x0000, 0x5BC3, 0x0000, 0x5BD8, 0x0000, 0x5BE7, 0x0000, 0x5BF3,
        0x0000, 0x21B18, 0x0000, 0x5BFF, 0x0000, 0x5C06, 0x0000, 0x5F53, 0x0000, 0x5C22, 0x0000, 0x3781, 0x0000, 0x5C60, 0x0000, 0x5C6E,
        0x0000, 0x5CC0, 0x0000, 0x5C8D, 0x0000, 0x21DE4, 0x0000, 0x5D43, 0x0000, 0x21DE6, 0x0000, 0x5D6E, 0x0000, 0x5D6B, 0x0000, 0x5D7C,
        0x0000, 0x5DE1, 0x0000, 0x5DE2, 0x0000, 0x382F, 0x0000, 0x5DFD, 0x0000, 0x5E28, 0x0000, 0x5E3D, 0x0000, 0x5E69, 0x0000, 0x3862,
        0x0000, 0x22183, 0x0000, 0x387C, 0x0000, 0x5EB0, 0x0000, 0x5EB3, 0x0000, 0x5EB6, 0x0000, 0x5ECA, 0x0000, 0x2A392, 0x0000, 0x5EFE,
        0x0000, 0x22331, 0x0000, 0x22331, 0x0000, 0x8201, 0x0000, 0x5F22, 0x0000, 0x5F22, 0x0000, 0x38C7, 0x0000, 0x232B8, 0x0000, 0x261DA,
        0x0000, 0x5F62, 0x0000, 0x5F6B, 0x0000, 0x38E3, 0x0000, 0x5F9A, 0x0000, 0x5FCD, 0x0000, 0x5FD7, 0x0000, 0x5FF9, 0x0000, 0x6081,
        0x0000, 0x393A, 0x0000, 0x391C, 0x0000, 0x6094, 0x0000, 0x226D4, 0x0000, 0x60C7, 0x0000, 0x6148, 0x0000, 0x614C, 0x0000, 0x614E,
        0x0000, 0x614C, 0x0000, 0x617A, 0x0000, 0x618E, 0x0000, 0x61B2, 0x0000, 0x61A4, 0x0000, 0x61AF, 0x0000, 0x61DE, 0x0000, 0x61F2,
        0x0000, 0x61F6, 0x0000, 0x6210, 0x0000, 0x621B, 0x0000, 0x625D, 0x0000, 0x62B1, 0x0000, 0x62D4, 0x0000, 0x6350, 0x0000, 0x22B0C,
        0x0000, 0x633D, 0x0000, 0x62FC, 0x0000, 0x6368, 0x0000, 0x6383, 0x0000, 0x63E4, 0x0000, 0x22BF1, 0x0000, 0x6422, 0x0000, 0x63C5,
        0x0000, 0x63A9, 0x0000, 0x3A2E, 0x0000, 0x6469, 0x0000, 0x647E, 0x0000, 0x649D, 0x0000, 0x6477, 0x0000, 0x3A6C, 0x0000, 0x654F,
        0x0000, 0x656C, 0x0000, 0x2300A, 0x0000, 0x65E3, 0x0000, 0x66F8, 0x0000, 0x6649, 0x0000, 0x3B19, 0x0000, 0x6691, 0x0000, 0x3B08,
        0x0000, 0x3AE4, 0x0000, 0x5192, 0x0000, 0x5195, 0x0000, 0x6700, 0x0000, 0x669C, 0x0000, 0x80AD, 0x0000, 0x43D9, 0x0000, 0x6717,
        0x0000, 0x671B, 0x0000, 0x6721, 0x0000, 0x675E, 0x0000, 0x6753, 0x0000, 0x233C3, 0x0000, 0x3B49, 0x0000, 0x67FA, 0x0000, 0x6785,
        0x0000, 0x6852, 0x0000, 0x6885, 0x0000, 0x2346D, 0x0000, 0x688E, 0x0000, 0x681F, 0x0000, 0x6914, 0x0000, 0x3B9D, 0x0000, 0x6942,
        0x0000, 0x69A3, 0x0000, 0x69EA, 0x0000, 0x6AA8, 0x0000, 0x236A3, 0x0000, 0x6ADB, 0x0000, 0x3C18, 0x0000, 0x6B21, 0x0000, 0x238A7,
        0x0000, 0x6B54, 0x0000, 0x3C4E, 0x0000, 0x6B72, 0x0000, 0x6B9F, 0x0000, 0x6BBA, 0x0000, 0x6BBB, 0x0000, 0x23A8D, 0x0000, 0x21D0B,
        0x0000, 0x23AFA, 0x0000, 0x6C4E, 0x0000, 0x23CBC, 0x0000, 0x6CBF, 0x0000, 0x6CCD, 0x0000, 0x6C67, 0x0000, 0x6D16, 0x0000, 0x6D3E,
        0x0000, 0x6D77, 0x0000, 0x6D41, 0x0000, 0x6D69, 0x0000, 0x6D78, 0x0000, 0x6D85, 0x0000, 0x23D1E, 0x0000, 0x6D34, 0x0000, 0x6E2F,
        0x0000, 0x6E6E, 0x0000, 0x3D33, 0x0000, 0x6ECB, 0x0000, 0x6EC7, 0x0000, 0x23ED1, 0x0000, 0x6DF9, 0x0000, 0x6F6E, 0x0000, 0x23F5E,
        0x0000, 0x23F8E, 0x0000, 0x6FC6, 0x0000, 0x7039, 0x0000, 0x701E, 0x0000, 0x701B, 0x0000, 0x3D96, 0x0000, 0x704A, 0x0000, 0x707D,
        0x0000, 0x7077, 0x0000, 0x70AD, 0x0000, 0x20525, 0x0000, 0x7145, 0x0000, 0x24263, 0x0000, 0x719C, 0x0000, 0x243AB, 0x0000, 0x7228,
        0x0000, 0x7235, 0x0000, 0x7250, 0x0000, 0x24608, 0x0000, 0x7280, 0x0000, 0x7295, 0x0000, 0x24735, 0x0000, 0x24814, 0x0000, 0x737A,
        0x0000, 0x738B, 0x0000, 0x3EAC, 0x0000, 0x73A5, 0x0000, 0x3EB8, 0x0000, 0x3EB8, 0x0000, 0x7447, 0x0000, 0x745C, 0x0000, 0x7471,
        0x0000, 0x7485, 0x0000, 0x74CA, 0x0000, 0x3F1B, 0x0000, 0x7524, 0x0000, 0x24C36, 0x0000, 0x753E, 0x0000, 0x24C92, 0x0000, 0x7570,
        0x0000, 0x2219F, 0x0000, 0x7610, 0x0000, 0x24FA1, 0x0000, 0x24FB8, 0x0000, 0x25044, 0x0000, 0x3FFC, 0x0000, 0x4008, 0x0000, 0x76F4,
        0x0000, 0x250F3, 0x0000, 0x250F2, 0x0000, 0x25119, 0x0000, 0x25133, 0x0000, 0x771E, 0x0000, 0x771F, 0x0000, 0x771F, 0x0000, 0x774A,
        0x0000, 0x4039, 0x0000, 0x778B, 0x0000, 0x4046, 0x0000, 0x4096, 0x0000, 0x2541D, 0x0000, 0x784E, 0x0000, 0x788C, 0x0000, 0x78CC,
        0x0000, 0x40E3, 0x0000, 0x25626, 0x0000, 0x7956, 0x0000, 0x2569A, 0x0000, 0x256C5, 0x0000, 0x798F, 0x0000, 0x79EB, 0x0000, 0x412F,
        0x0000, 0x7A40, 0x0000, 0x7A4A, 0x0000, 0x7A4F, 0x0000, 0x2597C, 0x0000, 0x25AA7, 0x0000, 0x25AA7, 0x0000, 0x7AEE, 0x0000, 0x4202,
        0x0000, 0x25BAB, 0x0000, 0x7BC6, 0x0000, 0x7BC9, 0x0000, 0x4227, 0x0000, 0x25C80, 0x0000, 0x7CD2, 0x0000, 0x42A0, 0x0000, 0x7CE8,
        0x0000, 0x7CE3, 0x0000, 0x7D00, 0x0000, 0x25F86, 0x0000, 0x7D63, 0x0000, 0x4301, 0x0000, 0x7DC7, 0x0000, 0x7E02, 0x0000, 0x7E45,
        0x0000, 0x4334, 0x0000, 0x26228, 0x0000, 0x26247, 0x0000, 0x4359, 0x0000, 0x262D9, 0x0000, 0x7F7A, 0x0000, 0x2633E, 0x0000, 0x7F95,
        0x0000, 0x7FFA, 0x0000, 0x8005, 0x0000, 0x264DA, 0x0000, 0x26523, 0x0000, 0x8060, 0x0000, 0x265A8, 0x0000, 0x8070, 0x0000, 0x2335F,
        0x0000, 0x43D5, 0x0000, 0x80B2, 0x0000, 0x8103, 0x0000, 0x440B, 0x0000, 0x813E, 0x0000, 0x5AB5, 0x0000, 0x267A7, 0x0000, 0x267B5,
        0x0000, 0x23393, 0x0000, 0x2339C, 0x0000, 0x8201, 0x0000, 0x8204, 0x0000, 0x8F9E, 0x0000, 0x446B, 0x0000, 0x8291, 0x0000, 0x828B,
        0x0000, 0x829D, 0x0000, 0x52B3, 0x0000, 0x82B1, 0x0000, 0x82B3, 0x0000, 0x82BD, 0x0000, 0x82E6, 0x0000, 0x26B3C, 0x0000, 0x82E5,
        0x0000, 0x831D, 0x0000, 0x8363, 0x0000, 0x83AD, 0x0000, 0x8323, 0x0000, 0x83BD, 0x0000, 0x83E7, 0x0000, 0x8457, 0x0000, 0x8353,
        0x0000, 0x83CA, 0x0000, 0x83CC, 0x0000, 0x83DC, 0x0000, 0x26C36, 0x0000, 0x26D6B, 0x0000, 0x26CD5, 0x0000, 0x452B, 0x0000, 0x84F1,
        0x0000, 0x84F3, 0x0000, 0x8516, 0x0000, 0x273CA, 0x0000, 0x8564, 0x0000, 0x26F2C, 0x0000, 0x455D, 0x0000, 0x4561, 0x0000, 0x26FB1,
        0x0000, 0x270D2, 0x0000, 0x456B, 0x0000, 0x8650, 0x0000, 0x865C, 0x0000, 0x8667, 0x0000, 0x8669, 0x0000, 0x86A9, 0x0000, 0x8688,
        0x0000, 0x870E, 0x0000, 0x86E2, 0x0000, 0x8779, 0x0000, 0x8728, 0x0000, 0x876B, 0x0000, 0x8786, 0x0000, 0x45D7, 0x0000, 0x87E1,
        0x0000, 0x8801, 0x0000, 0x45F9, 0x0000, 0x8860, 0x0000, 0x8863, 0x0000, 0x27667, 0x0000, 0x88D7, 0x0000, 0x88DE, 0x0000, 0x4635,
        0x0000, 0x88FA, 0x0000, 0x34BB, 0x0000, 0x278AE, 0x0000, 0x27966, 0x0000, 0x46BE, 0x0000, 0x46C7, 0x0000, 0x8AA0, 0x0000, 0x8AED,
        0x0000, 0x8B8A, 0x0000, 0x8C55, 0x0000, 0x27CA8, 0x0000, 0x8CAB, 0x0000, 0x8CC1, 0x0000, 0x8D1B, 0x0000, 0x8D77, 0x0000, 0x27F2F,
        0x0000, 0x20804, 0x0000, 0x8DCB, 0x0000, 0x8DBC, 0x0000, 0x8DF0, 0x0000, 0x208DE, 0x0000, 0x8ED4, 0x0000, 0x8F38, 0x0000, 0x285D2,
        0x0000, 0x285ED, 0x0000, 0x9094, 0x0000, 0x90F1, 0x0000, 0x9111, 0x0000, 0x2872E, 0x0000, 0x911B, 0x0000, 0x9238, 0x0000, 0x92D7,
        0x0000, 0x92D8, 0x0000, 0x927C, 0x0000, 0x93F9, 0x0000, 0x9415, 0x0000, 0x28BFA, 0x0000, 0x958B, 0x0000, 0x4995, 0x0000, 0x95B7,
        0x0000, 0x28D77, 0x0000, 0x49E6, 0x0000, 0x96C3, 0x0000, 0x5DB2, 0x0000, 0x9723, 0x0000, 0x29145, 0x0000, 0x2921A, 0x0000, 0x4A6E,
        0x0000, 0x4A76, 0x0000, 0x97E0, 0x0000, 0x2940A, 0x0000, 0x4AB2, 0x0000, 0x29496, 0x0000, 0x980B, 0x0000, 0x980B, 0x0000, 0x9829,
        0x0000, 0x295B6, 0x0000, 0x98E2, 0x0000, 0x4B33, 0x0000, 0x9929, 0x0000, 0x99A7, 0x0000, 0x99C2, 0x0000, 0x99FE, 0x0000, 0x4BCE,
        0x0000, 0x29B30, 0x0000, 0x9B12, 0x0000, 0x9C40, 0x0000, 0x9CFD, 0x0000, 0x4CCE, 0x0000, 0x4CED, 0x0000, 0x9D67, 0x0000, 0x2A0CE,
        0x0000, 0x4CF8, 0x0000, 0x2A105, 0x0000, 0x2A20E, 0x0000, 0x2A291, 0x0000, 0x9EBB, 0x0000, 0x4D56, 0x0000, 0x9EF9, 0x0000, 0x9EFE,
        0x0000, 0x9F05, 0x0000, 0x9F0F, 0x0000, 0x9F16, 0x0000, 0x9F3B, 0x0000, 0x2A600, 0x0000
    ];

    pub(crate) static UNIALT_INDEX1: [u8; 8704] = [
        0x0000, 0x0001, 0x0002, 0x0003, 0x0004, 0x0005, 0x0006, 0x0007, 0x0008, 0x0009, 0x000A, 0x000B, 0x000C, 0x000D, 0x0000, 0x0000,
        0x0000, 0x0000, 0x000E, 0x000F, 0x0010, 0x0000, 0x0011, 0x0012, 0x0013, 0x0014, 0x0015, 0x0016, 0x0017, 0x0018, 0x0019, 0x001A,
        0x001B, 0x001C, 0x001D, 0x001E, 0x0000, 0x0000, 0x0000, 0x001F, 0x0000, 0x0000, 0x0000, 0x0000, 0x0000, 0x0000, 0x0000, 0x0000,
        0x0000, 0x0000, 0x0000, 0x0000, 0x0000, 0x0000, 0x0020, 0x0000, 0x0000, 0x0000, 0x0021, 0x0022, 0x0023, 0x0024, 0x0025, 0x0026,
        0x0027, 0x0028, 0x0029, 0x002A, 0x002B, 0x002C, 0x002D, 0x0000, 0x002E, 0x002F, 0x0030, 0x0031, 0x0032, 0x0000, 0x0033, 0x0000,
        0x0000, 0x0000, 0x0000, 0x0000, 0x0034, 0x0035, 0x0000, 0x0000, 0x0036, 0x0000, 0x0037, 0x0000, 0x0038, 0x0039, 0x003A, 0x003B,
        0x003C, 0x003D, 0x003E, 0x003F, 0x0040, 0x0041, 0x0042, 0x0043, 0x0000, 0x0000, 0x0000, 0x0000, 0x0000, 0x0000, 0x0000, 0x0000,
        0x0000, 0x0000, 0x0000, 0x0000, 0x0000, 0x0000, 0x0000, 0x0000, 0x0000, 0x0000, 0x0000, 0x0000, 0x0000, 0x0000, 0x0000, 0x0000,
        0x0000, 0x0000, 0x0000, 0x0000, 0x0000, 0x0000, 0x0000, 0x0000, 0x0000, 0x0000, 0x0000, 0x0000, 0x0000, 0x0000, 0x0000, 0x0000,
        0x0000, 0x0000, 0x0000, 0x0000, 0x0000, 0x0000, 0x0000, 0x0000, 0x0000, 0x0000, 0x0000, 0x0000, 0x0000, 0x0000, 0x0000, 0x0000,
        0x0000, 0x0000, 0x0000, 0x0000, 0x0000, 0x0000, 0x0000, 0x0000, 0x0000, 0x0000, 0x0000, 0x0000, 0x0000, 0x0000, 0x0000, 0x0000,
        0x0000, 0x0000, 0x0000, 0x0000, 0x0000, 0x0000, 0x0000, 0x0000, 0x0000, 0x0000, 0x0000, 0x0000, 0x0000, 0x0000, 0x0000, 0x0000,
        0x0000, 0x0000, 0x0000, 0x0000, 0x0000, 0x0000, 0x0000, 0x0000, 0x0000, 0x0000, 0x0000, 0x0000, 0x0000, 0x0000, 0x0000, 0x0000,
        0x0000, 0x0000, 0x0000, 0x0000, 0x0000, 0x0000, 0x0000, 0x0000, 0x0000, 0x0000, 0x0000, 0x0000, 0x0000, 0x0000, 0x0000, 0x0000,
        0x0000, 0x0000, 0x0000, 0x0000, 0x0000, 0x0000, 0x0000, 0x0000, 0x0000, 0x0000, 0x0000, 0x0000, 0x0000, 0x0000, 0x0000, 0x0000,
        0x0000, 0x0000, 0x0000, 0x0000, 0x0000, 0x0000, 0x0000, 0x0000, 0x0000, 0x0000, 0x0000, 0x0000, 0x0000, 0x0000, 0x0000, 0x0000,
        0x0000, 0x0000, 0x0000, 0x0000, 0x0000, 0x0000, 0x0000, 0x0000, 0x0000, 0x0000, 0x0000, 0x0000, 0x0000, 0x0000, 0x0000, 0x0000,
        0x0000, 0x0000, 0x0000, 0x0000, 0x0000, 0x0000, 0x0000, 0x0000, 0x0000, 0x0000, 0x0000, 0x0000, 0x0000, 0x0000, 0x0000, 0x0000,
        0x0000, 0x0000, 0x0000, 0x0000, 0x0000, 0x0000, 0x0000, 0x0000, 0x0000, 0x0000, 0x0000, 0x0000, 0x0000, 0x0000, 0x0000, 0x0000,
        0x0000, 0x0000, 0x0000, 0x0000, 0x0000, 0x0000, 0x0000, 0x0000, 0x0000, 0x0000, 0x0000, 0x0000, 0x0000, 0x0000, 0x0000, 0x0000,
        0x0000, 0x0000, 0x0000, 0x0000, 0x0000, 0x0000, 0x0000, 0x0000, 0x0000, 0x0000, 0x0000, 0x0000, 0x0000, 0x0044, 0x0045, 0x0046,
        0x0000, 0x0000, 0x0000, 0x0000, 0x0000, 0x0000, 0x0047, 0x0000, 0x0000, 0x0000, 0x0000, 0x0000, 0x0000, 0x0000, 0x0000, 0x0000,
        0x0000, 0x0000, 0x0000, 0x0000, 0x0000, 0x0000, 0x0000, 0x0000, 0x0000, 0x0000, 0x0000, 0x0000, 0x0000, 0x0000, 0x0000, 0x0000,
        0x0000, 0x0000, 0x0000, 0x0000, 0x0000, 0x0000, 0x0000, 0x0000, 0x0000, 0x0000, 0x0000, 0x0000, 0x0000, 0x0000, 0x0000, 0x0000,
        0x0000, 0x0000, 0x0000, 0x0000, 0x0000, 0x0000, 0x0000, 0x0000, 0x0000, 0x0000, 0x0000, 0x0000, 0x0000, 0x0000, 0x0000, 0x0000,
        0x0000, 0x0000, 0x0000, 0x0000, 0x0000, 0x0000, 0x0000, 0x0000, 0x0000, 0x0000, 0x0000, 0x0000, 0x0000, 0x0000, 0x0000, 0x0000,
        0x0000, 0x0000, 0x0000, 0x0000, 0x0000, 0x0000, 0x0000, 0x0000, 0x0000, 0x0000, 0x0000, 0x0000, 0x0000, 0x0000, 0x0000, 0x0000,
        0x0000, 0x0000, 0x0000, 0x0000, 0x0000, 0x0000, 0x0000, 0x0000, 0x0000, 0x0000, 0x0000, 0x0000, 0x0000, 0x0000, 0x0000, 0x0000,
        0x0000, 0x0000, 0x0000, 0x0000, 0x0000, 0x0000, 0x0000, 0x0000, 0x0000, 0x0000, 0x0000, 0x0000, 0x0000, 0x0000, 0x0000, 0x0000,
        0x0000, 0x0000, 0x0000, 0x0000, 0x0000, 0x0000, 0x0000, 0x0000, 0x0000, 0x0000, 0x0000, 0x0000, 0x0000, 0x0000, 0x0000, 0x0000,
        0x0000, 0x0000, 0x0000, 0x0000, 0x0000, 0x0000, 0x0000, 0x0000, 0x0000, 0x0000, 0x0000, 0x0000, 0x0000, 0x0000, 0x0000, 0x0000,
        0x0000, 0x0000, 0x0048, 0x0049, 0x004A, 0x004B, 0x004C, 0x004D, 0x004E, 0x004F, 0x0050, 0x0051, 0x0052, 0x0053, 0x0054, 0x0055,
        0x0000, 0x0000, 0x0000, 0x0000, 0x0000, 0x0000, 0x0000, 0x0000, 0x0000, 0x0000, 0x0000, 0x0056, 0x0000, 0x0000, 0x0000, 0x0057,
        0x0000, 0x0000, 0x0000, 0x0000, 0x0000, 0x0000, 0x0000, 0x0000, 0x0000, 0x0000, 0x0000, 0x0000, 0x0000, 0x0000, 0x0000, 0x0000,
        0x0000, 0x0058, 0x0059, 0x0000, 0x0000, 0x0000, 0x005A, 0x005B, 0x0000, 0x005C, 0x0000, 0x005D, 0x0000, 0x0000, 0x0000, 0x0000,
        0x0000, 0x0000, 0x005E, 0x0000, 0x0000, 0x0000, 0x0000, 0x0000, 0x0000, 0x0000, 0x0000, 0x0000, 0x0000, 0x0000, 0x0000, 0x0000,
        0x0000, 0x0000, 0x0000, 0x0000, 0x0000, 0x0000, 0x0000, 0x0000, 0x0000, 0x0000, 0x0000, 0x0000, 0x0000, 0x0000, 0x0000, 0x0000,
        0x0000, 0x0000, 0x0000, 0x0000, 0x0000, 0x0000, 0x0000, 0x0000, 0x0000, 0x0000, 0x0000, 0x0000, 0x0000, 0x0000, 0x0000, 0x0000,
        0x0000, 0x0000, 0x0000, 0x0000, 0x0000, 0x0000, 0x0000, 0x0000, 0x0000, 0x0000, 0x0000, 0x0000, 0x0000, 0x0000, 0x0000, 0x0000,
        0x0000, 0x0000, 0x0000, 0x0000, 0x0000, 0x0000, 0x0000, 0x0000, 0x0000, 0x0000, 0x0000, 0x0000, 0x0000, 0x0000, 0x0000, 0x0000,
        0x0000, 0x0000, 0x0000, 0x0000, 0x0000, 0x0000, 0x0000, 0x0000, 0x0000, 0x0000, 0x0000, 0x0000, 0x0000, 0x0000, 0x0000, 0x0000,
        0x0000, 0x0000, 0x0000, 0x0000, 0x0000, 0x0000, 0x0000, 0x0000, 0x0000, 0x0000, 0x0000, 0x0000, 0x0000, 0x0000, 0x0000, 0x0000,
        0x0000, 0x0000, 0x0000, 0x0000, 0x0000, 0x0000, 0x0000, 0x0000, 0x0000, 0x0000, 0x0000, 0x0000, 0x0000, 0x0000, 0x0000, 0x0000,
        0x0000, 0x0000, 0x0000, 0x0000, 0x0000, 0x0000, 0x0000, 0x0000, 0x0000, 0x0000, 0x0000, 0x0000, 0x0000, 0x0000, 0x0000, 0x0000,
        0x0000, 0x0000, 0x005F, 0x0000, 0x0000, 0x0000, 0x0000, 0x0000, 0x0000, 0x0000, 0x0000, 0x0000, 0x0000, 0x0000, 0x0000, 0x0000,
        0x0000, 0x0000, 0x0000, 0x0000, 0x0000, 0x0000, 0x0000, 0x0000, 0x0000, 0x0000, 0x0060, 0x0000, 0x0000, 0x0000, 0x0000, 0x0000,
        0x0000, 0x0000, 0x0000, 0x0000, 0x0000, 0x0000, 0x0000, 0x0000, 0x0000, 0x0000, 0x0000, 0x0000, 0x0000, 0x0000, 0x0000, 0x0000,
        0x0000, 0x0000, 0x0000, 0x0000, 0x0000, 0x0000, 0x0000, 0x0000, 0x0000, 0x0000, 0x0000, 0x0000, 0x0000, 0x0000, 0x0000, 0x0000,
        0x0000, 0x0000, 0x0000, 0x0000, 0x0000, 0x0000, 0x0000, 0x0000, 0x0000, 0x0000, 0x0000, 0x0000, 0x0000, 0x0000, 0x0000, 0x0000,
        0x0000, 0x0000, 0x0000, 0x0000, 0x0000, 0x0000, 0x0000, 0x0000, 0x0000, 0x0000, 0x0000, 0x0000, 0x0000, 0x0000, 0x0000, 0x0000,
        0x0000, 0x0000, 0x0000, 0x0000, 0x0000, 0x0000, 0x0000, 0x0000, 0x0000, 0x0000, 0x0000, 0x0000, 0x0000, 0x0000, 0x0000, 0x0000,
        0x0000, 0x0000, 0x0000, 0x0000, 0x0000, 0x0000, 0x0000, 0x0000, 0x0000, 0x0000, 0x0000, 0x0000, 0x0000, 0x0000, 0x0000, 0x0000,
        0x0000, 0x0000, 0x0000, 0x0000, 0x0000, 0x0000, 0x0000, 0x0000, 0x0000, 0x0000, 0x0000, 0x0000, 0x0000, 0x0000, 0x0000, 0x0000,
        0x0000, 0x0000, 0x0000, 0x0000, 0x0000, 0x0000, 0x0000, 0x0000, 0x0000, 0x0000, 0x0000, 0x0000, 0x0000, 0x0000, 0x0000, 0x0000,
        0x0000, 0x0000, 0x0000, 0x0000, 0x0000, 0x0000, 0x0000, 0x0000, 0x0000, 0x0000, 0x0000, 0x0000, 0x0000, 0x0000, 0x0000, 0x0000,
        0x0000, 0x0000, 0x0000, 0x0000, 0x0000, 0x0000, 0x0000, 0x0000, 0x0000, 0x0000, 0x0000, 0x0000, 0x0000, 0x0000, 0x0000, 0x0000,
        0x0000, 0x0000, 0x0000, 0x0000, 0x0000, 0x0000, 0x0000, 0x0000, 0x0000, 0x0000, 0x0000, 0x0000, 0x0000, 0x0000, 0x0000, 0x0000,
        0x0000, 0x0000, 0x0000, 0x0000, 0x0000, 0x0000, 0x0000, 0x0000, 0x0000, 0x0061, 0x0000, 0x0000, 0x0000, 0x0000, 0x0000, 0x0000,
        0x0000, 0x0000, 0x0062, 0x0063, 0x0000, 0x0000, 0x0000, 0x0000, 0x0064, 0x0065, 0x0066, 0x0067, 0x0068, 0x0069, 0x006A, 0x006B,
        0x0000, 0x0000, 0x0000, 0x0000, 0x0000, 0x0000, 0x0000, 0x0000, 0x0000, 0x0000, 0x0000, 0x0000, 0x0000, 0x0000, 0x0000, 0x0000,
        0x006C, 0x0000, 0x0000, 0x0000, 0x0000, 0x0000, 0x0000, 0x0000, 0x0000, 0x0000, 0x0000, 0x0000, 0x0000, 0x0000, 0x0000, 0x0000,
        0x0000, 0x0000, 0x0000, 0x0000, 0x0000, 0x0000, 0x0000, 0x0000, 0x0000, 0x0000, 0x0000, 0x0000, 0x006D, 0x006E, 0x0000, 0x0000,
        0x0000, 0x0000, 0x006F, 0x0070, 0x0071, 0x0000, 0x0000, 0x0000, 0x0000, 0x0000, 0x0000, 0x0000, 0x0000, 0x0000, 0x0000, 0x0000,
        0x0000, 0x0000, 0x0000, 0x0000, 0x0000, 0x0000, 0x0000, 0x0072, 0x0000, 0x0000, 0x0000, 0x0000, 0x0000, 0x0000, 0x0000, 0x0000,
        0x0000, 0x0000, 0x0000, 0x0000, 0x0000, 0x0000, 0x0000, 0x0000, 0x0000, 0x0000, 0x0000, 0x0000, 0x0000, 0x0000, 0x0000, 0x0000,
        0x0000, 0x0000, 0x0000, 0x0000, 0x0000, 0x0000, 0x0000, 0x0000, 0x0000, 0x0000, 0x0000, 0x0000, 0x0000, 0x0000, 0x0000, 0x0000,
        0x0000, 0x0000, 0x0000, 0x0000, 0x0000, 0x0000, 0x0000, 0x0000, 0x0000, 0x0000, 0x0000, 0x0000, 0x0000, 0x0000, 0x0000, 0x0000,
        0x0000, 0x0000, 0x0000, 0x0000, 0x0000, 0x0000, 0x0000, 0x0000, 0x0000, 0x0000, 0x0000, 0x0000, 0x0000, 0x0000, 0x0000, 0x0000,
        0x0000, 0x0000, 0x0000, 0x0000, 0x0000, 0x0000, 0x0000, 0x0000, 0x0000, 0x0000, 0x0000, 0x0000, 0x0000, 0x0000, 0x0000, 0x0000,
        0x0000, 0x0000, 0x0000, 0x0000, 0x0000, 0x0000, 0x0000, 0x0000, 0x0000, 0x0000, 0x0000, 0x0000, 0x0000, 0x0000, 0x0000, 0x0000,
        0x0000, 0x0000, 0x0000, 0x0000, 0x0000, 0x0000, 0x0000, 0x0000, 0x0000, 0x0000, 0x0000, 0x0000, 0x0000, 0x0000, 0x0000, 0x0000,
        0x0000, 0x0000, 0x0000, 0x0000, 0x0000, 0x0000, 0x0000, 0x0000, 0x0000, 0x0000, 0x0000, 0x0000, 0x0000, 0x0000, 0x0000, 0x0000,
        0x0000, 0x0000, 0x0000, 0x0000, 0x0000, 0x0000, 0x0000, 0x0000, 0x0000, 0x0000, 0x0000, 0x0000, 0x0000, 0x0000, 0x0000, 0x0000,
        0x0000, 0x0000, 0x0000, 0x0000, 0x0000, 0x0000, 0x0000, 0x0000, 0x0000, 0x0000, 0x0000, 0x0000, 0x0000, 0x0000, 0x0000, 0x0000,
        0x0000, 0x0000, 0x0000, 0x0000, 0x0000, 0x0000, 0x0000, 0x0000, 0x0000, 0x0000, 0x0000, 0x0000, 0x0000, 0x0000, 0x0000, 0x0000,
        0x0000, 0x0000, 0x0000, 0x0000, 0x0000, 0x0000, 0x0000, 0x0000, 0x0000, 0x0000, 0x0000, 0x0000, 0x0000, 0x0000, 0x0000, 0x0000,
        0x0000, 0x0000, 0x0000, 0x0000, 0x0000, 0x0000, 0x0000, 0x0000, 0x0000, 0x0000, 0x0000, 0x0000, 0x0000, 0x0000, 0x0000, 0x0000,
        0x0000, 0x0000, 0x0000, 0x0000, 0x0000, 0x0000, 0x0000, 0x0000, 0x0000, 0x0000, 0x0000, 0x0000, 0x0000, 0x0000, 0x0000, 0x0000,
        0x0000, 0x0000, 0x0000, 0x0000, 0x0000, 0x0000, 0x0000, 0x0000, 0x0000, 0x0000, 0x0000, 0x0000, 0x0000, 0x0000, 0x0000, 0x0000,
        0x0000, 0x0000, 0x0000, 0x0000, 0x0000, 0x0000, 0x0000, 0x0000, 0x0000, 0x0000, 0x0000, 0x0000, 0x0000, 0x0000, 0x0000, 0x0000,
        0x0000, 0x0000, 0x0000, 0x0000, 0x0000, 0x0000, 0x0000, 0x0000, 0x0000, 0x0000, 0x0000, 0x0000, 0x0000, 0x0000, 0x0000, 0x0000,
        0x0000, 0x0000, 0x0000, 0x0000, 0x0000, 0x0000, 0x0000, 0x0000, 0x0000, 0x0000, 0x0000, 0x0000, 0x0000, 0x0000, 0x0000, 0x0000,
        0x0000, 0x0000, 0x0000, 0x0000, 0x0000, 0x0000, 0x0000, 0x0000, 0x0000, 0x0000, 0x0000, 0x0000, 0x0000, 0x0000, 0x0000, 0x0000,
        0x0000, 0x0000, 0x0000, 0x0000, 0x0000, 0x0000, 0x0000, 0x0000, 0x0000, 0x0000, 0x0000, 0x0000, 0x0000, 0x0000, 0x0000, 0x0000,
        0x0000, 0x0000, 0x0000, 0x0000, 0x0000, 0x0000, 0x0000, 0x0000, 0x0000, 0x0000, 0x0000, 0x0000, 0x0000, 0x0000, 0x0000, 0x0000,
        0x0000, 0x0000, 0x0000, 0x0000, 0x0000, 0x0000, 0x0000, 0x0000, 0x0000, 0x0000, 0x0000, 0x0000, 0x0000, 0x0000, 0x0000, 0x0000,
        0x0000, 0x0000, 0x0000, 0x0000, 0x0000, 0x0000, 0x0000, 0x0000, 0x0000, 0x0000, 0x0000, 0x0000, 0x0000, 0x0000, 0x0000, 0x0000,
        0x0000, 0x0000, 0x0000, 0x0000, 0x0000, 0x0000, 0x0000, 0x0000, 0x0000, 0x0000, 0x0000, 0x0000, 0x0000, 0x0000, 0x0000, 0x0000,
        0x0000, 0x0000, 0x0000, 0x0000, 0x0000, 0x0000, 0x0000, 0x0000, 0x0000, 0x0000, 0x0000, 0x0000, 0x0000, 0x0000, 0x0000, 0x0000,
        0x0000, 0x0000, 0x0000, 0x0000, 0x0000, 0x0000, 0x0000, 0x0000, 0x0000, 0x0000, 0x0000, 0x0000, 0x0000, 0x0000, 0x0000, 0x0000,
        0x0000, 0x0000, 0x0000, 0x0000, 0x0000, 0x0000, 0x0000, 0x0000, 0x0000, 0x0000, 0x0000, 0x0000, 0x0000, 0x0000, 0x0000, 0x0000,
        0x0000, 0x0000, 0x0000, 0x0000, 0x0000, 0x0000, 0x0000, 0x0000, 0x0000, 0x0000, 0x0000, 0x0000, 0x0000, 0x0000, 0x0000, 0x0000,
        0x0000, 0x0000, 0x0000, 0x0000, 0x0000, 0x0000, 0x0000, 0x0000, 0x0000, 0x0000, 0x0000, 0x0000, 0x0000, 0x0000, 0x0000, 0x0000,
        0x0000, 0x0000, 0x0000, 0x0000, 0x0000, 0x0000, 0x0000, 0x0000, 0x0000, 0x0000, 0x0000, 0x0000, 0x0000, 0x0000, 0x0000, 0x0000,
        0x0000, 0x0000, 0x0000, 0x0000, 0x0000, 0x0000, 0x0000, 0x0000, 0x0000, 0x0000, 0x0000, 0x0000, 0x0000, 0x0000, 0x0000, 0x0000,
        0x0073, 0x0074, 0x0075, 0x0076, 0x0077, 0x0000, 0x0000, 0x0000, 0x0000, 0x0000, 0x0000, 0x0000, 0x0000, 0x0000, 0x0000, 0x0000,
        0x0000, 0x0000, 0x0000, 0x0000, 0x0000, 0x0000, 0x0000, 0x0000, 0x0000, 0x0000, 0x0000, 0x0000, 0x0000, 0x0000, 0x0000, 0x0000,
        0x0000, 0x0000, 0x0000, 0x0000, 0x0000, 0x0000, 0x0000, 0x0000, 0x0000, 0x0000, 0x0000, 0x0000, 0x0000, 0x0000, 0x0000, 0x0000,
        0x0000, 0x0000, 0x0000, 0x0000, 0x0000, 0x0000, 0x0000, 0x0000, 0x0000, 0x0000, 0x0000, 0x0000, 0x0000, 0x0000, 0x0000, 0x0000,
        0x0000, 0x0000, 0x0000, 0x0000, 0x0000, 0x0000, 0x0000, 0x0000, 0x0000, 0x0000, 0x0000, 0x0000, 0x0000, 0x0000, 0x0000, 0x0000,
        0x0000, 0x0000, 0x0000, 0x0000, 0x0000, 0x0000, 0x0000, 0x0000, 0x0000, 0x0000, 0x0000, 0x0000, 0x0000, 0x0000, 0x0000, 0x0000,
        0x0000, 0x0000, 0x0000, 0x0000, 0x0000, 0x0000, 0x0000, 0x0000, 0x0000, 0x0000, 0x0000, 0x0000, 0x0000, 0x0000, 0x0000, 0x0000,
        0x0000, 0x0000, 0x0000, 0x0000, 0x0000, 0x0000, 0x0000, 0x0000, 0x0000, 0x0000, 0x0000, 0x0000, 0x0000, 0x0000, 0x0000, 0x0000,
        0x0000, 0x0000, 0x0000, 0x0000, 0x0000, 0x0000, 0x0000, 0x0000, 0x0000, 0x0000, 0x0000, 0x0000, 0x0000, 0x0000, 0x0000, 0x0000,
        0x0000, 0x0000, 0x0000, 0x0000, 0x0000, 0x0000, 0x0000, 0x0000, 0x0000, 0x0000, 0x0000, 0x0000, 0x0000, 0x0000, 0x0000, 0x0000,
        0x0000, 0x0000, 0x0000, 0x0000, 0x0000, 0x0000, 0x0000, 0x0000, 0x0000, 0x0000, 0x0000, 0x0000, 0x0000, 0x0000, 0x0000, 0x0000,
        0x0000, 0x0000, 0x0000, 0x0000, 0x0000, 0x0000, 0x0000, 0x0000, 0x0000, 0x0000, 0x0000, 0x0000, 0x0000, 0x0000, 0x0000, 0x0000,
        0x0000, 0x0000, 0x0000, 0x0000, 0x0000, 0x0000, 0x0000, 0x0000, 0x0000, 0x0000, 0x0000, 0x0000, 0x0000, 0x0000, 0x0000, 0x0000,
        0x0000, 0x0000, 0x0000, 0x0000, 0x0000, 0x0000, 0x0000, 0x0000, 0x0000, 0x0000, 0x0000, 0x0000, 0x0000, 0x0000, 0x0000, 0x0000,
        0x0000, 0x0000, 0x0000, 0x0000, 0x0000, 0x0000, 0x0000, 0x0000, 0x0000, 0x0000, 0x0000, 0x0000, 0x0000, 0x0000, 0x0000, 0x0000,
        0x0000, 0x0000, 0x0000, 0x0000, 0x0000, 0x0000, 0x0000, 0x0000, 0x0000, 0x0000, 0x0000, 0x0000, 0x0000, 0x0000, 0x0000, 0x0000,
        0x0000, 0x0000, 0x0000, 0x0000, 0x0000, 0x0000, 0x0000, 0x0000, 0x0000, 0x0000, 0x0000, 0x0000, 0x0000, 0x0000, 0x0000, 0x0000,
        0x0000, 0x0000, 0x0000, 0x0000, 0x0000, 0x0000, 0x0000, 0x0000, 0x0000, 0x0000, 0x0000, 0x0000, 0x0000, 0x0000, 0x0000, 0x0000,
        0x0000, 0x0000, 0x0000, 0x0000, 0x0000, 0x0000, 0x0000, 0x0000, 0x0000, 0x0000, 0x0000, 0x0000, 0x0000, 0x0000, 0x0000, 0x0000,
        0x0000, 0x0000, 0x0000, 0x0000, 0x0000, 0x0000, 0x0000, 0x0000, 0x0000, 0x0000, 0x0000, 0x0000, 0x0000, 0x0000, 0x0000, 0x0000,
        0x0000, 0x0000, 0x0000, 0x0000, 0x0000, 0x0000, 0x0000, 0x0000, 0x0000, 0x0000, 0x0000, 0x0000, 0x0000, 0x0000, 0x0000, 0x0000,
        0x0000, 0x0000, 0x0000, 0x0000, 0x0000, 0x0000, 0x0000, 0x0000, 0x0000, 0x0000, 0x0000, 0x0000, 0x0000, 0x0000, 0x0000, 0x0000,
        0x0000, 0x0000, 0x0000, 0x0000, 0x0000, 0x0000, 0x0000, 0x0000, 0x0000, 0x0000, 0x0000, 0x0000, 0x0000, 0x0000, 0x0000, 0x0000,
        0x0000, 0x0000, 0x0000, 0x0000, 0x0000, 0x0000, 0x0000, 0x0000, 0x0000, 0x0000, 0x0000, 0x0000, 0x0000, 0x0000, 0x0000, 0x0000,
        0x0000, 0x0000, 0x0000, 0x0000, 0x0000, 0x0000, 0x0000, 0x0000, 0x0000, 0x0000, 0x0000, 0x0000, 0x0000, 0x0000, 0x0000, 0x0000,
        0x0000, 0x0000, 0x0000, 0x0000, 0x0000, 0x0000, 0x0000, 0x0000, 0x0000, 0x0000, 0x0000, 0x0000, 0x0000, 0x0000, 0x0000, 0x0000,
        0x0000, 0x0000, 0x0000, 0x0000, 0x0000, 0x0000, 0x0000, 0x0000, 0x0000, 0x0000, 0x0000, 0x0000, 0x0000, 0x0000, 0x0000, 0x0000,
        0x0000, 0x0000, 0x0000, 0x0000, 0x0000, 0x0000, 0x0000, 0x0000, 0x0000, 0x0000, 0x0000, 0x0000, 0x0000, 0x0000, 0x0000, 0x0000,
        0x0000, 0x0000, 0x0000, 0x0000, 0x0000, 0x0000, 0x0000, 0x0000, 0x0000, 0x0000, 0x0000, 0x0000, 0x0000, 0x0000, 0x0000, 0x0000,
        0x0000, 0x0000, 0x0000, 0x0000, 0x0000, 0x0000, 0x0000, 0x0000, 0x0000, 0x0000, 0x0000, 0x0000, 0x0000, 0x0000, 0x0000, 0x0000,
        0x0000, 0x0000, 0x0000, 0x0000, 0x0000, 0x0000, 0x0000, 0x0000, 0x0000, 0x0000, 0x0000, 0x0000, 0x0000, 0x0000, 0x0000, 0x0000,
        0x0000, 0x0000, 0x0000, 0x0000, 0x0000, 0x0000, 0x0000, 0x0000, 0x0000, 0x0000, 0x0000, 0x0000, 0x0000, 0x0000, 0x0000, 0x0000,
        0x0000, 0x0000, 0x0000, 0x0000, 0x0000, 0x0000, 0x0000, 0x0000, 0x0000, 0x0000, 0x0000, 0x0000, 0x0000, 0x0000, 0x0000, 0x0000,
        0x0000, 0x0000, 0x0000, 0x0000, 0x0000, 0x0000, 0x0000, 0x0000, 0x0000, 0x0000, 0x0000, 0x0000, 0x0000, 0x0000, 0x0000, 0x0000,
        0x0000, 0x0000, 0x0000, 0x0000, 0x0000, 0x0000, 0x0000, 0x0000, 0x0000, 0x0000, 0x0000, 0x0000, 0x0000, 0x0000, 0x0000, 0x0000,
        0x0000, 0x0000, 0x0000, 0x0000, 0x0000, 0x0000, 0x0000, 0x0000, 0x0000, 0x0000, 0x0000, 0x0000, 0x0000, 0x0000, 0x0000, 0x0000,
        0x0000, 0x0000, 0x0000, 0x0000, 0x0000, 0x0000, 0x0000, 0x0000, 0x0000, 0x0000, 0x0000, 0x0000, 0x0000, 0x0000, 0x0000, 0x0000,
        0x0000, 0x0000, 0x0000, 0x0000, 0x0000, 0x0000, 0x0000, 0x0000, 0x0000, 0x0000, 0x0000, 0x0000, 0x0000, 0x0000, 0x0000, 0x0000,
        0x0000, 0x0000, 0x0000, 0x0000, 0x0000, 0x0000, 0x0000, 0x0000, 0x0000, 0x0000, 0x0000, 0x0000, 0x0000, 0x0000, 0x0000, 0x0000,
        0x0000, 0x0000, 0x0000, 0x0000, 0x0000, 0x0000, 0x0000, 0x0000, 0x0000, 0x0000, 0x0000, 0x0000, 0x0000, 0x0000, 0x0000, 0x0000,
        0x0000, 0x0000, 0x0000, 0x0000, 0x0000, 0x0000, 0x0000, 0x0000, 0x0000, 0x0000, 0x0000, 0x0000, 0x0000, 0x0000, 0x0000, 0x0000,
        0x0000, 0x0000, 0x0000, 0x0000, 0x0000, 0x0000, 0x0000, 0x0000, 0x0000, 0x0000, 0x0000, 0x0000, 0x0000, 0x0000, 0x0000, 0x0000,
        0x0000, 0x0000, 0x0000, 0x0000, 0x0000, 0x0000, 0x0000, 0x0000, 0x0000, 0x0000, 0x0000, 0x0000, 0x0000, 0x0000, 0x0000, 0x0000,
        0x0000, 0x0000, 0x0000, 0x0000, 0x0000, 0x0000, 0x0000, 0x0000, 0x0000, 0x0000, 0x0000, 0x0000, 0x0000, 0x0000, 0x0000, 0x0000,
        0x0000, 0x0000, 0x0000, 0x0000, 0x0000, 0x0000, 0x0000, 0x0000, 0x0000, 0x0000, 0x0000, 0x0000, 0x0000, 0x0000, 0x0000, 0x0000,
        0x0000, 0x0000, 0x0000, 0x0000, 0x0000, 0x0000, 0x0000, 0x0000, 0x0000, 0x0000, 0x0000, 0x0000, 0x0000, 0x0000, 0x0000, 0x0000,
        0x0000, 0x0000, 0x0000, 0x0000, 0x0000, 0x0000, 0x0000, 0x0000, 0x0000, 0x0000, 0x0000, 0x0000, 0x0000, 0x0000, 0x0000, 0x0000,
        0x0000, 0x0000, 0x0000, 0x0000, 0x0000, 0x0000, 0x0000, 0x0000, 0x0000, 0x0000, 0x0000, 0x0000, 0x0000, 0x0000, 0x0000, 0x0000,
        0x0000, 0x0000, 0x0000, 0x0000, 0x0000, 0x0000, 0x0000, 0x0000, 0x0000, 0x0000, 0x0000, 0x0000, 0x0000, 0x0000, 0x0000, 0x0000,
        0x0000, 0x0000, 0x0000, 0x0000, 0x0000, 0x0000, 0x0000, 0x0000, 0x0000, 0x0000, 0x0000, 0x0000, 0x0000, 0x0000, 0x0000, 0x0000,
        0x0000, 0x0000, 0x0000, 0x0000, 0x0000, 0x0000, 0x0000, 0x0000, 0x0000, 0x0000, 0x0000, 0x0000, 0x0000, 0x0000, 0x0000, 0x0000,
        0x0000, 0x0000, 0x0000, 0x0000, 0x0000, 0x0000, 0x0000, 0x0000, 0x0000, 0x0000, 0x0000, 0x0000, 0x0000, 0x0000, 0x0000, 0x0000,
        0x0000, 0x0000, 0x0000, 0x0000, 0x0000, 0x0000, 0x0000, 0x0000, 0x0000, 0x0000, 0x0000, 0x0000, 0x0000, 0x0000, 0x0000, 0x0000,
        0x0000, 0x0000, 0x0000, 0x0000, 0x0000, 0x0000, 0x0000, 0x0000, 0x0000, 0x0000, 0x0000, 0x0000, 0x0000, 0x0000, 0x0000, 0x0000,
        0x0000, 0x0000, 0x0000, 0x0000, 0x0000, 0x0000, 0x0000, 0x0000, 0x0000, 0x0000, 0x0000, 0x0000, 0x0000, 0x0000, 0x0000, 0x0000,
        0x0000, 0x0000, 0x0000, 0x0000, 0x0000, 0x0000, 0x0000, 0x0000, 0x0000, 0x0000, 0x0000, 0x0000, 0x0000, 0x0000, 0x0000, 0x0000,
        0x0000, 0x0000, 0x0000, 0x0000, 0x0000, 0x0000, 0x0000, 0x0000, 0x0000, 0x0000, 0x0000, 0x0000, 0x0000, 0x0000, 0x0000, 0x0000,
        0x0000, 0x0000, 0x0000, 0x0000, 0x0000, 0x0000, 0x0000, 0x0000, 0x0000, 0x0000, 0x0000, 0x0000, 0x0000, 0x0000, 0x0000, 0x0000,
        0x0000, 0x0000, 0x0000, 0x0000, 0x0000, 0x0000, 0x0000, 0x0000, 0x0000, 0x0000, 0x0000, 0x0000, 0x0000, 0x0000, 0x0000, 0x0000,
        0x0000, 0x0000, 0x0000, 0x0000, 0x0000, 0x0000, 0x0000, 0x0000, 0x0000, 0x0000, 0x0000, 0x0000, 0x0000, 0x0000, 0x0000, 0x0000,
        0x0000, 0x0000, 0x0000, 0x0000, 0x0000, 0x0000, 0x0000, 0x0000, 0x0000, 0x0000, 0x0000, 0x0000, 0x0000, 0x0000, 0x0000, 0x0000,
        0x0000, 0x0000, 0x0000, 0x0000, 0x0000, 0x0000, 0x0000, 0x0000, 0x0000, 0x0000, 0x0000, 0x0000, 0x0000, 0x0000, 0x0000, 0x0000,
        0x0000, 0x0000, 0x0000, 0x0000, 0x0000, 0x0000, 0x0000, 0x0000, 0x0000, 0x0000, 0x0000, 0x0000, 0x0000, 0x0000, 0x0000, 0x0000,
        0x0000, 0x0000, 0x0000, 0x0000, 0x0000, 0x0000, 0x0000, 0x0000, 0x0000, 0x0000, 0x0000, 0x0000, 0x0000, 0x0000, 0x0000, 0x0000,
        0x0000, 0x0000, 0x0000, 0x0000, 0x0000, 0x0000, 0x0000, 0x0000, 0x0000, 0x0000, 0x0000, 0x0000, 0x0000, 0x0000, 0x0000, 0x0000,
        0x0000, 0x0000, 0x0000, 0x0000, 0x0000, 0x0000, 0x0000, 0x0000, 0x0000, 0x0000, 0x0000, 0x0000, 0x0000, 0x0000, 0x0000, 0x0000,
        0x0000, 0x0000, 0x0000, 0x0000, 0x0000, 0x0000, 0x0000, 0x0000, 0x0000, 0x0000, 0x0000, 0x0000, 0x0000, 0x0000, 0x0000, 0x0000,
        0x0000, 0x0000, 0x0000, 0x0000, 0x0000, 0x0000, 0x0000, 0x0000, 0x0000, 0x0000, 0x0000, 0x0000, 0x0000, 0x0000, 0x0000, 0x0000,
        0x0000, 0x0000, 0x0000, 0x0000, 0x0000, 0x0000, 0x0000, 0x0000, 0x0000, 0x0000, 0x0000, 0x0000, 0x0000, 0x0000, 0x0000, 0x0000,
        0x0000, 0x0000, 0x0000, 0x0000, 0x0000, 0x0000, 0x0000, 0x0000, 0x0000, 0x0000, 0x0000, 0x0000, 0x0000, 0x0000, 0x0000, 0x0000,
        0x0000, 0x0000, 0x0000, 0x0000, 0x0000, 0x0000, 0x0000, 0x0000, 0x0000, 0x0000, 0x0000, 0x0000, 0x0000, 0x0000, 0x0000, 0x0000,
        0x0000, 0x0000, 0x0000, 0x0000, 0x0000, 0x0000, 0x0000, 0x0000, 0x0000, 0x0000, 0x0000, 0x0000, 0x0000, 0x0000, 0x0000, 0x0000,
        0x0000, 0x0000, 0x0000, 0x0000, 0x0000, 0x0000, 0x0000, 0x0000, 0x0000, 0x0000, 0x0000, 0x0000, 0x0000, 0x0000, 0x0000, 0x0000,
        0x0000, 0x0000, 0x0000, 0x0000, 0x0000, 0x0000, 0x0000, 0x0000, 0x0000, 0x0000, 0x0000, 0x0000, 0x0000, 0x0000, 0x0000, 0x0000,
        0x0000, 0x0000, 0x0000, 0x0000, 0x0000, 0x0000, 0x0000, 0x0000, 0x0000, 0x0000, 0x0000, 0x0000, 0x0000, 0x0000, 0x0000, 0x0000,
        0x0000, 0x0000, 0x0000, 0x0000, 0x0000, 0x0000, 0x0000, 0x0000, 0x0000, 0x0000, 0x0000, 0x0000, 0x0000, 0x0000, 0x0000, 0x0000,
        0x0000, 0x0000, 0x0000, 0x0000, 0x0000, 0x0000, 0x0000, 0x0000, 0x0000, 0x0000, 0x0000, 0x0000, 0x0000, 0x0000, 0x0000, 0x0000,
        0x0000, 0x0000, 0x0000, 0x0000, 0x0000, 0x0000, 0x0000, 0x0000, 0x0000, 0x0000, 0x0000, 0x0000, 0x0000, 0x0000, 0x0000, 0x0000,
        0x0000, 0x0000, 0x0000, 0x0000, 0x0000, 0x0000, 0x0000, 0x0000, 0x0000, 0x0000, 0x0000, 0x0000, 0x0000, 0x0000, 0x0000, 0x0000,
        0x0000, 0x0000, 0x0000, 0x0000, 0x0000, 0x0000, 0x0000, 0x0000, 0x0000, 0x0000, 0x0000, 0x0000, 0x0000, 0x0000, 0x0000, 0x0000,
        0x0000, 0x0000, 0x0000, 0x0000, 0x0000, 0x0000, 0x0000, 0x0000, 0x0000, 0x0000, 0x0000, 0x0000, 0x0000, 0x0000, 0x0000, 0x0000,
        0x0000, 0x0000, 0x0000, 0x0000, 0x0000, 0x0000, 0x0000, 0x0000, 0x0000, 0x0000, 0x0000, 0x0000, 0x0000, 0x0000, 0x0000, 0x0000,
        0x0000, 0x0000, 0x0000, 0x0000, 0x0000, 0x0000, 0x0000, 0x0000, 0x0000, 0x0000, 0x0000, 0x0000, 0x0000, 0x0000, 0x0000, 0x0000,
        0x0000, 0x0000, 0x0000, 0x0000, 0x0000, 0x0000, 0x0000, 0x0000, 0x0000, 0x0000, 0x0000, 0x0000, 0x0000, 0x0000, 0x0000, 0x0000,
        0x0000, 0x0000, 0x0000, 0x0000, 0x0000, 0x0000, 0x0000, 0x0000, 0x0000, 0x0000, 0x0000, 0x0000, 0x0000, 0x0000, 0x0000, 0x0000,
        0x0000, 0x0000, 0x0000, 0x0000, 0x0000, 0x0000, 0x0000, 0x0000, 0x0000, 0x0000, 0x0000, 0x0000, 0x0000, 0x0000, 0x0000, 0x0000,
        0x0000, 0x0000, 0x0000, 0x0000, 0x0000, 0x0000, 0x0000, 0x0000, 0x0000, 0x0000, 0x0000, 0x0000, 0x0000, 0x0000, 0x0000, 0x0000,
        0x0000, 0x0000, 0x0000, 0x0000, 0x0000, 0x0000, 0x0000, 0x0000, 0x0000, 0x0000, 0x0000, 0x0000, 0x0000, 0x0000, 0x0000, 0x0000,
        0x0000, 0x0000, 0x0000, 0x0000, 0x0000, 0x0000, 0x0000, 0x0000, 0x0000, 0x0000, 0x0000, 0x0000, 0x0000, 0x0000, 0x0000, 0x0000,
        0x0000, 0x0000, 0x0000, 0x0000, 0x0000, 0x0000, 0x0000, 0x0000, 0x0000, 0x0000, 0x0000, 0x0000, 0x0000, 0x0000, 0x0000, 0x0000,
        0x0000, 0x0000, 0x0000, 0x0000, 0x0000, 0x0000, 0x0000, 0x0000, 0x0000, 0x0000, 0x0000, 0x0000, 0x0000, 0x0000, 0x0000, 0x0000,
        0x0000, 0x0000, 0x0000, 0x0000, 0x0000, 0x0000, 0x0000, 0x0000, 0x0000, 0x0000, 0x0000, 0x0000, 0x0000, 0x0000, 0x0000, 0x0000,
        0x0000, 0x0000, 0x0000, 0x0000, 0x0000, 0x0000, 0x0000, 0x0000, 0x0000, 0x0000, 0x0000, 0x0000, 0x0000, 0x0000, 0x0000, 0x0000,
        0x0000, 0x0000, 0x0000, 0x0000, 0x0000, 0x0000, 0x0000, 0x0000, 0x0000, 0x0000, 0x0000, 0x0000, 0x0000, 0x0000, 0x0000, 0x0000,
        0x0000, 0x0000, 0x0000, 0x0000, 0x0000, 0x0000, 0x0000, 0x0000, 0x0000, 0x0000, 0x0000, 0x0000, 0x0000, 0x0000, 0x0000, 0x0000,
        0x0000, 0x0000, 0x0000, 0x0000, 0x0000, 0x0000, 0x0000, 0x0000, 0x0000, 0x0000, 0x0000, 0x0000, 0x0000, 0x0000, 0x0000, 0x0000,
        0x0000, 0x0000, 0x0000, 0x0000, 0x0000, 0x0000, 0x0000, 0x0000, 0x0000, 0x0000, 0x0000, 0x0000, 0x0000, 0x0000, 0x0000, 0x0000,
        0x0000, 0x0000, 0x0000, 0x0000, 0x0000, 0x0000, 0x0000, 0x0000, 0x0000, 0x0000, 0x0000, 0x0000, 0x0000, 0x0000, 0x0000, 0x0000,
        0x0000, 0x0000, 0x0000, 0x0000, 0x0000, 0x0000, 0x0000, 0x0000, 0x0000, 0x0000, 0x0000, 0x0000, 0x0000, 0x0000, 0x0000, 0x0000,
        0x0000, 0x0000, 0x0000, 0x0000, 0x0000, 0x0000, 0x0000, 0x0000, 0x0000, 0x0000, 0x0000, 0x0000, 0x0000, 0x0000, 0x0000, 0x0000,
        0x0000, 0x0000, 0x0000, 0x0000, 0x0000, 0x0000, 0x0000, 0x0000, 0x0000, 0x0000, 0x0000, 0x0000, 0x0000, 0x0000, 0x0000, 0x0000,
        0x0000, 0x0000, 0x0000, 0x0000, 0x0000, 0x0000, 0x0000, 0x0000, 0x0000, 0x0000, 0x0000, 0x0000, 0x0000, 0x0000, 0x0000, 0x0000,
        0x0000, 0x0000, 0x0000, 0x0000, 0x0000, 0x0000, 0x0000, 0x0000, 0x0000, 0x0000, 0x0000, 0x0000, 0x0000, 0x0000, 0x0000, 0x0000,
        0x0000, 0x0000, 0x0000, 0x0000, 0x0000, 0x0000, 0x0000, 0x0000, 0x0000, 0x0000, 0x0000, 0x0000, 0x0000, 0x0000, 0x0000, 0x0000,
        0x0000, 0x0000, 0x0000, 0x0000, 0x0000, 0x0000, 0x0000, 0x0000, 0x0000, 0x0000, 0x0000, 0x0000, 0x0000, 0x0000, 0x0000, 0x0000,
        0x0000, 0x0000, 0x0000, 0x0000, 0x0000, 0x0000, 0x0000, 0x0000, 0x0000, 0x0000, 0x0000, 0x0000, 0x0000, 0x0000, 0x0000, 0x0000,
        0x0000, 0x0000, 0x0000, 0x0000, 0x0000, 0x0000, 0x0000, 0x0000, 0x0000, 0x0000, 0x0000, 0x0000, 0x0000, 0x0000, 0x0000, 0x0000,
        0x0000, 0x0000, 0x0000, 0x0000, 0x0000, 0x0000, 0x0000, 0x0000, 0x0000, 0x0000, 0x0000, 0x0000, 0x0000, 0x0000, 0x0000, 0x0000,
        0x0000, 0x0000, 0x0000, 0x0000, 0x0000, 0x0000, 0x0000, 0x0000, 0x0000, 0x0000, 0x0000, 0x0000, 0x0000, 0x0000, 0x0000, 0x0000,
        0x0000, 0x0000, 0x0000, 0x0000, 0x0000, 0x0000, 0x0000, 0x0000, 0x0000, 0x0000, 0x0000, 0x0000, 0x0000, 0x0000, 0x0000, 0x0000,
        0x0000, 0x0000, 0x0000, 0x0000, 0x0000, 0x0000, 0x0000, 0x0000, 0x0000, 0x0000, 0x0000, 0x0000, 0x0000, 0x0000, 0x0000, 0x0000,
        0x0000, 0x0000, 0x0000, 0x0000, 0x0000, 0x0000, 0x0000, 0x0000, 0x0000, 0x0000, 0x0000, 0x0000, 0x0000, 0x0000, 0x0000, 0x0000,
        0x0000, 0x0000, 0x0000, 0x0000, 0x0000, 0x0000, 0x0000, 0x0000, 0x0000, 0x0000, 0x0000, 0x0000, 0x0000, 0x0000, 0x0000, 0x0000,
        0x0000, 0x0000, 0x0000, 0x0000, 0x0000, 0x0000, 0x0000, 0x0000, 0x0000, 0x0000, 0x0000, 0x0000, 0x0000, 0x0000, 0x0000, 0x0000,
        0x0000, 0x0000, 0x0000, 0x0000, 0x0000, 0x0000, 0x0000, 0x0000, 0x0000, 0x0000, 0x0000, 0x0000, 0x0000, 0x0000, 0x0000, 0x0000,
        0x0000, 0x0000, 0x0000, 0x0000, 0x0000, 0x0000, 0x0000, 0x0000, 0x0000, 0x0000, 0x0000, 0x0000, 0x0000, 0x0000, 0x0000, 0x0000,
        0x0000, 0x0000, 0x0000, 0x0000, 0x0000, 0x0000, 0x0000, 0x0000, 0x0000, 0x0000, 0x0000, 0x0000, 0x0000, 0x0000, 0x0000, 0x0000,
        0x0000, 0x0000, 0x0000, 0x0000, 0x0000, 0x0000, 0x0000, 0x0000, 0x0000, 0x0000, 0x0000, 0x0000, 0x0000, 0x0000, 0x0000, 0x0000,
        0x0000, 0x0000, 0x0000, 0x0000, 0x0000, 0x0000, 0x0000, 0x0000, 0x0000, 0x0000, 0x0000, 0x0000, 0x0000, 0x0000, 0x0000, 0x0000,
        0x0000, 0x0000, 0x0000, 0x0000, 0x0000, 0x0000, 0x0000, 0x0000, 0x0000, 0x0000, 0x0000, 0x0000, 0x0000, 0x0000, 0x0000, 0x0000,
        0x0000, 0x0000, 0x0000, 0x0000, 0x0000, 0x0000, 0x0000, 0x0000, 0x0000, 0x0000, 0x0000, 0x0000, 0x0000, 0x0000, 0x0000, 0x0000,
        0x0000, 0x0000, 0x0000, 0x0000, 0x0000, 0x0000, 0x0000, 0x0000, 0x0000, 0x0000, 0x0000, 0x0000, 0x0000, 0x0000, 0x0000, 0x0000,
        0x0000, 0x0000, 0x0000, 0x0000, 0x0000, 0x0000, 0x0000, 0x0000, 0x0000, 0x0000, 0x0000, 0x0000, 0x0000, 0x0000, 0x0000, 0x0000,
        0x0000, 0x0000, 0x0000, 0x0000, 0x0000, 0x0000, 0x0000, 0x0000, 0x0000, 0x0000, 0x0000, 0x0000, 0x0000, 0x0000, 0x0000, 0x0000,
        0x0000, 0x0000, 0x0000, 0x0000, 0x0000, 0x0000, 0x0000, 0x0000, 0x0000, 0x0000, 0x0000, 0x0000, 0x0000, 0x0000, 0x0000, 0x0000,
        0x0000, 0x0000, 0x0000, 0x0000, 0x0000, 0x0000, 0x0000, 0x0000, 0x0000, 0x0000, 0x0000, 0x0000, 0x0000, 0x0000, 0x0000, 0x0000,
        0x0000, 0x0000, 0x0000, 0x0000, 0x0000, 0x0000, 0x0000, 0x0000, 0x0000, 0x0000, 0x0000, 0x0000, 0x0000, 0x0000, 0x0000, 0x0000,
        0x0000, 0x0000, 0x0000, 0x0000, 0x0000, 0x0000, 0x0000, 0x0000, 0x0000, 0x0000, 0x0000, 0x0000, 0x0000, 0x0000, 0x0000, 0x0000,
        0x0000, 0x0000, 0x0000, 0x0000, 0x0000, 0x0000, 0x0000, 0x0000, 0x0000, 0x0000, 0x0000, 0x0000, 0x0000, 0x0000, 0x0000, 0x0000,
        0x0000, 0x0000, 0x0000, 0x0000, 0x0000, 0x0000, 0x0000, 0x0000, 0x0000, 0x0000, 0x0000, 0x0000, 0x0000, 0x0000, 0x0000, 0x0000,
        0x0000, 0x0000, 0x0000, 0x0000, 0x0000, 0x0000, 0x0000, 0x0000, 0x0000, 0x0000, 0x0000, 0x0000, 0x0000, 0x0000, 0x0000, 0x0000,
        0x0000, 0x0000, 0x0000, 0x0000, 0x0000, 0x0000, 0x0000, 0x0000, 0x0000, 0x0000, 0x0000, 0x0000, 0x0000, 0x0000, 0x0000, 0x0000,
        0x0000, 0x0000, 0x0000, 0x0000, 0x0000, 0x0000, 0x0000, 0x0000, 0x0000, 0x0000, 0x0000, 0x0000, 0x0000, 0x0000, 0x0000, 0x0000,
        0x0000, 0x0000, 0x0000, 0x0000, 0x0000, 0x0000, 0x0000, 0x0000, 0x0000, 0x0000, 0x0000, 0x0000, 0x0000, 0x0000, 0x0000, 0x0000,
        0x0000, 0x0000, 0x0000, 0x0000, 0x0000, 0x0000, 0x0000, 0x0000, 0x0000, 0x0000, 0x0000, 0x0000, 0x0000, 0x0000, 0x0000, 0x0000,
        0x0000, 0x0000, 0x0000, 0x0000, 0x0000, 0x0000, 0x0000, 0x0000, 0x0000, 0x0000, 0x0000, 0x0000, 0x0000, 0x0000, 0x0000, 0x0000,
        0x0000, 0x0000, 0x0000, 0x0000, 0x0000, 0x0000, 0x0000, 0x0000, 0x0000, 0x0000, 0x0000, 0x0000, 0x0000, 0x0000, 0x0000, 0x0000,
        0x0000, 0x0000, 0x0000, 0x0000, 0x0000, 0x0000, 0x0000, 0x0000, 0x0000, 0x0000, 0x0000, 0x0000, 0x0000, 0x0000, 0x0000, 0x0000,
        0x0000, 0x0000, 0x0000, 0x0000, 0x0000, 0x0000, 0x0000, 0x0000, 0x0000, 0x0000, 0x0000, 0x0000, 0x0000, 0x0000, 0x0000, 0x0000,
        0x0000, 0x0000, 0x0000, 0x0000, 0x0000, 0x0000, 0x0000, 0x0000, 0x0000, 0x0000, 0x0000, 0x0000, 0x0000, 0x0000, 0x0000, 0x0000,
        0x0000, 0x0000, 0x0000, 0x0000, 0x0000, 0x0000, 0x0000, 0x0000, 0x0000, 0x0000, 0x0000, 0x0000, 0x0000, 0x0000, 0x0000, 0x0000,
        0x0000, 0x0000, 0x0000, 0x0000, 0x0000, 0x0000, 0x0000, 0x0000, 0x0000, 0x0000, 0x0000, 0x0000, 0x0000, 0x0000, 0x0000, 0x0000,
        0x0000, 0x0000, 0x0000, 0x0000, 0x0000, 0x0000, 0x0000, 0x0000, 0x0000, 0x0000, 0x0000, 0x0000, 0x0000, 0x0000, 0x0000, 0x0000,
        0x0000, 0x0000, 0x0000, 0x0000, 0x0000, 0x0000, 0x0000, 0x0000, 0x0000, 0x0000, 0x0000, 0x0000, 0x0000, 0x0000, 0x0000, 0x0000,
        0x0000, 0x0000, 0x0000, 0x0000, 0x0000, 0x0000, 0x0000, 0x0000, 0x0000, 0x0000, 0x0000, 0x0000, 0x0000, 0x0000, 0x0000, 0x0000,
        0x0000, 0x0000, 0x0000, 0x0000, 0x0000, 0x0000, 0x0000, 0x0000, 0x0000, 0x0000, 0x0000, 0x0000, 0x0000, 0x0000, 0x0000, 0x0000,
        0x0000, 0x0000, 0x0000, 0x0000, 0x0000, 0x0000, 0x0000, 0x0000, 0x0000, 0x0000, 0x0000, 0x0000, 0x0000, 0x0000, 0x0000, 0x0000,
        0x0000, 0x0000, 0x0000, 0x0000, 0x0000, 0x0000, 0x0000, 0x0000, 0x0000, 0x0000, 0x0000, 0x0000, 0x0000, 0x0000, 0x0000, 0x0000,
        0x0000, 0x0000, 0x0000, 0x0000, 0x0000, 0x0000, 0x0000, 0x0000, 0x0000, 0x0000, 0x0000, 0x0000, 0x0000, 0x0000, 0x0000, 0x0000,
        0x0000, 0x0000, 0x0000, 0x0000, 0x0000, 0x0000, 0x0000, 0x0000, 0x0000, 0x0000, 0x0000, 0x0000, 0x0000, 0x0000, 0x0000, 0x0000,
        0x0000, 0x0000, 0x0000, 0x0000, 0x0000, 0x0000, 0x0000, 0x0000, 0x0000, 0x0000, 0x0000, 0x0000, 0x0000, 0x0000, 0x0000, 0x0000,
        0x0000, 0x0000, 0x0000, 0x0000, 0x0000, 0x0000, 0x0000, 0x0000, 0x0000, 0x0000, 0x0000, 0x0000, 0x0000, 0x0000, 0x0000, 0x0000,
        0x0000, 0x0000, 0x0000, 0x0000, 0x0000, 0x0000, 0x0000, 0x0000, 0x0000, 0x0000, 0x0000, 0x0000, 0x0000, 0x0000, 0x0000, 0x0000,
        0x0000, 0x0000, 0x0000, 0x0000, 0x0000, 0x0000, 0x0000, 0x0000, 0x0000, 0x0000, 0x0000, 0x0000, 0x0000, 0x0000, 0x0000, 0x0000,
        0x0000, 0x0000, 0x0000, 0x0000, 0x0000, 0x0000, 0x0000, 0x0000, 0x0000, 0x0000, 0x0000, 0x0000, 0x0000, 0x0000, 0x0000, 0x0000,
        0x0000, 0x0000, 0x0000, 0x0000, 0x0000, 0x0000, 0x0000, 0x0000, 0x0000, 0x0000, 0x0000, 0x0000, 0x0000, 0x0000, 0x0000, 0x0000,
        0x0000, 0x0000, 0x0000, 0x0000, 0x0000, 0x0000, 0x0000, 0x0000, 0x0000, 0x0000, 0x0000, 0x0000, 0x0000, 0x0000, 0x0000, 0x0000,
        0x0000, 0x0000, 0x0000, 0x0000, 0x0000, 0x0000, 0x0000, 0x0000, 0x0000, 0x0000, 0x0000, 0x0000, 0x0000, 0x0000, 0x0000, 0x0000,
        0x0000, 0x0000, 0x0000, 0x0000, 0x0000, 0x0000, 0x0000, 0x0000, 0x0000, 0x0000, 0x0000, 0x0000, 0x0000, 0x0000, 0x0000, 0x0000,
        0x0000, 0x0000, 0x0000, 0x0000, 0x0000, 0x0000, 0x0000, 0x0000, 0x0000, 0x0000, 0x0000, 0x0000, 0x0000, 0x0000, 0x0000, 0x0000,
        0x0000, 0x0000, 0x0000, 0x0000, 0x0000, 0x0000, 0x0000, 0x0000, 0x0000, 0x0000, 0x0000, 0x0000, 0x0000, 0x0000, 0x0000, 0x0000,
        0x0000, 0x0000, 0x0000, 0x0000, 0x0000, 0x0000, 0x0000, 0x0000, 0x0000, 0x0000, 0x0000, 0x0000, 0x0000, 0x0000, 0x0000, 0x0000,
        0x0000, 0x0000, 0x0000, 0x0000, 0x0000, 0x0000, 0x0000, 0x0000, 0x0000, 0x0000, 0x0000, 0x0000, 0x0000, 0x0000, 0x0000, 0x0000,
        0x0000, 0x0000, 0x0000, 0x0000, 0x0000, 0x0000, 0x0000, 0x0000, 0x0000, 0x0000, 0x0000, 0x0000, 0x0000, 0x0000, 0x0000, 0x0000,
        0x0000, 0x0000, 0x0000, 0x0000, 0x0000, 0x0000, 0x0000, 0x0000, 0x0000, 0x0000, 0x0000, 0x0000, 0x0000, 0x0000, 0x0000, 0x0000,
        0x0000, 0x0000, 0x0000, 0x0000, 0x0000, 0x0000, 0x0000, 0x0000, 0x0000, 0x0000, 0x0000, 0x0000, 0x0000, 0x0000, 0x0000, 0x0000,
        0x0000, 0x0000, 0x0000, 0x0000, 0x0000, 0x0000, 0x0000, 0x0000, 0x0000, 0x0000, 0x0000, 0x0000, 0x0000, 0x0000, 0x0000, 0x0000,
        0x0000, 0x0000, 0x0000, 0x0000, 0x0000, 0x0000, 0x0000, 0x0000, 0x0000, 0x0000, 0x0000, 0x0000, 0x0000, 0x0000, 0x0000, 0x0000,
        0x0000, 0x0000, 0x0000, 0x0000, 0x0000, 0x0000, 0x0000, 0x0000, 0x0000, 0x0000, 0x0000, 0x0000, 0x0000, 0x0000, 0x0000, 0x0000,
        0x0000, 0x0000, 0x0000, 0x0000, 0x0000, 0x0000, 0x0000, 0x0000, 0x0000, 0x0000, 0x0000, 0x0000, 0x0000, 0x0000, 0x0000, 0x0000,
        0x0000, 0x0000, 0x0000, 0x0000, 0x0000, 0x0000, 0x0000, 0x0000, 0x0000, 0x0000, 0x0000, 0x0000, 0x0000, 0x0000, 0x0000, 0x0000,
        0x0000, 0x0000, 0x0000, 0x0000, 0x0000, 0x0000, 0x0000, 0x0000, 0x0000, 0x0000, 0x0000, 0x0000, 0x0000, 0x0000, 0x0000, 0x0000,
        0x0000, 0x0000, 0x0000, 0x0000, 0x0000, 0x0000, 0x0000, 0x0000, 0x0000, 0x0000, 0x0000, 0x0000, 0x0000, 0x0000, 0x0000, 0x0000,
        0x0000, 0x0000, 0x0000, 0x0000, 0x0000, 0x0000, 0x0000, 0x0000, 0x0000, 0x0000, 0x0000, 0x0000, 0x0000, 0x0000, 0x0000, 0x0000,
        0x0000, 0x0000, 0x0000, 0x0000, 0x0000, 0x0000, 0x0000, 0x0000, 0x0000, 0x0000, 0x0000, 0x0000, 0x0000, 0x0000, 0x0000, 0x0000,
        0x0000, 0x0000, 0x0000, 0x0000, 0x0000, 0x0000, 0x0000, 0x0000, 0x0000, 0x0000, 0x0000, 0x0000, 0x0000, 0x0000, 0x0000, 0x0000,
        0x0000, 0x0000, 0x0000, 0x0000, 0x0000, 0x0000, 0x0000, 0x0000, 0x0000, 0x0000, 0x0000, 0x0000, 0x0000, 0x0000, 0x0000, 0x0000,
        0x0000, 0x0000, 0x0000, 0x0000, 0x0000, 0x0000, 0x0000, 0x0000, 0x0000, 0x0000, 0x0000, 0x0000, 0x0000, 0x0000, 0x0000, 0x0000,
        0x0000, 0x0000, 0x0000, 0x0000, 0x0000, 0x0000, 0x0000, 0x0000, 0x0000, 0x0000, 0x0000, 0x0000, 0x0000, 0x0000, 0x0000, 0x0000,
        0x0000, 0x0000, 0x0000, 0x0000, 0x0000, 0x0000, 0x0000, 0x0000, 0x0000, 0x0000, 0x0000, 0x0000, 0x0000, 0x0000, 0x0000, 0x0000,
        0x0000, 0x0000, 0x0000, 0x0000, 0x0000, 0x0000, 0x0000, 0x0000, 0x0000, 0x0000, 0x0000, 0x0000, 0x0000, 0x0000, 0x0000, 0x0000,
        0x0000, 0x0000, 0x0000, 0x0000, 0x0000, 0x0000, 0x0000, 0x0000, 0x0000, 0x0000, 0x0000, 0x0000, 0x0000, 0x0000, 0x0000, 0x0000,
        0x0000, 0x0000, 0x0000, 0x0000, 0x0000, 0x0000, 0x0000, 0x0000, 0x0000, 0x0000, 0x0000, 0x0000, 0x0000, 0x0000, 0x0000, 0x0000,
        0x0000, 0x0000, 0x0000, 0x0000, 0x0000, 0x0000, 0x0000, 0x0000, 0x0000, 0x0000, 0x0000, 0x0000, 0x0000, 0x0000, 0x0000, 0x0000,
        0x0000, 0x0000, 0x0000, 0x0000, 0x0000, 0x0000, 0x0000, 0x0000, 0x0000, 0x0000, 0x0000, 0x0000, 0x0000, 0x0000, 0x0000, 0x0000,
        0x0000, 0x0000, 0x0000, 0x0000, 0x0000, 0x0000, 0x0000, 0x0000, 0x0000, 0x0000, 0x0000, 0x0000, 0x0000, 0x0000, 0x0000, 0x0000,
        0x0000, 0x0000, 0x0000, 0x0000, 0x0000, 0x0000, 0x0000, 0x0000, 0x0000, 0x0000, 0x0000, 0x0000, 0x0000, 0x0000, 0x0000, 0x0000,
        0x0000, 0x0000, 0x0000, 0x0000, 0x0000, 0x0000, 0x0000, 0x0000, 0x0000, 0x0000, 0x0000, 0x0000, 0x0000, 0x0000, 0x0000, 0x0000,
        0x0000, 0x0000, 0x0000, 0x0000, 0x0000, 0x0000, 0x0000, 0x0000, 0x0000, 0x0000, 0x0000, 0x0000, 0x0000, 0x0000, 0x0000, 0x0000,
        0x0000, 0x0000, 0x0000, 0x0000, 0x0000, 0x0000, 0x0000, 0x0000, 0x0000, 0x0000, 0x0000, 0x0000, 0x0000, 0x0000, 0x0000, 0x0000,
        0x0000, 0x0000, 0x0000, 0x0000, 0x0000, 0x0000, 0x0000, 0x0000, 0x0000, 0x0000, 0x0000, 0x0000, 0x0000, 0x0000, 0x0000, 0x0000,
        0x0000, 0x0000, 0x0000, 0x0000, 0x0000, 0x0000, 0x0000, 0x0000, 0x0000, 0x0000, 0x0000, 0x0000, 0x0000, 0x0000, 0x0000, 0x0000,
        0x0000, 0x0000, 0x0000, 0x0000, 0x0000, 0x0000, 0x0000, 0x0000, 0x0000, 0x0000, 0x0000, 0x0000, 0x0000, 0x0000, 0x0000, 0x0000,
        0x0000, 0x0000, 0x0000, 0x0000, 0x0000, 0x0000, 0x0000, 0x0000, 0x0000, 0x0000, 0x0000, 0x0000, 0x0000, 0x0000, 0x0000, 0x0000,
        0x0000, 0x0000, 0x0000, 0x0000, 0x0000, 0x0000, 0x0000, 0x0000, 0x0000, 0x0000, 0x0000, 0x0000, 0x0000, 0x0000, 0x0000, 0x0000,
        0x0000, 0x0000, 0x0000, 0x0000, 0x0000, 0x0000, 0x0000, 0x0000, 0x0000, 0x0000, 0x0000, 0x0000, 0x0000, 0x0000, 0x0000, 0x0000,
        0x0000, 0x0000, 0x0000, 0x0000, 0x0000, 0x0000, 0x0000, 0x0000, 0x0000, 0x0000, 0x0000, 0x0000, 0x0000, 0x0000, 0x0000, 0x0000,
        0x0000, 0x0000, 0x0000, 0x0000, 0x0000, 0x0000, 0x0000, 0x0000, 0x0000, 0x0000, 0x0000, 0x0000, 0x0000, 0x0000, 0x0000, 0x0000,
        0x0000, 0x0000, 0x0000, 0x0000, 0x0000, 0x0000, 0x0000, 0x0000, 0x0000, 0x0000, 0x0000, 0x0000, 0x0000, 0x0000, 0x0000, 0x0000,
        0x0000, 0x0000, 0x0000, 0x0000, 0x0000, 0x0000, 0x0000, 0x0000, 0x0000, 0x0000, 0x0000, 0x0000, 0x0000, 0x0000, 0x0000, 0x0000,
        0x0000, 0x0000, 0x0000, 0x0000, 0x0000, 0x0000, 0x0000, 0x0000, 0x0000, 0x0000, 0x0000, 0x0000, 0x0000, 0x0000, 0x0000, 0x0000,
        0x0000, 0x0000, 0x0000, 0x0000, 0x0000, 0x0000, 0x0000, 0x0000, 0x0000, 0x0000, 0x0000, 0x0000, 0x0000, 0x0000, 0x0000, 0x0000,
        0x0000, 0x0000, 0x0000, 0x0000, 0x0000, 0x0000, 0x0000, 0x0000, 0x0000, 0x0000, 0x0000, 0x0000, 0x0000, 0x0000, 0x0000, 0x0000,
        0x0000, 0x0000, 0x0000, 0x0000, 0x0000, 0x0000, 0x0000, 0x0000, 0x0000, 0x0000, 0x0000, 0x0000, 0x0000, 0x0000, 0x0000, 0x0000,
        0x0000, 0x0000, 0x0000, 0x0000, 0x0000, 0x0000, 0x0000, 0x0000, 0x0000, 0x0000, 0x0000, 0x0000, 0x0000, 0x0000, 0x0000, 0x0000,
        0x0000, 0x0000, 0x0000, 0x0000, 0x0000, 0x0000, 0x0000, 0x0000, 0x0000, 0x0000, 0x0000, 0x0000, 0x0000, 0x0000, 0x0000, 0x0000,
        0x0000, 0x0000, 0x0000, 0x0000, 0x0000, 0x0000, 0x0000, 0x0000, 0x0000, 0x0000, 0x0000, 0x0000, 0x0000, 0x0000, 0x0000, 0x0000,
        0x0000, 0x0000, 0x0000, 0x0000, 0x0000, 0x0000, 0x0000, 0x0000, 0x0000, 0x0000, 0x0000, 0x0000, 0x0000, 0x0000, 0x0000, 0x0000,
        0x0000, 0x0000, 0x0000, 0x0000, 0x0000, 0x0000, 0x0000, 0x0000, 0x0000, 0x0000, 0x0000, 0x0000, 0x0000, 0x0000, 0x0000, 0x0000,
        0x0000, 0x0000, 0x0000, 0x0000, 0x0000, 0x0000, 0x0000, 0x0000, 0x0000, 0x0000, 0x0000, 0x0000, 0x0000, 0x0000, 0x0000, 0x0000,
        0x0000, 0x0000, 0x0000, 0x0000, 0x0000, 0x0000, 0x0000, 0x0000, 0x0000, 0x0000, 0x0000, 0x0000, 0x0000, 0x0000, 0x0000, 0x0000,
        0x0000, 0x0000, 0x0000, 0x0000, 0x0000, 0x0000, 0x0000, 0x0000, 0x0000, 0x0000, 0x0000, 0x0000, 0x0000, 0x0000, 0x0000, 0x0000,
        0x0000, 0x0000, 0x0000, 0x0000, 0x0000, 0x0000, 0x0000, 0x0000, 0x0000, 0x0000, 0x0000, 0x0000, 0x0000, 0x0000, 0x0000, 0x0000,
        0x0000, 0x0000, 0x0000, 0x0000, 0x0000, 0x0000, 0x0000, 0x0000, 0x0000, 0x0000, 0x0000, 0x0000, 0x0000, 0x0000, 0x0000, 0x0000,
        0x0000, 0x0000, 0x0000, 0x0000, 0x0000, 0x0000, 0x0000, 0x0000, 0x0000, 0x0000, 0x0000, 0x0000, 0x0000, 0x0000, 0x0000, 0x0000,
        0x0000, 0x0000, 0x0000, 0x0000, 0x0000, 0x0000, 0x0000, 0x0000, 0x0000, 0x0000, 0x0000, 0x0000, 0x0000, 0x0000, 0x0000, 0x0000,
        0x0000, 0x0000, 0x0000, 0x0000, 0x0000, 0x0000, 0x0000, 0x0000, 0x0000, 0x0000, 0x0000, 0x0000, 0x0000, 0x0000, 0x0000, 0x0000,
        0x0000, 0x0000, 0x0000, 0x0000, 0x0000, 0x0000, 0x0000, 0x0000, 0x0000, 0x0000, 0x0000, 0x0000, 0x0000, 0x0000, 0x0000, 0x0000,
        0x0000, 0x0000, 0x0000, 0x0000, 0x0000, 0x0000, 0x0000, 0x0000, 0x0000, 0x0000, 0x0000, 0x0000, 0x0000, 0x0000, 0x0000, 0x0000,
        0x0000, 0x0000, 0x0000, 0x0000, 0x0000, 0x0000, 0x0000, 0x0000, 0x0000, 0x0000, 0x0000, 0x0000, 0x0000, 0x0000, 0x0000, 0x0000,
        0x0000, 0x0000, 0x0000, 0x0000, 0x0000, 0x0000, 0x0000, 0x0000, 0x0000, 0x0000, 0x0000, 0x0000, 0x0000, 0x0000, 0x0000, 0x0000,
        0x0000, 0x0000, 0x0000, 0x0000, 0x0000, 0x0000, 0x0000, 0x0000, 0x0000, 0x0000, 0x0000, 0x0000, 0x0000, 0x0000, 0x0000, 0x0000,
        0x0000, 0x0000, 0x0000, 0x0000, 0x0000, 0x0000, 0x0000, 0x0000, 0x0000, 0x0000, 0x0000, 0x0000, 0x0000, 0x0000, 0x0000, 0x0000,
        0x0000, 0x0000, 0x0000, 0x0000, 0x0000, 0x0000, 0x0000, 0x0000, 0x0000, 0x0000, 0x0000, 0x0000, 0x0000, 0x0000, 0x0000, 0x0000,
        0x0000, 0x0000, 0x0000, 0x0000, 0x0000, 0x0000, 0x0000, 0x0000, 0x0000, 0x0000, 0x0000, 0x0000, 0x0000, 0x0000, 0x0000, 0x0000,
        0x0000, 0x0000, 0x0000, 0x0000, 0x0000, 0x0000, 0x0000, 0x0000, 0x0000, 0x0000, 0x0000, 0x0000, 0x0000, 0x0000, 0x0000, 0x0000,
        0x0000, 0x0000, 0x0000, 0x0000, 0x0000, 0x0000, 0x0000, 0x0000, 0x0000, 0x0000, 0x0000, 0x0000, 0x0000, 0x0000, 0x0000, 0x0000,
        0x0000, 0x0000, 0x0000, 0x0000, 0x0000, 0x0000, 0x0000, 0x0000, 0x0000, 0x0000, 0x0000, 0x0000, 0x0000, 0x0000, 0x0000, 0x0000,
        0x0000, 0x0000, 0x0000, 0x0000, 0x0000, 0x0000, 0x0000, 0x0000, 0x0000, 0x0000, 0x0000, 0x0000, 0x0000, 0x0000, 0x0000, 0x0000,
        0x0000, 0x0000, 0x0000, 0x0000, 0x0000, 0x0000, 0x0000, 0x0000, 0x0000, 0x0000, 0x0000, 0x0000, 0x0000, 0x0000, 0x0000, 0x0000,
        0x0000, 0x0000, 0x0000, 0x0000, 0x0000, 0x0000, 0x0000, 0x0000, 0x0000, 0x0000, 0x0000, 0x0000, 0x0000, 0x0000, 0x0000, 0x0000,
        0x0000, 0x0000, 0x0000, 0x0000, 0x0000, 0x0000, 0x0000, 0x0000, 0x0000, 0x0000, 0x0000, 0x0000, 0x0000, 0x0000, 0x0000, 0x0000,
        0x0000, 0x0000, 0x0000, 0x0000, 0x0000, 0x0000, 0x0000, 0x0000, 0x0000, 0x0000, 0x0000, 0x0000, 0x0000, 0x0000, 0x0000, 0x0000,
        0x0000, 0x0000, 0x0000, 0x0000, 0x0000, 0x0000, 0x0000, 0x0000, 0x0000, 0x0000, 0x0000, 0x0000, 0x0000, 0x0000, 0x0000, 0x0000,
        0x0000, 0x0000, 0x0000, 0x0000, 0x0000, 0x0000, 0x0000, 0x0000, 0x0000, 0x0000, 0x0000, 0x0000, 0x0000, 0x0000, 0x0000, 0x0000,
        0x0000, 0x0000, 0x0000, 0x0000, 0x0000, 0x0000, 0x0000, 0x0000, 0x0000, 0x0000, 0x0000, 0x0000, 0x0000, 0x0000, 0x0000, 0x0000,
        0x0000, 0x0000, 0x0000, 0x0000, 0x0000, 0x0000, 0x0000, 0x0000, 0x0000, 0x0000, 0x0000, 0x0000, 0x0000, 0x0000, 0x0000, 0x0000,
        0x0000, 0x0000, 0x0000, 0x0000, 0x0000, 0x0000, 0x0000, 0x0000, 0x0000, 0x0000, 0x0000, 0x0000, 0x0000, 0x0000, 0x0000, 0x0000,
        0x0000, 0x0000, 0x0000, 0x0000, 0x0000, 0x0000, 0x0000, 0x0000, 0x0000, 0x0000, 0x0000, 0x0000, 0x0000, 0x0000, 0x0000, 0x0000,
        0x0000, 0x0000, 0x0000, 0x0000, 0x0000, 0x0000, 0x0000, 0x0000, 0x0000, 0x0000, 0x0000, 0x0000, 0x0000, 0x0000, 0x0000, 0x0000,
        0x0000, 0x0000, 0x0000, 0x0000, 0x0000, 0x0000, 0x0000, 0x0000, 0x0000, 0x0000, 0x0000, 0x0000, 0x0000, 0x0000, 0x0000, 0x0000,
        0x0000, 0x0000, 0x0000, 0x0000, 0x0000, 0x0000, 0x0000, 0x0000, 0x0000, 0x0000, 0x0000, 0x0000, 0x0000, 0x0000, 0x0000, 0x0000,
        0x0000, 0x0000, 0x0000, 0x0000, 0x0000, 0x0000, 0x0000, 0x0000, 0x0000, 0x0000, 0x0000, 0x0000, 0x0000, 0x0000, 0x0000, 0x0000,
        0x0000, 0x0000, 0x0000, 0x0000, 0x0000, 0x0000, 0x0000, 0x0000, 0x0000, 0x0000, 0x0000, 0x0000, 0x0000, 0x0000, 0x0000, 0x0000,
        0x0000, 0x0000, 0x0000, 0x0000, 0x0000, 0x0000, 0x0000, 0x0000, 0x0000, 0x0000, 0x0000, 0x0000, 0x0000, 0x0000, 0x0000, 0x0000,
        0x0000, 0x0000, 0x0000, 0x0000, 0x0000, 0x0000, 0x0000, 0x0000, 0x0000, 0x0000, 0x0000, 0x0000, 0x0000, 0x0000, 0x0000, 0x0000,
        0x0000, 0x0000, 0x0000, 0x0000, 0x0000, 0x0000, 0x0000, 0x0000, 0x0000, 0x0000, 0x0000, 0x0000, 0x0000, 0x0000, 0x0000, 0x0000,
        0x0000, 0x0000, 0x0000, 0x0000, 0x0000, 0x0000, 0x0000, 0x0000, 0x0000, 0x0000, 0x0000, 0x0000, 0x0000, 0x0000, 0x0000, 0x0000,
        0x0000, 0x0000, 0x0000, 0x0000, 0x0000, 0x0000, 0x0000, 0x0000, 0x0000, 0x0000, 0x0000, 0x0000, 0x0000, 0x0000, 0x0000, 0x0000,
        0x0000, 0x0000, 0x0000, 0x0000, 0x0000, 0x0000, 0x0000, 0x0000, 0x0000, 0x0000, 0x0000, 0x0000, 0x0000, 0x0000, 0x0000, 0x0000,
        0x0000, 0x0000, 0x0000, 0x0000, 0x0000, 0x0000, 0x0000, 0x0000, 0x0000, 0x0000, 0x0000, 0x0000, 0x0000, 0x0000, 0x0000, 0x0000,
        0x0000, 0x0000, 0x0000, 0x0000, 0x0000, 0x0000, 0x0000, 0x0000, 0x0000, 0x0000, 0x0000, 0x0000, 0x0000, 0x0000, 0x0000, 0x0000,
        0x0000, 0x0000, 0x0000, 0x0000, 0x0000, 0x0000, 0x0000, 0x0000, 0x0000, 0x0000, 0x0000, 0x0000, 0x0000, 0x0000, 0x0000, 0x0000,
        0x0000, 0x0000, 0x0000, 0x0000, 0x0000, 0x0000, 0x0000, 0x0000, 0x0000, 0x0000, 0x0000, 0x0000, 0x0000, 0x0000, 0x0000, 0x0000,
        0x0000, 0x0000, 0x0000, 0x0000, 0x0000, 0x0000, 0x0000, 0x0000, 0x0000, 0x0000, 0x0000, 0x0000, 0x0000, 0x0000, 0x0000, 0x0000,
        0x0000, 0x0000, 0x0000, 0x0000, 0x0000, 0x0000, 0x0000, 0x0000, 0x0000, 0x0000, 0x0000, 0x0000, 0x0000, 0x0000, 0x0000, 0x0000,
        0x0000, 0x0000, 0x0000, 0x0000, 0x0000, 0x0000, 0x0000, 0x0000, 0x0000, 0x0000, 0x0000, 0x0000, 0x0000, 0x0000, 0x0000, 0x0000,
        0x0000, 0x0000, 0x0000, 0x0000, 0x0000, 0x0000, 0x0000, 0x0000, 0x0000, 0x0000, 0x0000, 0x0000, 0x0000, 0x0000, 0x0000, 0x0000,
        0x0000, 0x0000, 0x0000, 0x0000, 0x0000, 0x0000, 0x0000, 0x0000, 0x0000, 0x0000, 0x0000, 0x0000, 0x0000, 0x0000, 0x0000, 0x0000,
        0x0000, 0x0000, 0x0000, 0x0000, 0x0000, 0x0000, 0x0000, 0x0000, 0x0000, 0x0000, 0x0000, 0x0000, 0x0000, 0x0000, 0x0000, 0x0000,
        0x0000, 0x0000, 0x0000, 0x0000, 0x0000, 0x0000, 0x0000, 0x0000, 0x0000, 0x0000, 0x0000, 0x0000, 0x0000, 0x0000, 0x0000, 0x0000,
        0x0000, 0x0000, 0x0000, 0x0000, 0x0000, 0x0000, 0x0000, 0x0000, 0x0000, 0x0000, 0x0000, 0x0000, 0x0000, 0x0000, 0x0000, 0x0000,
        0x0000, 0x0000, 0x0000, 0x0000, 0x0000, 0x0000, 0x0000, 0x0000, 0x0000, 0x0000, 0x0000, 0x0000, 0x0000, 0x0000, 0x0000, 0x0000,
        0x0000, 0x0000, 0x0000, 0x0000, 0x0000, 0x0000, 0x0000, 0x0000, 0x0000, 0x0000, 0x0000, 0x0000, 0x0000, 0x0000, 0x0000, 0x0000,
        0x0000, 0x0000, 0x0000, 0x0000, 0x0000, 0x0000, 0x0000, 0x0000, 0x0000, 0x0000, 0x0000, 0x0000, 0x0000, 0x0000, 0x0000, 0x0000,
        0x0000, 0x0000, 0x0000, 0x0000, 0x0000, 0x0000, 0x0000, 0x0000, 0x0000, 0x0000, 0x0000, 0x0000, 0x0000, 0x0000, 0x0000, 0x0000,
        0x0000, 0x0000, 0x0000, 0x0000, 0x0000, 0x0000, 0x0000, 0x0000, 0x0000, 0x0000, 0x0000, 0x0000, 0x0000, 0x0000, 0x0000, 0x0000,
        0x0000, 0x0000, 0x0000, 0x0000, 0x0000, 0x0000, 0x0000, 0x0000, 0x0000, 0x0000, 0x0000, 0x0000, 0x0000, 0x0000, 0x0000, 0x0000,
        0x0000, 0x0000, 0x0000, 0x0000, 0x0000, 0x0000, 0x0000, 0x0000, 0x0000, 0x0000, 0x0000, 0x0000, 0x0000, 0x0000, 0x0000, 0x0000,
        0x0000, 0x0000, 0x0000, 0x0000, 0x0000, 0x0000, 0x0000, 0x0000, 0x0000, 0x0000, 0x0000, 0x0000, 0x0000, 0x0000, 0x0000, 0x0000,
        0x0000, 0x0000, 0x0000, 0x0000, 0x0000, 0x0000, 0x0000, 0x0000, 0x0000, 0x0000, 0x0000, 0x0000, 0x0000, 0x0000, 0x0000, 0x0000,
        0x0000, 0x0000, 0x0000, 0x0000, 0x0000, 0x0000, 0x0000, 0x0000, 0x0000, 0x0000, 0x0000, 0x0000, 0x0000, 0x0000, 0x0000, 0x0000,
        0x0000, 0x0000, 0x0000, 0x0000, 0x0000, 0x0000, 0x0000, 0x0000, 0x0000, 0x0000, 0x0000, 0x0000, 0x0000, 0x0000, 0x0000, 0x0000,
        0x0000, 0x0000, 0x0000, 0x0000, 0x0000, 0x0000, 0x0000, 0x0000, 0x0000, 0x0000, 0x0000, 0x0000, 0x0000, 0x0000, 0x0000, 0x0000,
        0x0000, 0x0000, 0x0000, 0x0000, 0x0000, 0x0000, 0x0000, 0x0000, 0x0000, 0x0000, 0x0000, 0x0000, 0x0000, 0x0000, 0x0000, 0x0000,
        0x0000, 0x0000, 0x0000, 0x0000, 0x0000, 0x0000, 0x0000, 0x0000, 0x0000, 0x0000, 0x0000, 0x0000, 0x0000, 0x0000, 0x0000, 0x0000,
        0x0000, 0x0000, 0x0000, 0x0000, 0x0000, 0x0000, 0x0000, 0x0000, 0x0000, 0x0000, 0x0000, 0x0000, 0x0000, 0x0000, 0x0000, 0x0000,
        0x0000, 0x0000, 0x0000, 0x0000, 0x0000, 0x0000, 0x0000, 0x0000, 0x0000, 0x0000, 0x0000, 0x0000, 0x0000, 0x0000, 0x0000, 0x0000,
        0x0000, 0x0000, 0x0000, 0x0000, 0x0000, 0x0000, 0x0000, 0x0000, 0x0000, 0x0000, 0x0000, 0x0000, 0x0000, 0x0000, 0x0000, 0x0000,
        0x0000, 0x0000, 0x0000, 0x0000, 0x0000, 0x0000, 0x0000, 0x0000, 0x0000, 0x0000, 0x0000, 0x0000, 0x0000, 0x0000, 0x0000, 0x0000,
        0x0000, 0x0000, 0x0000, 0x0000, 0x0000, 0x0000, 0x0000, 0x0000, 0x0000, 0x0000, 0x0000, 0x0000, 0x0000, 0x0000, 0x0000, 0x0000,
        0x0000, 0x0000, 0x0000, 0x0000, 0x0000, 0x0000, 0x0000, 0x0000, 0x0000, 0x0000, 0x0000, 0x0000, 0x0000, 0x0000, 0x0000, 0x0000,
        0x0000, 0x0000, 0x0000, 0x0000, 0x0000, 0x0000, 0x0000, 0x0000, 0x0000, 0x0000, 0x0000, 0x0000, 0x0000, 0x0000, 0x0000, 0x0000,
        0x0000, 0x0000, 0x0000, 0x0000, 0x0000, 0x0000, 0x0000, 0x0000, 0x0000, 0x0000, 0x0000, 0x0000, 0x0000, 0x0000, 0x0000, 0x0000,
        0x0000, 0x0000, 0x0000, 0x0000, 0x0000, 0x0000, 0x0000, 0x0000, 0x0000, 0x0000, 0x0000, 0x0000, 0x0000, 0x0000, 0x0000, 0x0000,
        0x0000, 0x0000, 0x0000, 0x0000, 0x0000, 0x0000, 0x0000, 0x0000, 0x0000, 0x0000, 0x0000, 0x0000, 0x0000, 0x0000, 0x0000, 0x0000,
        0x0000, 0x0000, 0x0000, 0x0000, 0x0000, 0x0000, 0x0000, 0x0000, 0x0000, 0x0000, 0x0000, 0x0000, 0x0000, 0x0000, 0x0000, 0x0000,
        0x0000, 0x0000, 0x0000, 0x0000, 0x0000, 0x0000, 0x0000, 0x0000, 0x0000, 0x0000, 0x0000, 0x0000, 0x0000, 0x0000, 0x0000, 0x0000,
        0x0000, 0x0000, 0x0000, 0x0000, 0x0000, 0x0000, 0x0000, 0x0000, 0x0000, 0x0000, 0x0000, 0x0000, 0x0000, 0x0000, 0x0000, 0x0000,
        0x0000, 0x0000, 0x0000, 0x0000, 0x0000, 0x0000, 0x0000, 0x0000, 0x0000, 0x0000, 0x0000, 0x0000, 0x0000, 0x0000, 0x0000, 0x0000,
        0x0000, 0x0000, 0x0000, 0x0000, 0x0000, 0x0000, 0x0000, 0x0000, 0x0000, 0x0000, 0x0000, 0x0000, 0x0000, 0x0000, 0x0000, 0x0000,
        0x0000, 0x0000, 0x0000, 0x0000, 0x0000, 0x0000, 0x0000, 0x0000, 0x0000, 0x0000, 0x0000, 0x0000, 0x0000, 0x0000, 0x0000, 0x0000,
        0x0000, 0x0000, 0x0000, 0x0000, 0x0000, 0x0000, 0x0000, 0x0000, 0x0000, 0x0000, 0x0000, 0x0000, 0x0000, 0x0000, 0x0000, 0x0000,
        0x0000, 0x0000, 0x0000, 0x0000, 0x0000, 0x0000, 0x0000, 0x0000, 0x0000, 0x0000, 0x0000, 0x0000, 0x0000, 0x0000, 0x0000, 0x0000,
        0x0000, 0x0000, 0x0000, 0x0000, 0x0000, 0x0000, 0x0000, 0x0000, 0x0000, 0x0000, 0x0000, 0x0000, 0x0000, 0x0000, 0x0000, 0x0000,
        0x0000, 0x0000, 0x0000, 0x0000, 0x0000, 0x0000, 0x0000, 0x0000, 0x0000, 0x0000, 0x0000, 0x0000, 0x0000, 0x0000, 0x0000, 0x0000,
        0x0000, 0x0000, 0x0000, 0x0000, 0x0000, 0x0000, 0x0000, 0x0000, 0x0000, 0x0000, 0x0000, 0x0000, 0x0000, 0x0000, 0x0000, 0x0000,
        0x0000, 0x0000, 0x0000, 0x0000, 0x0000, 0x0000, 0x0000, 0x0000, 0x0000, 0x0000, 0x0000, 0x0000, 0x0000, 0x0000, 0x0000, 0x0000,
        0x0000, 0x0000, 0x0000, 0x0000, 0x0000, 0x0000, 0x0000, 0x0000, 0x0000, 0x0000, 0x0000, 0x0000, 0x0000, 0x0000, 0x0000, 0x0000,
        0x0000, 0x0000, 0x0000, 0x0000, 0x0000, 0x0000, 0x0000, 0x0000, 0x0000, 0x0000, 0x0000, 0x0000, 0x0000, 0x0000, 0x0000, 0x0000,
        0x0000, 0x0000, 0x0000, 0x0000, 0x0000, 0x0000, 0x0000, 0x0000, 0x0000, 0x0000, 0x0000, 0x0000, 0x0000, 0x0000, 0x0000, 0x0000,
        0x0000, 0x0000, 0x0000, 0x0000, 0x0000, 0x0000, 0x0000, 0x0000, 0x0000, 0x0000, 0x0000, 0x0000, 0x0000, 0x0000, 0x0000, 0x0000,
        0x0000, 0x0000, 0x0000, 0x0000, 0x0000, 0x0000, 0x0000, 0x0000, 0x0000, 0x0000, 0x0000, 0x0000, 0x0000, 0x0000, 0x0000, 0x0000,
        0x0000, 0x0000, 0x0000, 0x0000, 0x0000, 0x0000, 0x0000, 0x0000, 0x0000, 0x0000, 0x0000, 0x0000, 0x0000, 0x0000, 0x0000, 0x0000,
        0x0000, 0x0000, 0x0000, 0x0000, 0x0000, 0x0000, 0x0000, 0x0000, 0x0000, 0x0000, 0x0000, 0x0000, 0x0000, 0x0000, 0x0000, 0x0000,
        0x0000, 0x0000, 0x0000, 0x0000, 0x0000, 0x0000, 0x0000, 0x0000, 0x0000, 0x0000, 0x0000, 0x0000, 0x0000, 0x0000, 0x0000, 0x0000,
        0x0000, 0x0000, 0x0000, 0x0000, 0x0000, 0x0000, 0x0000, 0x0000, 0x0000, 0x0000, 0x0000, 0x0000, 0x0000, 0x0000, 0x0000, 0x0000,
        0x0000, 0x0000, 0x0000, 0x0000, 0x0000, 0x0000, 0x0000, 0x0000, 0x0000, 0x0000, 0x0000, 0x0000, 0x0000, 0x0000, 0x0000, 0x0000,
        0x0000, 0x0000, 0x0000, 0x0000, 0x0000, 0x0000, 0x0000, 0x0000, 0x0000, 0x0000, 0x0000, 0x0000, 0x0000, 0x0000, 0x0000, 0x0000,
        0x0000, 0x0000, 0x0000, 0x0000, 0x0000, 0x0000, 0x0000, 0x0000, 0x0000, 0x0000, 0x0000, 0x0000, 0x0000, 0x0000, 0x0000, 0x0000,
        0x0000, 0x0000, 0x0000, 0x0000, 0x0000, 0x0000, 0x0000, 0x0000, 0x0000, 0x0000, 0x0000, 0x0000, 0x0000, 0x0000, 0x0000, 0x0000,
        0x0000, 0x0000, 0x0000, 0x0000, 0x0000, 0x0000, 0x0000, 0x0000, 0x0000, 0x0000, 0x0000, 0x0000, 0x0000, 0x0000, 0x0000, 0x0000,
        0x0000, 0x0000, 0x0000, 0x0000, 0x0000, 0x0000, 0x0000, 0x0000, 0x0000, 0x0000, 0x0000, 0x0000, 0x0000, 0x0000, 0x0000, 0x0000,
        0x0000, 0x0000, 0x0000, 0x0000, 0x0000, 0x0000, 0x0000, 0x0000, 0x0000, 0x0000, 0x0000, 0x0000, 0x0000, 0x0000, 0x0000, 0x0000,
        0x0000, 0x0000, 0x0000, 0x0000, 0x0000, 0x0000, 0x0000, 0x0000, 0x0000, 0x0000, 0x0000, 0x0000, 0x0000, 0x0000, 0x0000, 0x0000,
        0x0000, 0x0000, 0x0000, 0x0000, 0x0000, 0x0000, 0x0000, 0x0000, 0x0000, 0x0000, 0x0000, 0x0000, 0x0000, 0x0000, 0x0000, 0x0000,
        0x0000, 0x0000, 0x0000, 0x0000, 0x0000, 0x0000, 0x0000, 0x0000, 0x0000, 0x0000, 0x0000, 0x0000, 0x0000, 0x0000, 0x0000, 0x0000,
        0x0000, 0x0000, 0x0000, 0x0000, 0x0000, 0x0000, 0x0000, 0x0000, 0x0000, 0x0000, 0x0000, 0x0000, 0x0000, 0x0000, 0x0000, 0x0000,
        0x0000, 0x0000, 0x0000, 0x0000, 0x0000, 0x0000, 0x0000, 0x0000, 0x0000, 0x0000, 0x0000, 0x0000, 0x0000, 0x0000, 0x0000, 0x0000,
        0x0000, 0x0000, 0x0000, 0x0000, 0x0000, 0x0000, 0x0000, 0x0000, 0x0000, 0x0000, 0x0000, 0x0000, 0x0000, 0x0000, 0x0000, 0x0000,
        0x0000, 0x0000, 0x0000, 0x0000, 0x0000, 0x0000, 0x0000, 0x0000, 0x0000, 0x0000, 0x0000, 0x0000, 0x0000, 0x0000, 0x0000, 0x0000,
        0x0000, 0x0000, 0x0000, 0x0000, 0x0000, 0x0000, 0x0000, 0x0000, 0x0000, 0x0000, 0x0000, 0x0000, 0x0000, 0x0000, 0x0000, 0x0000,
        0x0000, 0x0000, 0x0000, 0x0000, 0x0000, 0x0000, 0x0000, 0x0000, 0x0000, 0x0000, 0x0000, 0x0000, 0x0000, 0x0000, 0x0000, 0x0000,
        0x0000, 0x0000, 0x0000, 0x0000, 0x0000, 0x0000, 0x0000, 0x0000, 0x0000, 0x0000, 0x0000, 0x0000, 0x0000, 0x0000, 0x0000, 0x0000,
        0x0000, 0x0000, 0x0000, 0x0000, 0x0000, 0x0000, 0x0000, 0x0000, 0x0000, 0x0000, 0x0000, 0x0000, 0x0000, 0x0000, 0x0000, 0x0000,
        0x0000, 0x0000, 0x0000, 0x0000, 0x0000, 0x0000, 0x0000, 0x0000, 0x0000, 0x0000, 0x0000, 0x0000, 0x0000, 0x0000, 0x0000, 0x0000,
        0x0000, 0x0000, 0x0000, 0x0000, 0x0000, 0x0000, 0x0000, 0x0000, 0x0000, 0x0000, 0x0000, 0x0000, 0x0000, 0x0000, 0x0000, 0x0000,
        0x0000, 0x0000, 0x0000, 0x0000, 0x0000, 0x0000, 0x0000, 0x0000, 0x0000, 0x0000, 0x0000, 0x0000, 0x0000, 0x0000, 0x0000, 0x0000,
        0x0000, 0x0000, 0x0000, 0x0000, 0x0000, 0x0000, 0x0000, 0x0000, 0x0000, 0x0000, 0x0000, 0x0000, 0x0000, 0x0000, 0x0000, 0x0000,
        0x0000, 0x0000, 0x0000, 0x0000, 0x0000, 0x0000, 0x0000, 0x0000, 0x0000, 0x0000, 0x0000, 0x0000, 0x0000, 0x0000, 0x0000, 0x0000,
        0x0000, 0x0000, 0x0000, 0x0000, 0x0000, 0x0000, 0x0000, 0x0000, 0x0000, 0x0000, 0x0000, 0x0000, 0x0000, 0x0000, 0x0000, 0x0000,
        0x0000, 0x0000, 0x0000, 0x0000, 0x0000, 0x0000, 0x0000, 0x0000, 0x0000, 0x0000, 0x0000, 0x0000, 0x0000, 0x0000, 0x0000, 0x0000,
        0x0000, 0x0000, 0x0000, 0x0000, 0x0000, 0x0000, 0x0000, 0x0000, 0x0000, 0x0000, 0x0000, 0x0000, 0x0000, 0x0000, 0x0000, 0x0000,
        0x0000, 0x0000, 0x0000, 0x0000, 0x0000, 0x0000, 0x0000, 0x0000, 0x0000, 0x0000, 0x0000, 0x0000, 0x0000, 0x0000, 0x0000, 0x0000,
        0x0000, 0x0000, 0x0000, 0x0000, 0x0000, 0x0000, 0x0000, 0x0000, 0x0000, 0x0000, 0x0000, 0x0000, 0x0000, 0x0000, 0x0000, 0x0000,
        0x0000, 0x0000, 0x0000, 0x0000, 0x0000, 0x0000, 0x0000, 0x0000, 0x0000, 0x0000, 0x0000, 0x0000, 0x0000, 0x0000, 0x0000, 0x0000,
        0x0000, 0x0000, 0x0000, 0x0000, 0x0000, 0x0000, 0x0000, 0x0000, 0x0000, 0x0000, 0x0000, 0x0000, 0x0000, 0x0000, 0x0000, 0x0000,
        0x0000, 0x0000, 0x0000, 0x0000, 0x0000, 0x0000, 0x0000, 0x0000, 0x0000, 0x0000, 0x0000, 0x0000, 0x0000, 0x0000, 0x0000, 0x0000,
        0x0000, 0x0000, 0x0000, 0x0000, 0x0000, 0x0000, 0x0000, 0x0000, 0x0000, 0x0000, 0x0000, 0x0000, 0x0000, 0x0000, 0x0000, 0x0000,
        0x0000, 0x0000, 0x0000, 0x0000, 0x0000, 0x0000, 0x0000, 0x0000, 0x0000, 0x0000, 0x0000, 0x0000, 0x0000, 0x0000, 0x0000, 0x0000,
        0x0000, 0x0000, 0x0000, 0x0000, 0x0000, 0x0000, 0x0000, 0x0000, 0x0000, 0x0000, 0x0000, 0x0000, 0x0000, 0x0000, 0x0000, 0x0000,
        0x0000, 0x0000, 0x0000, 0x0000, 0x0000, 0x0000, 0x0000, 0x0000, 0x0000, 0x0000, 0x0000, 0x0000, 0x0000, 0x0000, 0x0000, 0x0000,
        0x0000, 0x0000, 0x0000, 0x0000, 0x0000, 0x0000, 0x0000, 0x0000, 0x0000, 0x0000, 0x0000, 0x0000, 0x0000, 0x0000, 0x0000, 0x0000,
        0x0000, 0x0000, 0x0000, 0x0000, 0x0000, 0x0000, 0x0000, 0x0000, 0x0000, 0x0000, 0x0000, 0x0000, 0x0000, 0x0000, 0x0000, 0x0000,
        0x0000, 0x0000, 0x0000, 0x0000, 0x0000, 0x0000, 0x0000, 0x0000, 0x0000, 0x0000, 0x0000, 0x0000, 0x0000, 0x0000, 0x0000, 0x0000,
        0x0000, 0x0000, 0x0000, 0x0000, 0x0000, 0x0000, 0x0000, 0x0000, 0x0000, 0x0000, 0x0000, 0x0000, 0x0000, 0x0000, 0x0000, 0x0000,
        0x0000, 0x0000, 0x0000, 0x0000, 0x0000, 0x0000, 0x0000, 0x0000, 0x0000, 0x0000, 0x0000, 0x0000, 0x0000, 0x0000, 0x0000, 0x0000,
        0x0000, 0x0000, 0x0000, 0x0000, 0x0000, 0x0000, 0x0000, 0x0000, 0x0000, 0x0000, 0x0000, 0x0000, 0x0000, 0x0000, 0x0000, 0x0000,
        0x0000, 0x0000, 0x0000, 0x0000, 0x0000, 0x0000, 0x0000, 0x0000, 0x0000, 0x0000, 0x0000, 0x0000, 0x0000, 0x0000, 0x0000, 0x0000,
        0x0000, 0x0000, 0x0000, 0x0000, 0x0000, 0x0000, 0x0000, 0x0000, 0x0000, 0x0000, 0x0000, 0x0000, 0x0000, 0x0000, 0x0000, 0x0000,
        0x0000, 0x0000, 0x0000, 0x0000, 0x0000, 0x0000, 0x0000, 0x0000, 0x0000, 0x0000, 0x0000, 0x0000, 0x0000, 0x0000, 0x0000, 0x0000,
        0x0000, 0x0000, 0x0000, 0x0000, 0x0000, 0x0000, 0x0000, 0x0000, 0x0000, 0x0000, 0x0000, 0x0000, 0x0000, 0x0000, 0x0000, 0x0000,
        0x0000, 0x0000, 0x0000, 0x0000, 0x0000, 0x0000, 0x0000, 0x0000, 0x0000, 0x0000, 0x0000, 0x0000, 0x0000, 0x0000, 0x0000, 0x0000,
        0x0000, 0x0000, 0x0000, 0x0000, 0x0000, 0x0000, 0x0000, 0x0000, 0x0000, 0x0000, 0x0000, 0x0000, 0x0000, 0x0000, 0x0000, 0x0000,
        0x0000, 0x0000, 0x0000, 0x0000, 0x0000, 0x0000, 0x0000, 0x0000, 0x0000, 0x0000, 0x0000, 0x0000, 0x0000, 0x0000, 0x0000, 0x0000,
        0x0000, 0x0000, 0x0000, 0x0000, 0x0000, 0x0000, 0x0000, 0x0000, 0x0000, 0x0000, 0x0000, 0x0000, 0x0000, 0x0000, 0x0000, 0x0000,
        0x0000, 0x0000, 0x0000, 0x0000, 0x0000, 0x0000, 0x0000, 0x0000, 0x0000, 0x0000, 0x0000, 0x0000, 0x0000, 0x0000, 0x0000, 0x0000,
        0x0000, 0x0000, 0x0000, 0x0000, 0x0000, 0x0000, 0x0000, 0x0000, 0x0000, 0x0000, 0x0000, 0x0000, 0x0000, 0x0000, 0x0000, 0x0000,
        0x0000, 0x0000, 0x0000, 0x0000, 0x0000, 0x0000, 0x0000, 0x0000, 0x0000, 0x0000, 0x0000, 0x0000, 0x0000, 0x0000, 0x0000, 0x0000,
        0x0000, 0x0000, 0x0000, 0x0000, 0x0000, 0x0000, 0x0000, 0x0000, 0x0000, 0x0000, 0x0000, 0x0000, 0x0000, 0x0000, 0x0000, 0x0000,
        0x0000, 0x0000, 0x0000, 0x0000, 0x0000, 0x0000, 0x0000, 0x0000, 0x0000, 0x0000, 0x0000, 0x0000, 0x0000, 0x0000, 0x0000, 0x0000,
        0x0000, 0x0000, 0x0000, 0x0000, 0x0000, 0x0000, 0x0000, 0x0000, 0x0000, 0x0000, 0x0000, 0x0000, 0x0000, 0x0000, 0x0000, 0x0000,
        0x0000, 0x0000, 0x0000, 0x0000, 0x0000, 0x0000, 0x0000, 0x0000, 0x0000, 0x0000, 0x0000, 0x0000, 0x0000, 0x0000, 0x0000, 0x0000,
        0x0000, 0x0000, 0x0000, 0x0000, 0x0000, 0x0000, 0x0000, 0x0000, 0x0000, 0x0000, 0x0000, 0x0000, 0x0000, 0x0000, 0x0000, 0x0000,
        0x0000, 0x0000, 0x0000, 0x0000, 0x0000, 0x0000, 0x0000, 0x0000, 0x0000, 0x0000, 0x0000, 0x0000, 0x0000, 0x0000, 0x0000, 0x0000,
        0x0000, 0x0000, 0x0000, 0x0000, 0x0000, 0x0000, 0x0000, 0x0000, 0x0000, 0x0000, 0x0000, 0x0000, 0x0000, 0x0000, 0x0000, 0x0000,
        0x0000, 0x0000, 0x0000, 0x0000, 0x0000, 0x0000, 0x0000, 0x0000, 0x0000, 0x0000, 0x0000, 0x0000, 0x0000, 0x0000, 0x0000, 0x0000,
        0x0000, 0x0000, 0x0000, 0x0000, 0x0000, 0x0000, 0x0000, 0x0000, 0x0000, 0x0000, 0x0000, 0x0000, 0x0000, 0x0000, 0x0000, 0x0000,
        0x0000, 0x0000, 0x0000, 0x0000, 0x0000, 0x0000, 0x0000, 0x0000, 0x0000, 0x0000, 0x0000, 0x0000, 0x0000, 0x0000, 0x0000, 0x0000,
        0x0000, 0x0000, 0x0000, 0x0000, 0x0000, 0x0000, 0x0000, 0x0000, 0x0000, 0x0000, 0x0000, 0x0000, 0x0000, 0x0000, 0x0000, 0x0000,
        0x0000, 0x0000, 0x0000, 0x0000, 0x0000, 0x0000, 0x0000, 0x0000, 0x0000, 0x0000, 0x0000, 0x0000, 0x0000, 0x0000, 0x0000, 0x0000,
        0x0000, 0x0000, 0x0000, 0x0000, 0x0000, 0x0000, 0x0000, 0x0000, 0x0000, 0x0000, 0x0000, 0x0000, 0x0000, 0x0000, 0x0000, 0x0000,
        0x0000, 0x0000, 0x0000, 0x0000, 0x0000, 0x0000, 0x0000, 0x0000, 0x0000, 0x0000, 0x0000, 0x0000, 0x0000, 0x0000, 0x0000, 0x0000,
        0x0000, 0x0000, 0x0000, 0x0000, 0x0000, 0x0000, 0x0000, 0x0000, 0x0000, 0x0000, 0x0000, 0x0000, 0x0000, 0x0000, 0x0000, 0x0000,
        0x0000, 0x0000, 0x0000, 0x0000, 0x0000, 0x0000, 0x0000, 0x0000, 0x0000, 0x0000, 0x0000, 0x0000, 0x0000, 0x0000, 0x0000, 0x0000,
        0x0000, 0x0000, 0x0000, 0x0000, 0x0000, 0x0000, 0x0000, 0x0000, 0x0000, 0x0000, 0x0000, 0x0000, 0x0000, 0x0000, 0x0000, 0x0000,
        0x0000, 0x0000, 0x0000, 0x0000, 0x0000, 0x0000, 0x0000, 0x0000, 0x0000, 0x0000, 0x0000, 0x0000, 0x0000, 0x0000, 0x0000, 0x0000,
        0x0000, 0x0000, 0x0000, 0x0000, 0x0000, 0x0000, 0x0000, 0x0000, 0x0000, 0x0000, 0x0000, 0x0000, 0x0000, 0x0000, 0x0000, 0x0000,
        0x0000, 0x0000, 0x0000, 0x0000, 0x0000, 0x0000, 0x0000, 0x0000, 0x0000, 0x0000, 0x0000, 0x0000, 0x0000, 0x0000, 0x0000, 0x0000,
        0x0000, 0x0000, 0x0000, 0x0000, 0x0000, 0x0000, 0x0000, 0x0000, 0x0000, 0x0000, 0x0000, 0x0000, 0x0000, 0x0000, 0x0000, 0x0000,
        0x0000, 0x0000, 0x0000, 0x0000, 0x0000, 0x0000, 0x0000, 0x0000, 0x0000, 0x0000, 0x0000, 0x0000, 0x0000, 0x0000, 0x0000, 0x0000,
        0x0000, 0x0000, 0x0000, 0x0000, 0x0000, 0x0000, 0x0000, 0x0000, 0x0000, 0x0000, 0x0000, 0x0000, 0x0000, 0x0000, 0x0000, 0x0000,
        0x0000, 0x0000, 0x0000, 0x0000, 0x0000, 0x0000, 0x0000, 0x0000, 0x0000, 0x0000, 0x0000, 0x0000, 0x0000, 0x0000, 0x0000, 0x0000,
        0x0000, 0x0000, 0x0000, 0x0000, 0x0000, 0x0000, 0x0000, 0x0000, 0x0000, 0x0000, 0x0000, 0x0000, 0x0000, 0x0000, 0x0000, 0x0000,
        0x0000, 0x0000, 0x0000, 0x0000, 0x0000, 0x0000, 0x0000, 0x0000, 0x0000, 0x0000, 0x0000, 0x0000, 0x0000, 0x0000, 0x0000, 0x0000,
        0x0000, 0x0000, 0x0000, 0x0000, 0x0000, 0x0000, 0x0000, 0x0000, 0x0000, 0x0000, 0x0000, 0x0000, 0x0000, 0x0000, 0x0000, 0x0000,
        0x0000, 0x0000, 0x0000, 0x0000, 0x0000, 0x0000, 0x0000, 0x0000, 0x0000, 0x0000, 0x0000, 0x0000, 0x0000, 0x0000, 0x0000, 0x0000,
        0x0000, 0x0000, 0x0000, 0x0000, 0x0000, 0x0000, 0x0000, 0x0000, 0x0000, 0x0000, 0x0000, 0x0000, 0x0000, 0x0000, 0x0000, 0x0000,
        0x0000, 0x0000, 0x0000, 0x0000, 0x0000, 0x0000, 0x0000, 0x0000, 0x0000, 0x0000, 0x0000, 0x0000, 0x0000, 0x0000, 0x0000, 0x0000,
        0x0000, 0x0000, 0x0000, 0x0000, 0x0000, 0x0000, 0x0000, 0x0000, 0x0000, 0x0000, 0x0000, 0x0000, 0x0000, 0x0000, 0x0000, 0x0000,
        0x0000, 0x0000, 0x0000, 0x0000, 0x0000, 0x0000, 0x0000, 0x0000, 0x0000, 0x0000, 0x0000, 0x0000, 0x0000, 0x0000, 0x0000, 0x0000,
        0x0000, 0x0000, 0x0000, 0x0000, 0x0000, 0x0000, 0x0000, 0x0000, 0x0000, 0x0000, 0x0000, 0x0000, 0x0000, 0x0000, 0x0000, 0x0000,
        0x0000, 0x0000, 0x0000, 0x0000, 0x0000, 0x0000, 0x0000, 0x0000, 0x0000, 0x0000, 0x0000, 0x0000, 0x0000, 0x0000, 0x0000, 0x0000,
        0x0000, 0x0000, 0x0000, 0x0000, 0x0000, 0x0000, 0x0000, 0x0000, 0x0000, 0x0000, 0x0000, 0x0000, 0x0000, 0x0000, 0x0000, 0x0000,
        0x0000, 0x0000, 0x0000, 0x0000, 0x0000, 0x0000, 0x0000, 0x0000, 0x0000, 0x0000, 0x0000, 0x0000, 0x0000, 0x0000, 0x0000, 0x0000,
        0x0000, 0x0000, 0x0000, 0x0000, 0x0000, 0x0000, 0x0000, 0x0000, 0x0000, 0x0000, 0x0000, 0x0000, 0x0000, 0x0000, 0x0000, 0x0000,
        0x0000, 0x0000, 0x0000, 0x0000, 0x0000, 0x0000, 0x0000, 0x0000, 0x0000, 0x0000, 0x0000, 0x0000, 0x0000, 0x0000, 0x0000, 0x0000,
        0x0000, 0x0000, 0x0000, 0x0000, 0x0000, 0x0000, 0x0000, 0x0000, 0x0000, 0x0000, 0x0000, 0x0000, 0x0000, 0x0000, 0x0000, 0x0000,
        0x0000, 0x0000, 0x0000, 0x0000, 0x0000, 0x0000, 0x0000, 0x0000, 0x0000, 0x0000, 0x0000, 0x0000, 0x0000, 0x0000, 0x0000, 0x0000,
        0x0000, 0x0000, 0x0000, 0x0000, 0x0000, 0x0000, 0x0000, 0x0000, 0x0000, 0x0000, 0x0000, 0x0000, 0x0000, 0x0000, 0x0000, 0x0000,
        0x0000, 0x0000, 0x0000, 0x0000, 0x0000, 0x0000, 0x0000, 0x0000, 0x0000, 0x0000, 0x0000, 0x0000, 0x0000, 0x0000, 0x0000, 0x0000,
        0x0000, 0x0000, 0x0000, 0x0000, 0x0000, 0x0000, 0x0000, 0x0000, 0x0000, 0x0000, 0x0000, 0x0000, 0x0000, 0x0000, 0x0000, 0x0000,
        0x0000, 0x0000, 0x0000, 0x0000, 0x0000, 0x0000, 0x0000, 0x0000, 0x0000, 0x0000, 0x0000, 0x0000, 0x0000, 0x0000, 0x0000, 0x0000,
        0x0000, 0x0000, 0x0000, 0x0000, 0x0000, 0x0000, 0x0000, 0x0000, 0x0000, 0x0000, 0x0000, 0x0000, 0x0000, 0x0000, 0x0000, 0x0000,
        0x0000, 0x0000, 0x0000, 0x0000, 0x0000, 0x0000, 0x0000, 0x0000, 0x0000, 0x0000, 0x0000, 0x0000, 0x0000, 0x0000, 0x0000, 0x0000,
        0x0000, 0x0000, 0x0000, 0x0000, 0x0000, 0x0000, 0x0000, 0x0000, 0x0000, 0x0000, 0x0000, 0x0000, 0x0000, 0x0000, 0x0000, 0x0000,
        0x0000, 0x0000, 0x0000, 0x0000, 0x0000, 0x0000, 0x0000, 0x0000, 0x0000, 0x0000, 0x0000, 0x0000, 0x0000, 0x0000, 0x0000, 0x0000,
        0x0000, 0x0000, 0x0000, 0x0000, 0x0000, 0x0000, 0x0000, 0x0000, 0x0000, 0x0000, 0x0000, 0x0000, 0x0000, 0x0000, 0x0000, 0x0000,
        0x0000, 0x0000, 0x0000, 0x0000, 0x0000, 0x0000, 0x0000, 0x0000, 0x0000, 0x0000, 0x0000, 0x0000, 0x0000, 0x0000, 0x0000, 0x0000,
        0x0000, 0x0000, 0x0000, 0x0000, 0x0000, 0x0000, 0x0000, 0x0000, 0x0000, 0x0000, 0x0000, 0x0000, 0x0000, 0x0000, 0x0000, 0x0000,
        0x0000, 0x0000, 0x0000, 0x0000, 0x0000, 0x0000, 0x0000, 0x0000, 0x0000, 0x0000, 0x0000, 0x0000, 0x0000, 0x0000, 0x0000, 0x0000,
        0x0000, 0x0000, 0x0000, 0x0000, 0x0000, 0x0000, 0x0000, 0x0000, 0x0000, 0x0000, 0x0000, 0x0000, 0x0000, 0x0000, 0x0000, 0x0000,
        0x0000, 0x0000, 0x0000, 0x0000, 0x0000, 0x0000, 0x0000, 0x0000, 0x0000, 0x0000, 0x0000, 0x0000, 0x0000, 0x0000, 0x0000, 0x0000,
        0x0000, 0x0000, 0x0000, 0x0000, 0x0000, 0x0000, 0x0000, 0x0000, 0x0000, 0x0000, 0x0000, 0x0000, 0x0000, 0x0000, 0x0000, 0x0000,
        0x0000, 0x0000, 0x0000, 0x0000, 0x0000, 0x0000, 0x0000, 0x0000, 0x0000, 0x0000, 0x0000, 0x0000, 0x0000, 0x0000, 0x0000, 0x0000,
        0x0000, 0x0000, 0x0000, 0x0000, 0x0000, 0x0000, 0x0000, 0x0000, 0x0000, 0x0000, 0x0000, 0x0000, 0x0000, 0x0000, 0x0000, 0x0000,
        0x0000, 0x0000, 0x0000, 0x0000, 0x0000, 0x0000, 0x0000, 0x0000, 0x0000, 0x0000, 0x0000, 0x0000, 0x0000, 0x0000, 0x0000, 0x0000,
        0x0000, 0x0000, 0x0000, 0x0000, 0x0000, 0x0000, 0x0000, 0x0000, 0x0000, 0x0000, 0x0000, 0x0000, 0x0000, 0x0000, 0x0000, 0x0000,
        0x0000, 0x0000, 0x0000, 0x0000, 0x0000, 0x0000, 0x0000, 0x0000, 0x0000, 0x0000, 0x0000, 0x0000, 0x0000, 0x0000, 0x0000, 0x0000,
        0x0000, 0x0000, 0x0000, 0x0000, 0x0000, 0x0000, 0x0000, 0x0000, 0x0000, 0x0000, 0x0000, 0x0000, 0x0000, 0x0000, 0x0000, 0x0000,
        0x0000, 0x0000, 0x0000, 0x0000, 0x0000, 0x0000, 0x0000, 0x0000, 0x0000, 0x0000, 0x0000, 0x0000, 0x0000, 0x0000, 0x0000, 0x0000,
        0x0000, 0x0000, 0x0000, 0x0000, 0x0000, 0x0000, 0x0000, 0x0000, 0x0000, 0x0000, 0x0000, 0x0000, 0x0000, 0x0000, 0x0000, 0x0000,
        0x0000, 0x0000, 0x0000, 0x0000, 0x0000, 0x0000, 0x0000, 0x0000, 0x0000, 0x0000, 0x0000, 0x0000, 0x0000, 0x0000, 0x0000, 0x0000,
        0x0000, 0x0000, 0x0000, 0x0000, 0x0000, 0x0000, 0x0000, 0x0000, 0x0000, 0x0000, 0x0000, 0x0000, 0x0000, 0x0000, 0x0000, 0x0000,
        0x0000, 0x0000, 0x0000, 0x0000, 0x0000, 0x0000, 0x0000, 0x0000, 0x0000, 0x0000, 0x0000, 0x0000, 0x0000, 0x0000, 0x0000, 0x0000,
        0x0000, 0x0000, 0x0000, 0x0000, 0x0000, 0x0000, 0x0000, 0x0000, 0x0000, 0x0000, 0x0000, 0x0000, 0x0000, 0x0000, 0x0000, 0x0000,
        0x0000, 0x0000, 0x0000, 0x0000, 0x0000, 0x0000, 0x0000, 0x0000, 0x0000, 0x0000, 0x0000, 0x0000, 0x0000, 0x0000, 0x0000, 0x0000,
        0x0000, 0x0000, 0x0000, 0x0000, 0x0000, 0x0000, 0x0000, 0x0000, 0x0000, 0x0000, 0x0000, 0x0000, 0x0000, 0x0000, 0x0000, 0x0000,
        0x0000, 0x0000, 0x0000, 0x0000, 0x0000, 0x0000, 0x0000, 0x0000, 0x0000, 0x0000, 0x0000, 0x0000, 0x0000, 0x0000, 0x0000, 0x0000,
        0x0000, 0x0000, 0x0000, 0x0000, 0x0000, 0x0000, 0x0000, 0x0000, 0x0000, 0x0000, 0x0000, 0x0000, 0x0000, 0x0000, 0x0000, 0x0000,
        0x0000, 0x0000, 0x0000, 0x0000, 0x0000, 0x0000, 0x0000, 0x0000, 0x0000, 0x0000, 0x0000, 0x0000, 0x0000, 0x0000, 0x0000, 0x0000,
        0x0000, 0x0000, 0x0000, 0x0000, 0x0000, 0x0000, 0x0000, 0x0000, 0x0000, 0x0000, 0x0000, 0x0000, 0x0000, 0x0000, 0x0000, 0x0000,
        0x0000, 0x0000, 0x0000, 0x0000, 0x0000, 0x0000, 0x0000, 0x0000, 0x0000, 0x0000, 0x0000, 0x0000, 0x0000, 0x0000, 0x0000, 0x0000,
        0x0000, 0x0000, 0x0000, 0x0000, 0x0000, 0x0000, 0x0000, 0x0000, 0x0000, 0x0000, 0x0000, 0x0000, 0x0000, 0x0000, 0x0000, 0x0000,
        0x0000, 0x0000, 0x0000, 0x0000, 0x0000, 0x0000, 0x0000, 0x0000, 0x0000, 0x0000, 0x0000, 0x0000, 0x0000, 0x0000, 0x0000, 0x0000,
        0x0000, 0x0000, 0x0000, 0x0000, 0x0000, 0x0000, 0x0000, 0x0000, 0x0000, 0x0000, 0x0000, 0x0000, 0x0000, 0x0000, 0x0000, 0x0000,
        0x0000, 0x0000, 0x0000, 0x0000, 0x0000, 0x0000, 0x0000, 0x0000, 0x0000, 0x0000, 0x0000, 0x0000, 0x0000, 0x0000, 0x0000, 0x0000,
        0x0000, 0x0000, 0x0000, 0x0000, 0x0000, 0x0000, 0x0000, 0x0000, 0x0000, 0x0000, 0x0000, 0x0000, 0x0000, 0x0000, 0x0000, 0x0000,
        0x0000, 0x0000, 0x0000, 0x0000, 0x0000, 0x0000, 0x0000, 0x0000, 0x0000, 0x0000, 0x0000, 0x0000, 0x0000, 0x0000, 0x0000, 0x0000,
        0x0000, 0x0000, 0x0000, 0x0000, 0x0000, 0x0000, 0x0000, 0x0000, 0x0000, 0x0000, 0x0000, 0x0000, 0x0000, 0x0000, 0x0000, 0x0000,
        0x0000, 0x0000, 0x0000, 0x0000, 0x0000, 0x0000, 0x0000, 0x0000, 0x0000, 0x0000, 0x0000, 0x0000, 0x0000, 0x0000, 0x0000, 0x0000,
        0x0000, 0x0000, 0x0000, 0x0000, 0x0000, 0x0000, 0x0000, 0x0000, 0x0000, 0x0000, 0x0000, 0x0000, 0x0000, 0x0000, 0x0000, 0x0000,
        0x0000, 0x0000, 0x0000, 0x0000, 0x0000, 0x0000, 0x0000, 0x0000, 0x0000, 0x0000, 0x0000, 0x0000, 0x0000, 0x0000, 0x0000, 0x0000,
        0x0000, 0x0000, 0x0000, 0x0000, 0x0000, 0x0000, 0x0000, 0x0000, 0x0000, 0x0000, 0x0000, 0x0000, 0x0000, 0x0000, 0x0000, 0x0000,
        0x0000, 0x0000, 0x0000, 0x0000, 0x0000, 0x0000, 0x0000, 0x0000, 0x0000, 0x0000, 0x0000, 0x0000, 0x0000, 0x0000, 0x0000, 0x0000,
        0x0000, 0x0000, 0x0000, 0x0000, 0x0000, 0x0000, 0x0000, 0x0000, 0x0000, 0x0000, 0x0000, 0x0000, 0x0000, 0x0000, 0x0000, 0x0000,
        0x0000, 0x0000, 0x0000, 0x0000, 0x0000, 0x0000, 0x0000, 0x0000, 0x0000, 0x0000, 0x0000, 0x0000, 0x0000, 0x0000, 0x0000, 0x0000,
        0x0000, 0x0000, 0x0000, 0x0000, 0x0000, 0x0000, 0x0000, 0x0000, 0x0000, 0x0000, 0x0000, 0x0000, 0x0000, 0x0000, 0x0000, 0x0000,
        0x0000, 0x0000, 0x0000, 0x0000, 0x0000, 0x0000, 0x0000, 0x0000, 0x0000, 0x0000, 0x0000, 0x0000, 0x0000, 0x0000, 0x0000, 0x0000
    ];

    pub(crate) static UNIALT_INDEX2: [u16; 15360] = [
        0x0000, 0x0000, 0x0000, 0x0000, 0x0000, 0x0000, 0x0000, 0x0000, 0x0000, 0x0000, 0x0000, 0x0000, 0x0000, 0x0000, 0x0000, 0x0000,
        0x0000, 0x0000, 0x0000, 0x0000, 0x0000, 0x0000, 0x0000, 0x0000, 0x0000, 0x0000, 0x0000, 0x0000, 0x0000, 0x0000, 0x0000, 0x0000,
        0x0000, 0x0000, 0x0000, 0x0000, 0x0000, 0x0000, 0x0000, 0x0000, 0x0000, 0x0000, 0x0000, 0x0000, 0x0000, 0x0000, 0x0000, 0x0000,
        0x0000, 0x0000, 0x0000, 0x0000, 0x0000, 0x0000, 0x0000, 0x0000, 0x0000, 0x0000, 0x0000, 0x0000, 0x0000, 0x0000, 0x0000, 0x0000,
        0x0000, 0x0000, 0x0000, 0x0000, 0x0000, 0x0000, 0x0000, 0x0000, 0x0000, 0x0000, 0x0000, 0x0000, 0x0000, 0x0000, 0x0000, 0x0000,
        0x0000, 0x0000, 0x0000, 0x0000, 0x0000, 0x0000, 0x0000, 0x0000, 0x0000, 0x0000, 0x0000, 0x0000, 0x0000, 0x0000, 0x0000, 0x0000,
        0x0000, 0x0000, 0x0000, 0x0000, 0x0000, 0x0000, 0x0000, 0x0000, 0x0000, 0x0000, 0x0000, 0x0000, 0x0000, 0x0000, 0x0000, 0x0000,
        0x0000, 0x0000, 0x0000, 0x0000, 0x0000, 0x0000, 0x0000, 0x0000, 0x0000, 0x0000, 0x0000, 0x0000, 0x0000, 0x0000, 0x0000, 0x0000,
        0x0000, 0x0000, 0x0000, 0x0000, 0x0000, 0x0000, 0x0000, 0x0000, 0x0000, 0x0000, 0x0000, 0x0000, 0x0000, 0x0000, 0x0000, 0x0000,
        0x0000, 0x0000, 0x0000, 0x0000, 0x0000, 0x0000, 0x0000, 0x0000, 0x0000, 0x0000, 0x0000, 0x0000, 0x0000, 0x0000, 0x0000, 0x0000,
        0x0001, 0x0000, 0x0000, 0x0000, 0x0000, 0x0000, 0x0000, 0x0000, 0x0003, 0x0000, 0x0006, 0x0000, 0x0000, 0x0000, 0x0000, 0x0008,
        0x0000, 0x0000, 0x000B, 0x000D, 0x000F, 0x0012, 0x0000, 0x0000, 0x0014, 0x0017, 0x0019, 0x0000, 0x001B, 0x001F, 0x0023, 0x0000,
        0x0027, 0x002A, 0x002D, 0x0030, 0x0033, 0x0036, 0x0000, 0x0039, 0x003C, 0x003F, 0x0042, 0x0045, 0x0048, 0x004B, 0x004E, 0x0051,
        0x0000, 0x0054, 0x0057, 0x005A, 0x005D, 0x0060, 0x0063, 0x0000, 0x0000, 0x0066, 0x0069, 0x006C, 0x006F, 0x0072, 0x0000, 0x0000,
        0x0075, 0x0078, 0x007B, 0x007E, 0x0081, 0x0084, 0x0000, 0x0087, 0x008A, 0x008D, 0x0090, 0x0093, 0x0096, 0x0099, 0x009C, 0x009F,
        0x0000, 0x00A2, 0x00A5, 0x00A8, 0x00AB, 0x00AE, 0x00B1, 0x0000, 0x0000, 0x00B4, 0x00B7, 0x00BA, 0x00BD, 0x00C0, 0x0000, 0x00C3,
        0x00C6, 0x00C9, 0x00CC, 0x00CF, 0x00D2, 0x00D5, 0x00D8, 0x00DB, 0x00DE, 0x00E1, 0x00E4, 0x00E7, 0x00EA, 0x00ED, 0x00F0, 0x00F3,
        0x00F6, 0x0000, 0x00F8, 0x00FB, 0x00FE, 0x0101, 0x0104, 0x0107, 0x010A, 0x010D, 0x0110, 0x0113, 0x0116, 0x0119, 0x011C, 0x011F,
        0x0122, 0x0125, 0x0128, 0x012B, 0x012E, 0x0131, 0x0000, 0x0000, 0x0134, 0x0137, 0x013A, 0x013D, 0x0140, 0x0143, 0x0146, 0x0149,
        0x014C, 0x0000, 0x014F, 0x0152, 0x0155, 0x0158, 0x015B, 0x015E, 0x0161, 0x0163, 0x0166, 0x0169, 0x016C, 0x016F, 0x0172, 0x0175,
        0x0178, 0x0000, 0x0000, 0x017B, 0x017E, 0x0181, 0x0184, 0x0187, 0x018A, 0x018D, 0x0000, 0x0000, 0x0190, 0x0193, 0x0196, 0x0199,
        0x019C, 0x019F, 0x01A2, 0x01A5, 0x01A8, 0x01AB, 0x01AE, 0x01B1, 0x01B4, 0x01B7, 0x01BA, 0x01BD, 0x01C0, 0x01C3, 0x01C6, 0x01C9,
        0x01CC, 0x01CF, 0x01D2, 0x01D5, 0x01D8, 0x01DB, 0x0000, 0x0000, 0x01DE, 0x01E1, 0x01E4, 0x01E7, 0x01EA, 0x01ED, 0x01F0, 0x01F3,
        0x01F6, 0x01F9, 0x01FC, 0x01FF, 0x0202, 0x0205, 0x0208, 0x020B, 0x020E, 0x0211, 0x0214, 0x0217, 0x021A, 0x021D, 0x0220, 0x0223,
        0x0000, 0x0000, 0x0225, 0x0000, 0x0000, 0x0000, 0x0000, 0x0000, 0x0000, 0x0227, 0x0000, 0x0000, 0x0000, 0x0000, 0x0000, 0x0000,
        0x0000, 0x0000, 0x0000, 0x0000, 0x0000, 0x0000, 0x0000, 0x0000, 0x0000, 0x0000, 0x0000, 0x0000, 0x0000, 0x0000, 0x0229, 0x022B,
        0x022D, 0x0230, 0x0000, 0x0000, 0x0000, 0x0000, 0x0000, 0x0000, 0x0000, 0x0233, 0x0000, 0x0000, 0x0000, 0x0000, 0x0000, 0x0235,
        0x0238, 0x0000, 0x0000, 0x0000, 0x0000, 0x0000, 0x0000, 0x0000, 0x0000, 0x0000, 0x0000, 0x0000, 0x0000, 0x0000, 0x0000, 0x0000,
        0x023B, 0x023D, 0x0000, 0x0000, 0x0240, 0x0243, 0x0246, 0x0249, 0x024C, 0x024F, 0x0252, 0x0255, 0x0258, 0x025B, 0x025E, 0x0261,
        0x0264, 0x0267, 0x026A, 0x026D, 0x0270, 0x0273, 0x0276, 0x0279, 0x027C, 0x027F, 0x0282, 0x0285, 0x0288, 0x0000, 0x028B, 0x028E,
        0x0291, 0x0294, 0x0297, 0x029A, 0x0000, 0x0000, 0x029D, 0x02A0, 0x02A3, 0x02A6, 0x02A9, 0x02AC, 0x02AF, 0x02B2, 0x02B5, 0x02B8,
        0x02BB, 0x02BE, 0x02C1, 0x02C4, 0x02C7, 0x02CA, 0x0000, 0x0000, 0x02CD, 0x02D0, 0x02D3, 0x02D6, 0x02D9, 0x02DC, 0x02DF, 0x02E2,
        0x02E5, 0x02E8, 0x02EB, 0x02EE, 0x02F1, 0x02F4, 0x02F7, 0x02FA, 0x02FD, 0x0300, 0x0303, 0x0306, 0x0309, 0x030C, 0x030F, 0x0312,
        0x0315, 0x0318, 0x031B, 0x031E, 0x0321, 0x0324, 0x0327, 0x032A, 0x032D, 0x0330, 0x0333, 0x0336, 0x0000, 0x0000, 0x0339, 0x033C,
        0x0000, 0x0000, 0x0000, 0x0000, 0x0000, 0x0000, 0x033F, 0x0342, 0x0345, 0x0348, 0x034B, 0x034E, 0x0351, 0x0354, 0x0357, 0x035A,
        0x035D, 0x0360, 0x0363, 0x0366, 0x0000, 0x0000, 0x0000, 0x0000, 0x0000, 0x0000, 0x0000, 0x0000, 0x0000, 0x0000, 0x0000, 0x0000,
        0x0000, 0x0000, 0x0000, 0x0000, 0x0000, 0x0000, 0x0000, 0x0000, 0x0000, 0x0000, 0x0000, 0x0000, 0x0000, 0x0000, 0x0000, 0x0000,
        0x0000, 0x0000, 0x0000, 0x0000, 0x0000, 0x0000, 0x0000, 0x0000, 0x0000, 0x0000, 0x0000, 0x0000, 0x0000, 0x0000, 0x0000, 0x0000,
        0x0000, 0x0000, 0x0000, 0x0000, 0x0000, 0x0000, 0x0000, 0x0000, 0x0000, 0x0369, 0x0000, 0x0000, 0x0000, 0x0000, 0x0000, 0x0000,
        0x0000, 0x0000, 0x0000, 0x0000, 0x0000, 0x0000, 0x0000, 0x0000, 0x036B, 0x0000, 0x0000, 0x0000, 0x0000, 0x0000, 0x0000, 0x0000,
        0x0000, 0x0000, 0x0000, 0x0000, 0x0000, 0x0000, 0x0000, 0x0000, 0x0000, 0x0000, 0x0000, 0x0000, 0x0000, 0x0000, 0x0000, 0x0000,
        0x0000, 0x0000, 0x036D, 0x0000, 0x0000, 0x0000, 0x0000, 0x0000, 0x0000, 0x036F, 0x0000, 0x0000, 0x0371, 0x0000, 0x0000, 0x0000,
        0x0000, 0x0000, 0x0000, 0x0000, 0x0000, 0x0000, 0x0000, 0x0000, 0x0000, 0x0000, 0x0000, 0x0000, 0x0000, 0x0000, 0x0000, 0x0000,
        0x0373, 0x0375, 0x0377, 0x0379, 0x037B, 0x037D, 0x037F, 0x0381, 0x0383, 0x0385, 0x0387, 0x0000, 0x0389, 0x0000, 0x0000, 0x0000,
        0x0000, 0x0000, 0x0000, 0x0000, 0x038B, 0x0000, 0x038D, 0x0000, 0x038F, 0x0000, 0x0000, 0x0000, 0x0000, 0x0000, 0x0000, 0x0000,
        0x0000, 0x0000, 0x0000, 0x0000, 0x0000, 0x0000, 0x0000, 0x0000, 0x0391, 0x0394, 0x0397, 0x039A, 0x039D, 0x03A0, 0x0000, 0x0000,
        0x03A3, 0x03A5, 0x03A7, 0x03A9, 0x03AB, 0x0000, 0x0000, 0x0000, 0x0000, 0x0000, 0x0000, 0x0000, 0x0000, 0x0000, 0x0000, 0x0000,
        0x0000, 0x0000, 0x0000, 0x0000, 0x0000, 0x0000, 0x0000, 0x0000, 0x0000, 0x0000, 0x0000, 0x0000, 0x0000, 0x0000, 0x0000, 0x0000,
        0x0000, 0x03AD, 0x03AF, 0x03B1, 0x0000, 0x0000, 0x0000, 0x0000, 0x03B3, 0x0000, 0x03B5, 0x03B7, 0x0000, 0x0000, 0x03B9, 0x0000,
        0x0000, 0x0000, 0x0000, 0x0000, 0x0000, 0x0000, 0x0000, 0x0000, 0x0000, 0x0000, 0x0000, 0x0000, 0x0000, 0x0000, 0x0000, 0x0000,
        0x0000, 0x0000, 0x0000, 0x0000, 0x0000, 0x0000, 0x0000, 0x03BB, 0x0000, 0x0000, 0x0000, 0x0000, 0x0000, 0x0000, 0x0000, 0x0000,
        0x0000, 0x0000, 0x0000, 0x0000, 0x0000, 0x0000, 0x0000, 0x0000, 0x0000, 0x0000, 0x0000, 0x0000, 0x0000, 0x0000, 0x0000, 0x0000,
        0x03BD, 0x03BF, 0x0000, 0x03C1, 0x03C3, 0x0000, 0x0000, 0x0000, 0x0000, 0x0000, 0x0000, 0x0000, 0x0000, 0x0000, 0x0000, 0x0000,
        0x0000, 0x0000, 0x0000, 0x0000, 0x0000, 0x0000, 0x0000, 0x0000, 0x0000, 0x0000, 0x0000, 0x0000, 0x0000, 0x0000, 0x0000, 0x0000,
        0x0000, 0x0000, 0x0000, 0x0000, 0x0000, 0x0000, 0x0000, 0x0000, 0x0000, 0x0000, 0x0000, 0x0000, 0x0000, 0x0000, 0x0000, 0x0000,
        0x0000, 0x0000, 0x0000, 0x0000, 0x03C6, 0x03C8, 0x0000, 0x0000, 0x0000, 0x0000, 0x03CA, 0x0000, 0x0000, 0x0000, 0x03CD, 0x0000,
        0x0000, 0x0000, 0x0000, 0x0000, 0x03CF, 0x03D2, 0x03D5, 0x03D8, 0x03DA, 0x03DD, 0x03E0, 0x0000, 0x03E3, 0x0000, 0x03E6, 0x03E9,
        0x03EC, 0x03EF, 0x03F1, 0x03F3, 0x0000, 0x03F5, 0x03F7, 0x03F9, 0x0000, 0x03FB, 0x03FD, 0x0000, 0x03FF, 0x0401, 0x0000, 0x0403,
        0x0000, 0x0405, 0x0000, 0x0000, 0x0407, 0x0409, 0x0000, 0x040B, 0x0000, 0x0000, 0x040D, 0x0410, 0x0413, 0x0416, 0x0419, 0x041C,
        0x041F, 0x0000, 0x0000, 0x0000, 0x0000, 0x0000, 0x0000, 0x0000, 0x0000, 0x0000, 0x0422, 0x0000, 0x0000, 0x0000, 0x0000, 0x0424,
        0x0000, 0x0426, 0x0000, 0x0000, 0x0000, 0x0000, 0x0000, 0x0428, 0x0000, 0x0000, 0x042A, 0x042D, 0x0430, 0x0433, 0x0436, 0x0000,
        0x0439, 0x043B, 0x043D, 0x043F, 0x0442, 0x0445, 0x0447, 0x0000, 0x0000, 0x0000, 0x0000, 0x0000, 0x0000, 0x0000, 0x0000, 0x0000,
        0x0000, 0x0000, 0x0000, 0x0000, 0x0000, 0x0000, 0x0000, 0x0000, 0x0000, 0x0000, 0x0000, 0x0000, 0x0000, 0x0000, 0x0000, 0x0000,
        0x0449, 0x044B, 0x044D, 0x0000, 0x044F, 0x0451, 0x0000, 0x0000, 0x0000, 0x0453, 0x0000, 0x0000, 0x0000, 0x0000, 0x0000, 0x0000,
        0x0455, 0x0458, 0x0000, 0x045B, 0x0000, 0x045E, 0x0460, 0x0462, 0x0465, 0x0000, 0x0000, 0x0000, 0x0467, 0x046A, 0x046D, 0x0000,
        0x0470, 0x0000, 0x0472, 0x0474, 0x0000, 0x0476, 0x0000, 0x0000, 0x0000, 0x0478, 0x047B, 0x0000, 0x047D, 0x047F, 0x0481, 0x0483,
        0x0485, 0x0487, 0x0489, 0x0000, 0x048B, 0x048D, 0x0000, 0x0000, 0x0000, 0x0000, 0x0000, 0x0000, 0x0000, 0x0000, 0x0000, 0x0000,
        0x048F, 0x0000, 0x0000, 0x0000, 0x0000, 0x0491, 0x0000, 0x0000, 0x0000, 0x0493, 0x0496, 0x0000, 0x0000, 0x0000, 0x0498, 0x049A,
        0x049C, 0x049E, 0x0000, 0x04A0, 0x0000, 0x04A2, 0x0000, 0x0000, 0x0000, 0x0000, 0x0000, 0x0000, 0x0000, 0x0000, 0x0000, 0x0000,
        0x04A4, 0x04A7, 0x0000, 0x04AA, 0x0000, 0x04AD, 0x04AF, 0x04B1, 0x04B4, 0x0000, 0x0000, 0x0000, 0x04B6, 0x04B9, 0x04BC, 0x0000,
        0x0000, 0x0000, 0x0000, 0x0000, 0x0000, 0x0000, 0x0000, 0x0000, 0x0000, 0x0000, 0x0000, 0x0000, 0x0000, 0x0000, 0x0000, 0x0000,
        0x04BF, 0x04C1, 0x0000, 0x0000, 0x0000, 0x0000, 0x04C3, 0x04C6, 0x0000, 0x0000, 0x0000, 0x0000, 0x0000, 0x0000, 0x0000, 0x0000,
        0x0000, 0x0000, 0x0000, 0x0000, 0x0000, 0x0000, 0x0000, 0x0000, 0x0000, 0x0000, 0x0000, 0x0000, 0x0000, 0x0000, 0x0000, 0x0000,
        0x0000, 0x0000, 0x0000, 0x0000, 0x0000, 0x0000, 0x0000, 0x0000, 0x0000, 0x0000, 0x0000, 0x0000, 0x0000, 0x0000, 0x0000, 0x0000,
        0x0000, 0x0000, 0x0000, 0x0000, 0x0000, 0x0000, 0x0000, 0x0000, 0x0000, 0x0000, 0x0000, 0x0000, 0x0000, 0x0000, 0x04C9, 0x0000,
        0x0000, 0x0000, 0x0000, 0x0000, 0x0000, 0x0000, 0x0000, 0x0000, 0x0000, 0x0000, 0x0000, 0x0000, 0x0000, 0x0000, 0x0000, 0x0000,
        0x04CB, 0x04CD, 0x04D0, 0x0000, 0x0000, 0x0000, 0x0000, 0x0000, 0x0000, 0x0000, 0x0000, 0x0000, 0x0000, 0x0000, 0x0000, 0x0000,
        0x04D3, 0x04D6, 0x04D9, 0x04DC, 0x04DF, 0x04E1, 0x04E3, 0x04E6, 0x0000, 0x0000, 0x04E9, 0x04EC, 0x04EF, 0x04F2, 0x04F5, 0x04F8,
        0x04FB, 0x04FD, 0x04FF, 0x0502, 0x0505, 0x0508, 0x050B, 0x050E, 0x0511, 0x0513, 0x0515, 0x0518, 0x051B, 0x051E, 0x0521, 0x0524,
        0x0527, 0x052A, 0x052D, 0x0530, 0x0533, 0x0536, 0x0000, 0x0000, 0x0539, 0x053C, 0x0000, 0x0000, 0x0000, 0x0000, 0x0000, 0x0000,
        0x0000, 0x0000, 0x0000, 0x0000, 0x0000, 0x0000, 0x0000, 0x0000, 0x0000, 0x0000, 0x0000, 0x0000, 0x0000, 0x0000, 0x0000, 0x0000,
        0x0000, 0x0000, 0x0000, 0x0000, 0x0000, 0x0000, 0x0000, 0x0000, 0x0000, 0x0000, 0x0000, 0x0000, 0x0000, 0x0000, 0x0000, 0x0000,
        0x0000, 0x0000, 0x0000, 0x0000, 0x0000, 0x0000, 0x0000, 0x0000, 0x0000, 0x0000, 0x0000, 0x0000, 0x0000, 0x0000, 0x0000, 0x0000,
        0x0000, 0x0000, 0x0000, 0x0000, 0x0000, 0x0000, 0x0000, 0x0000, 0x0000, 0x0000, 0x0000, 0x0000, 0x0000, 0x0000, 0x0000, 0x0000,
        0x0000, 0x0000, 0x0000, 0x0000, 0x0000, 0x0000, 0x0000, 0x0000, 0x0000, 0x0000, 0x0000, 0x0000, 0x0000, 0x0000, 0x0000, 0x053F,
        0x0000, 0x0000, 0x0000, 0x0000, 0x0000, 0x0541, 0x0000, 0x0000, 0x0000, 0x0000, 0x0000, 0x0000, 0x0000, 0x0000, 0x0000, 0x0000,
        0x0000, 0x0000, 0x0000, 0x0000, 0x0000, 0x0000, 0x0000, 0x0000, 0x0000, 0x0000, 0x0000, 0x0000, 0x0000, 0x0000, 0x0000, 0x0000,
        0x0543, 0x0000, 0x0000, 0x0000, 0x0000, 0x0000, 0x0000, 0x0000, 0x0545, 0x0000, 0x0547, 0x0000, 0x0000, 0x0549, 0x0000, 0x0000,
        0x0000, 0x054B, 0x054D, 0x0000, 0x054F, 0x0551, 0x0000, 0x0553, 0x0000, 0x0556, 0x0000, 0x0000, 0x0000, 0x0000, 0x0000, 0x0000,
        0x0000, 0x0000, 0x0000, 0x0000, 0x0000, 0x0000, 0x0000, 0x0000, 0x0000, 0x0000, 0x0000, 0x0000, 0x0000, 0x0000, 0x0000, 0x0000,
        0x0000, 0x0000, 0x0000, 0x0000, 0x0000, 0x0000, 0x0000, 0x0000, 0x0000, 0x0000, 0x0000, 0x0000, 0x0000, 0x0000, 0x0000, 0x0000,
        0x0000, 0x0000, 0x0000, 0x0000, 0x0000, 0x0000, 0x0000, 0x0000, 0x0000, 0x0000, 0x0000, 0x0000, 0x0000, 0x0000, 0x0000, 0x0000,
        0x0000, 0x0000, 0x0000, 0x0000, 0x0000, 0x0000, 0x0000, 0x0000, 0x0000, 0x0000, 0x0000, 0x0000, 0x0000, 0x0000, 0x0000, 0x0000,
        0x0000, 0x0000, 0x0000, 0x0000, 0x0000, 0x0000, 0x0000, 0x0000, 0x0000, 0x0000, 0x0000, 0x0000, 0x0000, 0x0000, 0x0000, 0x0000,
        0x0000, 0x0000, 0x0000, 0x0000, 0x0000, 0x0000, 0x0000, 0x0000, 0x0000, 0x0000, 0x0000, 0x0000, 0x0000, 0x0000, 0x0000, 0x0000,
        0x0558, 0x055B, 0x055E, 0x0000, 0x0000, 0x0000, 0x0000, 0x0000, 0x0000, 0x0000, 0x0000, 0x0000, 0x0000, 0x0000, 0x0000, 0x0000,
        0x0000, 0x0000, 0x0000, 0x0000, 0x0000, 0x0000, 0x0000, 0x0000, 0x0000, 0x0000, 0x0000, 0x0000, 0x0561, 0x0000, 0x0000, 0x0000,
        0x0000, 0x0000, 0x0000, 0x0000, 0x0000, 0x0000, 0x0000, 0x0000, 0x0000, 0x0000, 0x0000, 0x0000, 0x0000, 0x0000, 0x0000, 0x0000,
        0x0000, 0x0563, 0x0565, 0x0568, 0x056B, 0x056E, 0x0571, 0x0574, 0x0576, 0x0578, 0x057A, 0x057C, 0x057E, 0x0580, 0x0582, 0x0584,
        0x0586, 0x0588, 0x058A, 0x058C, 0x058E, 0x0590, 0x0592, 0x0594, 0x0596, 0x0598, 0x059A, 0x0000, 0x0000, 0x0000, 0x0000, 0x0000,
        0x0000, 0x059C, 0x059E, 0x05A0, 0x05A2, 0x05A4, 0x05A6, 0x05A8, 0x05AA, 0x05AC, 0x05AE, 0x0000, 0x0000, 0x0000, 0x0000, 0x0000,
        0x0000, 0x0000, 0x0000, 0x0000, 0x0000, 0x0000, 0x0000, 0x0000, 0x0000, 0x0000, 0x0000, 0x0000, 0x0000, 0x0000, 0x0000, 0x0000,
        0x0000, 0x0000, 0x0000, 0x0000, 0x0000, 0x0000, 0x0000, 0x0000, 0x0000, 0x0000, 0x05B0, 0x0000, 0x05B2, 0x05B4, 0x0000, 0x0000,
        0x0000, 0x05B6, 0x0000, 0x0000, 0x0000, 0x05B8, 0x05BB, 0x05BE, 0x05C1, 0x05C4, 0x05C6, 0x05C8, 0x0000, 0x0000, 0x05CA, 0x05CC,
        0x05CE, 0x0000, 0x0000, 0x05D0, 0x05D2, 0x0000, 0x05D4, 0x05D6, 0x05D8, 0x0000, 0x0000, 0x0000, 0x05DA, 0x05DC, 0x05DE, 0x0000,
        0x0000, 0x05E0, 0x0000, 0x0000, 0x0000, 0x0000, 0x0000, 0x0000, 0x05E2, 0x0000, 0x0000, 0x0000, 0x0000, 0x0000, 0x0000, 0x0000,
        0x0000, 0x0000, 0x0000, 0x0000, 0x05E4, 0x0000, 0x05E6, 0x0000, 0x0000, 0x05E8, 0x0000, 0x0000, 0x0000, 0x05EA, 0x0000, 0x05EC,
        0x0000, 0x05EE, 0x0000, 0x05F0, 0x0000, 0x0000, 0x0000, 0x0000, 0x0000, 0x0000, 0x05F2, 0x05F4, 0x0000, 0x0000, 0x05F6, 0x0000,
        0x05F8, 0x05FB, 0x05FD, 0x0000, 0x0000, 0x0600, 0x0602, 0x0604, 0x0606, 0x0608, 0x0000, 0x060A, 0x060C, 0x0000, 0x0000, 0x0000,
        0x060E, 0x0000, 0x0610, 0x0612, 0x0615, 0x0000, 0x0000, 0x0000, 0x0000, 0x0000, 0x0000, 0x0000, 0x0000, 0x0000, 0x0000, 0x0000,
        0x0000, 0x0000, 0x0000, 0x0000, 0x0000, 0x0000, 0x0000, 0x0000, 0x0000, 0x0000, 0x0000, 0x0000, 0x0000, 0x0000, 0x0000, 0x0000,
        0x0000, 0x0000, 0x0000, 0x0000, 0x0000, 0x0000, 0x0000, 0x0000, 0x0000, 0x0000, 0x0000, 0x0000, 0x0000, 0x0000, 0x0000, 0x0000,
        0x0000, 0x0000, 0x0000, 0x0000, 0x0000, 0x0000, 0x0000, 0x0000, 0x0000, 0x0000, 0x0000, 0x0000, 0x0000, 0x0000, 0x0000, 0x0000,
        0x0000, 0x0000, 0x0000, 0x0000, 0x0000, 0x0000, 0x0000, 0x0000, 0x0000, 0x0000, 0x0000, 0x0000, 0x0000, 0x0000, 0x0000, 0x0000,
        0x0000, 0x0000, 0x0000, 0x0000, 0x0000, 0x0000, 0x0000, 0x0000, 0x0000, 0x0617, 0x0000, 0x0000, 0x0000, 0x0000, 0x0000, 0x0000,
        0x0000, 0x061A, 0x0000, 0x0000, 0x061D, 0x0000, 0x0000, 0x0000, 0x0000, 0x0000, 0x0000, 0x0000, 0x0000, 0x0000, 0x0000, 0x0000,
        0x0000, 0x0000, 0x0000, 0x0000, 0x0000, 0x0000, 0x0000, 0x0000, 0x0000, 0x0000, 0x0000, 0x0000, 0x0000, 0x0000, 0x0000, 0x0000,
        0x0000, 0x0000, 0x0000, 0x0000, 0x0000, 0x0000, 0x0000, 0x0000, 0x0620, 0x0623, 0x0626, 0x0629, 0x062C, 0x062F, 0x0632, 0x0635,
        0x0000, 0x0000, 0x0000, 0x0000, 0x0000, 0x0000, 0x0000, 0x0000, 0x0000, 0x0000, 0x0000, 0x0000, 0x0000, 0x0000, 0x0000, 0x0000,
        0x0000, 0x0000, 0x0000, 0x0000, 0x0000, 0x0000, 0x0000, 0x0000, 0x0000, 0x0000, 0x0000, 0x0000, 0x0000, 0x0000, 0x0000, 0x0000,
        0x0000, 0x0000, 0x0000, 0x0000, 0x0000, 0x0000, 0x0000, 0x0000, 0x0000, 0x0000, 0x0000, 0x0000, 0x0000, 0x0000, 0x0000, 0x0000,
        0x0000, 0x0000, 0x0000, 0x0000, 0x0000, 0x0000, 0x0000, 0x0000, 0x0000, 0x0000, 0x0000, 0x0000, 0x0000, 0x0000, 0x0000, 0x0000,
        0x0000, 0x0000, 0x0000, 0x0000, 0x0000, 0x0000, 0x0000, 0x0000, 0x0000, 0x0000, 0x0000, 0x0000, 0x0000, 0x0000, 0x0000, 0x0000,
        0x0000, 0x0000, 0x0000, 0x0000, 0x0000, 0x0000, 0x0000, 0x0000, 0x0000, 0x0000, 0x0000, 0x0000, 0x0000, 0x0000, 0x0000, 0x0000,
        0x0000, 0x0000, 0x0000, 0x0000, 0x0000, 0x0000, 0x0000, 0x0000, 0x0000, 0x0000, 0x0000, 0x0638, 0x063B, 0x0000, 0x0000, 0x0000,
        0x0000, 0x0000, 0x0000, 0x0000, 0x0000, 0x0000, 0x0000, 0x0000, 0x0000, 0x0000, 0x0000, 0x0000, 0x063E, 0x0641, 0x0000, 0x0644,
        0x0000, 0x0000, 0x0000, 0x0000, 0x0000, 0x0000, 0x0000, 0x0000, 0x0000, 0x0000, 0x0000, 0x0000, 0x0000, 0x0000, 0x0000, 0x0000,
        0x0000, 0x0000, 0x0000, 0x0000, 0x0000, 0x0000, 0x0000, 0x0000, 0x0000, 0x0000, 0x0000, 0x0000, 0x0000, 0x0000, 0x0000, 0x0000,
        0x0000, 0x0000, 0x0000, 0x0000, 0x0000, 0x0000, 0x0000, 0x0000, 0x0000, 0x0000, 0x0000, 0x0000, 0x0000, 0x0000, 0x0000, 0x0000,
        0x0000, 0x0000, 0x0000, 0x0000, 0x0000, 0x0000, 0x0000, 0x0000, 0x0000, 0x0000, 0x0000, 0x0000, 0x0000, 0x0000, 0x0000, 0x0000,
        0x0000, 0x0000, 0x0000, 0x0000, 0x0000, 0x0000, 0x0000, 0x0000, 0x0000, 0x0000, 0x0000, 0x0000, 0x0000, 0x0000, 0x0000, 0x0000,
        0x0000, 0x0000, 0x0000, 0x0647, 0x0000, 0x0000, 0x064A, 0x0000, 0x0000, 0x0000, 0x0000, 0x0000, 0x0000, 0x0000, 0x0000, 0x0000,
        0x0000, 0x0000, 0x0000, 0x0000, 0x0000, 0x0000, 0x0000, 0x0000, 0x0000, 0x0000, 0x0000, 0x0000, 0x0000, 0x0000, 0x0000, 0x0000,
        0x0000, 0x0000, 0x0000, 0x0000, 0x0000, 0x0000, 0x0000, 0x0000, 0x0000, 0x064D, 0x0650, 0x0653, 0x0000, 0x0000, 0x0656, 0x0000,
        0x0000, 0x0000, 0x0000, 0x0000, 0x0000, 0x0000, 0x0000, 0x0000, 0x0000, 0x0000, 0x0000, 0x0000, 0x0000, 0x0000, 0x0000, 0x0000,
        0x0000, 0x0000, 0x0000, 0x0000, 0x0000, 0x0000, 0x0000, 0x0000, 0x0000, 0x0000, 0x0000, 0x0000, 0x0000, 0x0000, 0x0000, 0x0000,
        0x0000, 0x0000, 0x0000, 0x0000, 0x0000, 0x0000, 0x0000, 0x0000, 0x0000, 0x0000, 0x0000, 0x0000, 0x0000, 0x0000, 0x0000, 0x0000,
        0x0000, 0x0000, 0x0000, 0x0000, 0x0000, 0x0000, 0x0000, 0x0000, 0x0000, 0x0000, 0x0000, 0x0000, 0x0000, 0x0000, 0x0000, 0x0000,
        0x0000, 0x0000, 0x0000, 0x0000, 0x0000, 0x0000, 0x0000, 0x0000, 0x0000, 0x0000, 0x0000, 0x0000, 0x0000, 0x0000, 0x0000, 0x0000,
        0x0000, 0x0000, 0x0000, 0x0000, 0x0000, 0x0000, 0x0000, 0x0000, 0x0000, 0x0000, 0x0000, 0x0000, 0x0000, 0x0000, 0x0000, 0x0000,
        0x0000, 0x0000, 0x0000, 0x0000, 0x0000, 0x0000, 0x0000, 0x0000, 0x0659, 0x0000, 0x0000, 0x065C, 0x065F, 0x0000, 0x0000, 0x0000,
        0x0000, 0x0000, 0x0000, 0x0000, 0x0000, 0x0000, 0x0000, 0x0000, 0x0000, 0x0000, 0x0000, 0x0000, 0x0662, 0x0665, 0x0000, 0x0000,
        0x0000, 0x0000, 0x0000, 0x0000, 0x0000, 0x0000, 0x0000, 0x0000, 0x0000, 0x0000, 0x0000, 0x0000, 0x0000, 0x0000, 0x0000, 0x0000,
        0x0000, 0x0000, 0x0000, 0x0000, 0x0000, 0x0000, 0x0000, 0x0000, 0x0000, 0x0000, 0x0000, 0x0000, 0x0000, 0x0000, 0x0000, 0x0000,
        0x0000, 0x0000, 0x0000, 0x0000, 0x0000, 0x0000, 0x0000, 0x0000, 0x0000, 0x0000, 0x0000, 0x0000, 0x0000, 0x0000, 0x0000, 0x0000,
        0x0000, 0x0000, 0x0000, 0x0000, 0x0668, 0x0000, 0x0000, 0x0000, 0x0000, 0x0000, 0x0000, 0x0000, 0x0000, 0x0000, 0x0000, 0x0000,
        0x0000, 0x0000, 0x0000, 0x0000, 0x0000, 0x0000, 0x0000, 0x0000, 0x0000, 0x0000, 0x0000, 0x0000, 0x0000, 0x0000, 0x0000, 0x0000,
        0x0000, 0x0000, 0x0000, 0x0000, 0x0000, 0x0000, 0x0000, 0x0000, 0x0000, 0x0000, 0x0000, 0x0000, 0x0000, 0x0000, 0x0000, 0x0000,
        0x0000, 0x0000, 0x0000, 0x0000, 0x0000, 0x0000, 0x0000, 0x0000, 0x0000, 0x0000, 0x066B, 0x066E, 0x0671, 0x0000, 0x0000, 0x0000,
        0x0000, 0x0000, 0x0000, 0x0000, 0x0000, 0x0000, 0x0000, 0x0000, 0x0000, 0x0000, 0x0000, 0x0000, 0x0000, 0x0000, 0x0000, 0x0000,
        0x0000, 0x0000, 0x0000, 0x0000, 0x0000, 0x0000, 0x0000, 0x0000, 0x0000, 0x0000, 0x0000, 0x0000, 0x0000, 0x0000, 0x0000, 0x0000,
        0x0000, 0x0000, 0x0000, 0x0000, 0x0000, 0x0000, 0x0000, 0x0000, 0x0000, 0x0000, 0x0000, 0x0000, 0x0000, 0x0000, 0x0000, 0x0000,
        0x0000, 0x0000, 0x0000, 0x0000, 0x0000, 0x0000, 0x0000, 0x0000, 0x0000, 0x0000, 0x0000, 0x0000, 0x0000, 0x0000, 0x0000, 0x0000,
        0x0000, 0x0000, 0x0000, 0x0000, 0x0000, 0x0000, 0x0000, 0x0000, 0x0000, 0x0000, 0x0000, 0x0000, 0x0000, 0x0000, 0x0000, 0x0000,
        0x0000, 0x0000, 0x0000, 0x0000, 0x0000, 0x0000, 0x0000, 0x0000, 0x0000, 0x0000, 0x0000, 0x0000, 0x0000, 0x0000, 0x0000, 0x0000,
        0x0000, 0x0000, 0x0000, 0x0000, 0x0000, 0x0000, 0x0000, 0x0000, 0x0000, 0x0000, 0x0000, 0x0000, 0x0000, 0x0000, 0x0000, 0x0000,
        0x0000, 0x0000, 0x0000, 0x0000, 0x0000, 0x0000, 0x0000, 0x0000, 0x0674, 0x0000, 0x0000, 0x0000, 0x0000, 0x0000, 0x0000, 0x0000,
        0x0000, 0x0000, 0x0000, 0x0000, 0x0000, 0x0000, 0x0000, 0x0000, 0x0000, 0x0000, 0x0000, 0x0000, 0x0000, 0x0000, 0x0000, 0x0000,
        0x0000, 0x0000, 0x0000, 0x0000, 0x0000, 0x0000, 0x0000, 0x0000, 0x0000, 0x0000, 0x0000, 0x0000, 0x0000, 0x0000, 0x0000, 0x0000,
        0x0000, 0x0000, 0x0000, 0x0000, 0x0000, 0x0000, 0x0000, 0x0000, 0x0000, 0x0000, 0x0000, 0x0000, 0x0000, 0x0000, 0x0000, 0x0000,
        0x0000, 0x0000, 0x0000, 0x0000, 0x0000, 0x0000, 0x0000, 0x0000, 0x0000, 0x0000, 0x0000, 0x0000, 0x0000, 0x0000, 0x0000, 0x0000,
        0x0000, 0x0000, 0x0000, 0x0000, 0x0000, 0x0000, 0x0000, 0x0000, 0x0000, 0x0000, 0x0000, 0x0000, 0x0000, 0x0000, 0x0000, 0x0000,
        0x0000, 0x0000, 0x0000, 0x0000, 0x0000, 0x0000, 0x0000, 0x0000, 0x0000, 0x0000, 0x0000, 0x0000, 0x0000, 0x0000, 0x0000, 0x0000,
        0x0000, 0x0000, 0x0000, 0x0000, 0x0000, 0x0000, 0x0000, 0x0000, 0x0000, 0x0000, 0x0000, 0x0000, 0x0000, 0x0000, 0x0000, 0x0000,
        0x0677, 0x0000, 0x0000, 0x0000, 0x0000, 0x0000, 0x0000, 0x067A, 0x067D, 0x0000, 0x0680, 0x0683, 0x0000, 0x0000, 0x0000, 0x0000,
        0x0000, 0x0000, 0x0000, 0x0000, 0x0000, 0x0000, 0x0000, 0x0000, 0x0000, 0x0000, 0x0000, 0x0000, 0x0000, 0x0000, 0x0000, 0x0000,
        0x0000, 0x0000, 0x0000, 0x0000, 0x0000, 0x0000, 0x0000, 0x0000, 0x0000, 0x0000, 0x0000, 0x0000, 0x0000, 0x0000, 0x0000, 0x0000,
        0x0000, 0x0000, 0x0000, 0x0000, 0x0000, 0x0000, 0x0000, 0x0000, 0x0000, 0x0000, 0x0000, 0x0000, 0x0000, 0x0000, 0x0000, 0x0000,
        0x0000, 0x0000, 0x0000, 0x0000, 0x0000, 0x0000, 0x0000, 0x0000, 0x0000, 0x0000, 0x0000, 0x0000, 0x0000, 0x0000, 0x0000, 0x0000,
        0x0000, 0x0000, 0x0000, 0x0000, 0x0000, 0x0000, 0x0000, 0x0000, 0x0000, 0x0000, 0x0000, 0x0000, 0x0000, 0x0000, 0x0000, 0x0000,
        0x0000, 0x0000, 0x0000, 0x0000, 0x0000, 0x0000, 0x0000, 0x0000, 0x0000, 0x0000, 0x0000, 0x0000, 0x0000, 0x0000, 0x0000, 0x0000,
        0x0000, 0x0000, 0x0000, 0x0000, 0x0000, 0x0000, 0x0000, 0x0000, 0x0000, 0x0000, 0x0000, 0x0000, 0x0000, 0x0000, 0x0000, 0x0000,
        0x0000, 0x0000, 0x0000, 0x0000, 0x0000, 0x0000, 0x0000, 0x0000, 0x0000, 0x0000, 0x0686, 0x0689, 0x068C, 0x0000, 0x0000, 0x0000,
        0x0000, 0x0000, 0x0000, 0x0000, 0x0000, 0x0000, 0x0000, 0x0000, 0x0000, 0x0000, 0x0000, 0x0000, 0x0000, 0x0000, 0x0000, 0x0000,
        0x0000, 0x0000, 0x0000, 0x0000, 0x0000, 0x0000, 0x0000, 0x0000, 0x0000, 0x0000, 0x0000, 0x0000, 0x0000, 0x0000, 0x0000, 0x0000,
        0x0000, 0x0000, 0x0000, 0x0000, 0x0000, 0x0000, 0x0000, 0x0000, 0x0000, 0x0000, 0x0000, 0x0000, 0x0000, 0x0000, 0x0000, 0x0000,
        0x0000, 0x0000, 0x0000, 0x0000, 0x0000, 0x0000, 0x0000, 0x0000, 0x0000, 0x0000, 0x0000, 0x0000, 0x0000, 0x0000, 0x0000, 0x0000,
        0x0000, 0x0000, 0x0000, 0x0000, 0x0000, 0x0000, 0x0000, 0x0000, 0x0000, 0x0000, 0x0000, 0x0000, 0x0000, 0x0000, 0x0000, 0x0000,
        0x0000, 0x0000, 0x0000, 0x0000, 0x0000, 0x0000, 0x0000, 0x0000, 0x0000, 0x0000, 0x0000, 0x0000, 0x0000, 0x0000, 0x0000, 0x0000,
        0x0000, 0x0000, 0x0000, 0x0000, 0x0000, 0x0000, 0x0000, 0x0000, 0x0000, 0x0000, 0x0000, 0x0000, 0x0000, 0x0000, 0x0000, 0x0000,
        0x0000, 0x0000, 0x0000, 0x0000, 0x0000, 0x0000, 0x0000, 0x0000, 0x0000, 0x0000, 0x0000, 0x0000, 0x0000, 0x0000, 0x0000, 0x0000,
        0x0000, 0x0000, 0x0000, 0x0000, 0x0000, 0x0000, 0x0000, 0x0000, 0x0000, 0x0000, 0x068F, 0x0000, 0x0692, 0x0695, 0x0698, 0x0000,
        0x0000, 0x0000, 0x0000, 0x0000, 0x0000, 0x0000, 0x0000, 0x0000, 0x0000, 0x0000, 0x0000, 0x0000, 0x0000, 0x0000, 0x0000, 0x0000,
        0x0000, 0x0000, 0x0000, 0x0000, 0x0000, 0x0000, 0x0000, 0x0000, 0x0000, 0x0000, 0x0000, 0x0000, 0x0000, 0x0000, 0x0000, 0x0000,
        0x0000, 0x0000, 0x0000, 0x0000, 0x0000, 0x0000, 0x0000, 0x0000, 0x0000, 0x0000, 0x0000, 0x0000, 0x0000, 0x0000, 0x0000, 0x0000,
        0x0000, 0x0000, 0x0000, 0x0000, 0x0000, 0x0000, 0x0000, 0x0000, 0x0000, 0x0000, 0x0000, 0x0000, 0x0000, 0x0000, 0x0000, 0x0000,
        0x0000, 0x0000, 0x0000, 0x0000, 0x0000, 0x0000, 0x0000, 0x0000, 0x0000, 0x0000, 0x0000, 0x0000, 0x0000, 0x0000, 0x0000, 0x0000,
        0x0000, 0x0000, 0x0000, 0x069B, 0x0000, 0x0000, 0x0000, 0x0000, 0x0000, 0x0000, 0x0000, 0x0000, 0x0000, 0x0000, 0x0000, 0x0000,
        0x0000, 0x0000, 0x0000, 0x0000, 0x0000, 0x0000, 0x0000, 0x0000, 0x0000, 0x0000, 0x0000, 0x0000, 0x0000, 0x0000, 0x0000, 0x0000,
        0x0000, 0x0000, 0x0000, 0x0000, 0x0000, 0x0000, 0x0000, 0x0000, 0x0000, 0x0000, 0x0000, 0x0000, 0x0000, 0x0000, 0x0000, 0x0000,
        0x0000, 0x0000, 0x0000, 0x0000, 0x0000, 0x0000, 0x0000, 0x0000, 0x0000, 0x0000, 0x0000, 0x0000, 0x0000, 0x0000, 0x0000, 0x0000,
        0x0000, 0x0000, 0x0000, 0x0000, 0x0000, 0x0000, 0x0000, 0x0000, 0x0000, 0x0000, 0x0000, 0x0000, 0x0000, 0x0000, 0x0000, 0x0000,
        0x0000, 0x0000, 0x0000, 0x0000, 0x0000, 0x0000, 0x0000, 0x0000, 0x0000, 0x0000, 0x0000, 0x0000, 0x0000, 0x0000, 0x0000, 0x0000,
        0x0000, 0x0000, 0x0000, 0x0000, 0x0000, 0x0000, 0x0000, 0x0000, 0x0000, 0x0000, 0x0000, 0x0000, 0x0000, 0x0000, 0x0000, 0x0000,
        0x0000, 0x0000, 0x0000, 0x0000, 0x0000, 0x0000, 0x0000, 0x0000, 0x0000, 0x0000, 0x0000, 0x0000, 0x0000, 0x0000, 0x0000, 0x0000,
        0x0000, 0x0000, 0x0000, 0x069E, 0x0000, 0x0000, 0x0000, 0x0000, 0x0000, 0x0000, 0x0000, 0x0000, 0x0000, 0x0000, 0x0000, 0x0000,
        0x0000, 0x0000, 0x0000, 0x0000, 0x0000, 0x0000, 0x0000, 0x0000, 0x0000, 0x0000, 0x0000, 0x0000, 0x0000, 0x0000, 0x0000, 0x0000,
        0x0000, 0x0000, 0x0000, 0x0000, 0x0000, 0x0000, 0x0000, 0x0000, 0x0000, 0x0000, 0x0000, 0x0000, 0x06A1, 0x06A4, 0x0000, 0x0000,
        0x0000, 0x0000, 0x0000, 0x0000, 0x0000, 0x0000, 0x0000, 0x0000, 0x0000, 0x0000, 0x0000, 0x0000, 0x0000, 0x0000, 0x0000, 0x0000,
        0x0000, 0x0000, 0x0000, 0x0000, 0x0000, 0x0000, 0x0000, 0x0000, 0x0000, 0x0000, 0x0000, 0x0000, 0x0000, 0x0000, 0x0000, 0x0000,
        0x0000, 0x0000, 0x0000, 0x0000, 0x0000, 0x0000, 0x0000, 0x0000, 0x0000, 0x0000, 0x0000, 0x0000, 0x06A7, 0x0000, 0x0000, 0x0000,
        0x0000, 0x0000, 0x0000, 0x0000, 0x0000, 0x0000, 0x0000, 0x0000, 0x0000, 0x0000, 0x0000, 0x0000, 0x0000, 0x0000, 0x0000, 0x0000,
        0x0000, 0x0000, 0x0000, 0x0000, 0x0000, 0x0000, 0x0000, 0x0000, 0x0000, 0x0000, 0x0000, 0x0000, 0x0000, 0x0000, 0x0000, 0x0000,
        0x0000, 0x0000, 0x0000, 0x0000, 0x0000, 0x0000, 0x0000, 0x0000, 0x0000, 0x0000, 0x0000, 0x0000, 0x0000, 0x0000, 0x0000, 0x0000,
        0x0000, 0x0000, 0x0000, 0x06A9, 0x0000, 0x0000, 0x0000, 0x0000, 0x0000, 0x0000, 0x0000, 0x0000, 0x0000, 0x06AC, 0x0000, 0x0000,
        0x0000, 0x0000, 0x06AF, 0x0000, 0x0000, 0x0000, 0x0000, 0x06B2, 0x0000, 0x0000, 0x0000, 0x0000, 0x06B5, 0x0000, 0x0000, 0x0000,
        0x0000, 0x0000, 0x0000, 0x0000, 0x0000, 0x0000, 0x0000, 0x0000, 0x0000, 0x06B8, 0x0000, 0x0000, 0x0000, 0x0000, 0x0000, 0x0000,
        0x0000, 0x0000, 0x0000, 0x06BB, 0x0000, 0x06BE, 0x06C1, 0x06C4, 0x06C7, 0x06CA, 0x0000, 0x0000, 0x0000, 0x0000, 0x0000, 0x0000,
        0x0000, 0x06CD, 0x0000, 0x0000, 0x0000, 0x0000, 0x0000, 0x0000, 0x0000, 0x0000, 0x0000, 0x0000, 0x0000, 0x0000, 0x0000, 0x0000,
        0x0000, 0x0000, 0x0000, 0x06D0, 0x0000, 0x0000, 0x0000, 0x0000, 0x0000, 0x0000, 0x0000, 0x0000, 0x0000, 0x06D3, 0x0000, 0x0000,
        0x0000, 0x0000, 0x06D6, 0x0000, 0x0000, 0x0000, 0x0000, 0x06D9, 0x0000, 0x0000, 0x0000, 0x0000, 0x06DC, 0x0000, 0x0000, 0x0000,
        0x0000, 0x0000, 0x0000, 0x0000, 0x0000, 0x0000, 0x0000, 0x0000, 0x0000, 0x06DF, 0x0000, 0x0000, 0x0000, 0x0000, 0x0000, 0x0000,
        0x0000, 0x0000, 0x0000, 0x0000, 0x0000, 0x0000, 0x0000, 0x0000, 0x0000, 0x0000, 0x0000, 0x0000, 0x0000, 0x0000, 0x0000, 0x0000,
        0x0000, 0x0000, 0x0000, 0x0000, 0x0000, 0x0000, 0x0000, 0x0000, 0x0000, 0x0000, 0x0000, 0x0000, 0x0000, 0x0000, 0x0000, 0x0000,
        0x0000, 0x0000, 0x0000, 0x0000, 0x0000, 0x0000, 0x0000, 0x0000, 0x0000, 0x0000, 0x0000, 0x0000, 0x0000, 0x0000, 0x0000, 0x0000,
        0x0000, 0x0000, 0x0000, 0x0000, 0x0000, 0x0000, 0x0000, 0x0000, 0x0000, 0x0000, 0x0000, 0x0000, 0x0000, 0x0000, 0x0000, 0x0000,
        0x0000, 0x0000, 0x0000, 0x0000, 0x0000, 0x0000, 0x0000, 0x0000, 0x0000, 0x0000, 0x0000, 0x0000, 0x0000, 0x0000, 0x0000, 0x0000,
        0x0000, 0x0000, 0x0000, 0x0000, 0x0000, 0x0000, 0x0000, 0x0000, 0x0000, 0x0000, 0x0000, 0x0000, 0x0000, 0x0000, 0x0000, 0x0000,
        0x0000, 0x0000, 0x0000, 0x0000, 0x0000, 0x0000, 0x06E2, 0x0000, 0x0000, 0x0000, 0x0000, 0x0000, 0x0000, 0x0000, 0x0000, 0x0000,
        0x0000, 0x0000, 0x0000, 0x0000, 0x0000, 0x0000, 0x0000, 0x0000, 0x0000, 0x0000, 0x0000, 0x0000, 0x0000, 0x0000, 0x0000, 0x0000,
        0x0000, 0x0000, 0x0000, 0x0000, 0x0000, 0x0000, 0x0000, 0x0000, 0x0000, 0x0000, 0x0000, 0x0000, 0x0000, 0x0000, 0x0000, 0x0000,
        0x0000, 0x0000, 0x0000, 0x0000, 0x0000, 0x0000, 0x0000, 0x0000, 0x0000, 0x0000, 0x0000, 0x0000, 0x0000, 0x0000, 0x0000, 0x0000,
        0x0000, 0x0000, 0x0000, 0x0000, 0x0000, 0x0000, 0x0000, 0x0000, 0x0000, 0x0000, 0x0000, 0x0000, 0x0000, 0x0000, 0x0000, 0x0000,
        0x0000, 0x0000, 0x0000, 0x0000, 0x0000, 0x0000, 0x0000, 0x0000, 0x0000, 0x0000, 0x0000, 0x0000, 0x0000, 0x0000, 0x0000, 0x0000,
        0x0000, 0x0000, 0x0000, 0x0000, 0x0000, 0x0000, 0x0000, 0x0000, 0x0000, 0x0000, 0x0000, 0x0000, 0x0000, 0x0000, 0x0000, 0x0000,
        0x0000, 0x0000, 0x0000, 0x0000, 0x0000, 0x0000, 0x0000, 0x0000, 0x0000, 0x0000, 0x0000, 0x0000, 0x0000, 0x0000, 0x0000, 0x0000,
        0x0000, 0x0000, 0x0000, 0x0000, 0x0000, 0x0000, 0x0000, 0x0000, 0x0000, 0x0000, 0x0000, 0x0000, 0x0000, 0x0000, 0x0000, 0x0000,
        0x0000, 0x0000, 0x0000, 0x0000, 0x0000, 0x0000, 0x0000, 0x0000, 0x0000, 0x0000, 0x0000, 0x0000, 0x0000, 0x0000, 0x0000, 0x0000,
        0x0000, 0x0000, 0x0000, 0x0000, 0x0000, 0x0000, 0x0000, 0x0000, 0x0000, 0x0000, 0x0000, 0x0000, 0x0000, 0x0000, 0x0000, 0x0000,
        0x0000, 0x0000, 0x0000, 0x0000, 0x0000, 0x0000, 0x0000, 0x0000, 0x0000, 0x0000, 0x0000, 0x0000, 0x0000, 0x0000, 0x0000, 0x0000,
        0x0000, 0x0000, 0x0000, 0x0000, 0x0000, 0x0000, 0x0000, 0x0000, 0x0000, 0x0000, 0x0000, 0x0000, 0x0000, 0x0000, 0x0000, 0x0000,
        0x0000, 0x0000, 0x0000, 0x0000, 0x0000, 0x0000, 0x0000, 0x0000, 0x0000, 0x0000, 0x0000, 0x0000, 0x06E5, 0x0000, 0x0000, 0x0000,
        0x0000, 0x06E7, 0x0000, 0x0000, 0x06EA, 0x0000, 0x0000, 0x0000, 0x06ED, 0x0000, 0x06F0, 0x0000, 0x0000, 0x06F3, 0x0000, 0x0000,
        0x0000, 0x0000, 0x0000, 0x06F6, 0x06F9, 0x06FC, 0x06FF, 0x0702, 0x0705, 0x0708, 0x070B, 0x070E, 0x0711, 0x0714, 0x0717, 0x071A,
        0x071D, 0x0720, 0x0723, 0x0727, 0x072B, 0x072F, 0x0733, 0x0737, 0x073A, 0x073D, 0x0740, 0x0743, 0x0746, 0x074A, 0x074D, 0x0750,
        0x0753, 0x0756, 0x0759, 0x075C, 0x0760, 0x0764, 0x0767, 0x076A, 0x076D, 0x0770, 0x0773, 0x0776, 0x0000, 0x0779, 0x0000, 0x077C,
        0x0000, 0x077F, 0x0782, 0x0785, 0x0788, 0x078B, 0x078E, 0x0791, 0x0794, 0x0797, 0x079A, 0x079D, 0x0000, 0x07A0, 0x0000, 0x07A3,
        0x0000, 0x07A6, 0x07A9, 0x07AC, 0x0000, 0x0000, 0x07AF, 0x07B2, 0x07B5, 0x0000, 0x0000, 0x0000, 0x0000, 0x0000, 0x0000, 0x0000,
        0x0000, 0x0000, 0x07B8, 0x0000, 0x07BB, 0x0000, 0x07BE, 0x0000, 0x07C1, 0x0000, 0x07C4, 0x07C7, 0x07CA, 0x0000, 0x0000, 0x07CD,
        0x07D0, 0x07D3, 0x0000, 0x0000, 0x07D6, 0x0000, 0x07D9, 0x07DC, 0x07DF, 0x07E2, 0x07E5, 0x07E8, 0x07EB, 0x07EE, 0x07F1, 0x07F4,
        0x07F7, 0x07FA, 0x07FD, 0x0800, 0x0803, 0x0806, 0x0809, 0x080C, 0x080F, 0x0812, 0x0815, 0x0818, 0x081C, 0x081F, 0x0822, 0x0825,
        0x0828, 0x082B, 0x082E, 0x0831, 0x0834, 0x0837, 0x083A, 0x083D, 0x0840, 0x0843, 0x0846, 0x0849, 0x084C, 0x084F, 0x0000, 0x0852,
        0x0855, 0x0858, 0x085B, 0x0000, 0x0000, 0x0000, 0x0000, 0x0000, 0x085E, 0x0860, 0x0863, 0x0866, 0x0868, 0x086B, 0x086E, 0x0870,
        0x0872, 0x0875, 0x0878, 0x087B, 0x087E, 0x0881, 0x0884, 0x0887, 0x0889, 0x088B, 0x088E, 0x0890, 0x0893, 0x0895, 0x0897, 0x0899,
        0x089B, 0x089D, 0x089F, 0x08A1, 0x08A4, 0x08A8, 0x08AB, 0x08AE, 0x08B1, 0x08B4, 0x08B7, 0x08BA, 0x08BD, 0x08C1, 0x08C4, 0x08C7,
        0x08CB, 0x08CE, 0x08D2, 0x08D6, 0x08DA, 0x08DE, 0x08E1, 0x08E5, 0x08E8, 0x08EB, 0x08EE, 0x08F1, 0x08F4, 0x08F7, 0x08FA, 0x08FE,
        0x0901, 0x0904, 0x0907, 0x090A, 0x090D, 0x0910, 0x0913, 0x0916, 0x0919, 0x091C, 0x091F, 0x0922, 0x0924, 0x0927, 0x092B, 0x092E,
        0x0931, 0x0933, 0x0936, 0x0939, 0x093C, 0x093F, 0x0942, 0x0945, 0x0948, 0x094B, 0x0000, 0x0000, 0x0000, 0x0000, 0x0000, 0x0000,
        0x0000, 0x0000, 0x0000, 0x0000, 0x0000, 0x0000, 0x0000, 0x0000, 0x0000, 0x0000, 0x0000, 0x0000, 0x0000, 0x0000, 0x0000, 0x0000,
        0x0000, 0x0000, 0x0000, 0x0000, 0x0000, 0x0000, 0x0000, 0x0000, 0x0000, 0x0000, 0x0000, 0x0000, 0x0000, 0x0000, 0x0000, 0x0000,
        0x094D, 0x094F, 0x0951, 0x0000, 0x0000, 0x0000, 0x0000, 0x0000, 0x0000, 0x0953, 0x0955, 0x0957, 0x0959, 0x0000, 0x0000, 0x0000,
        0x0000, 0x095B, 0x0000, 0x095D, 0x0000, 0x0000, 0x0000, 0x095F, 0x0000, 0x0000, 0x0000, 0x0961, 0x0000, 0x0000, 0x0963, 0x0000,
        0x0965, 0x0000, 0x0967, 0x0969, 0x0000, 0x0000, 0x0000, 0x0000, 0x0000, 0x0000, 0x0000, 0x0000, 0x0000, 0x0000, 0x0000, 0x096B,
        0x0000, 0x0000, 0x0000, 0x0000, 0x0000, 0x0000, 0x0000, 0x0000, 0x0000, 0x096D, 0x096F, 0x0000, 0x0000, 0x0000, 0x0971, 0x0973,
        0x0000, 0x0000, 0x0975, 0x0000, 0x0000, 0x0000, 0x0977, 0x0000, 0x0000, 0x0000, 0x0000, 0x0000, 0x0000, 0x0000, 0x0000, 0x0000,
        0x0000, 0x0000, 0x0000, 0x0000, 0x0979, 0x0000, 0x0000, 0x0000, 0x0000, 0x0000, 0x0000, 0x0000, 0x0000, 0x0000, 0x0000, 0x0000,
        0x0000, 0x0000, 0x0000, 0x0000, 0x0000, 0x0000, 0x097B, 0x0000, 0x097E, 0x0000, 0x0981, 0x0000, 0x0984, 0x0000, 0x0987, 0x0000,
        0x0000, 0x0000, 0x098A, 0x0000, 0x0000, 0x0000, 0x0000, 0x0000, 0x0000, 0x0000, 0x0000, 0x0000, 0x0000, 0x0000, 0x0000, 0x0000,
        0x0000, 0x0000, 0x0000, 0x0000, 0x0000, 0x0000, 0x0000, 0x0000, 0x0000, 0x0000, 0x0000, 0x0000, 0x0000, 0x0000, 0x0000, 0x0000,
        0x0000, 0x0000, 0x0000, 0x0000, 0x0000, 0x0000, 0x0000, 0x0000, 0x0000, 0x0000, 0x0000, 0x098D, 0x0000, 0x0990, 0x0000, 0x0000,
        0x0993, 0x0996, 0x0000, 0x0999, 0x0000, 0x0000, 0x0000, 0x0000, 0x0000, 0x0000, 0x0000, 0x0000, 0x0000, 0x0000, 0x0000, 0x0000,
        0x0000, 0x0000, 0x0000, 0x0000, 0x0000, 0x0000, 0x0000, 0x0000, 0x0000, 0x0000, 0x0000, 0x0000, 0x0000, 0x0000, 0x0000, 0x0000,
        0x0000, 0x0000, 0x0000, 0x0000, 0x0000, 0x0000, 0x0000, 0x0000, 0x0000, 0x0000, 0x0000, 0x0000, 0x0000, 0x0000, 0x0000, 0x0000,
        0x0000, 0x0000, 0x0000, 0x0000, 0x0000, 0x0000, 0x0000, 0x0000, 0x0000, 0x0000, 0x0000, 0x0000, 0x0000, 0x0000, 0x0000, 0x0000,
        0x0000, 0x0000, 0x0000, 0x0000, 0x0000, 0x0000, 0x0000, 0x0000, 0x0000, 0x0000, 0x0000, 0x0000, 0x0000, 0x0000, 0x0000, 0x0000,
        0x0000, 0x0000, 0x0000, 0x0000, 0x0000, 0x0000, 0x0000, 0x0000, 0x0000, 0x0000, 0x0000, 0x0000, 0x0000, 0x0000, 0x0000, 0x0000,
        0x0000, 0x0000, 0x0000, 0x0000, 0x0000, 0x0000, 0x0000, 0x0000, 0x0000, 0x0000, 0x0000, 0x0000, 0x099C, 0x099E, 0x09A0, 0x0000,
        0x09A2, 0x09A4, 0x09A6, 0x09A8, 0x09AA, 0x09AC, 0x09AE, 0x09B0, 0x09B2, 0x09B4, 0x09B6, 0x0000, 0x09B8, 0x09BA, 0x09BC, 0x09BE,
        0x09C0, 0x09C2, 0x09C4, 0x09C6, 0x09C8, 0x09CA, 0x09CC, 0x09CE, 0x09D0, 0x09D2, 0x09D4, 0x09D6, 0x09D8, 0x09DA, 0x0000, 0x09DC,
        0x09DE, 0x09E0, 0x09E2, 0x09E4, 0x09E6, 0x09E8, 0x09EA, 0x09EC, 0x09EE, 0x09F0, 0x09F2, 0x09F4, 0x09F6, 0x09F8, 0x09FA, 0x09FC,
        0x09FE, 0x0A00, 0x0A02, 0x0A04, 0x0A06, 0x0A08, 0x0A0A, 0x0A0C, 0x0A0E, 0x0A10, 0x0A12, 0x0000, 0x0000, 0x0000, 0x0000, 0x0000,
        0x0000, 0x0000, 0x0000, 0x0000, 0x0000, 0x0000, 0x0000, 0x0000, 0x0A14, 0x0000, 0x0000, 0x0000, 0x0000, 0x0000, 0x0000, 0x0000,
        0x0000, 0x0000, 0x0000, 0x0000, 0x0000, 0x0000, 0x0000, 0x0000, 0x0000, 0x0000, 0x0000, 0x0000, 0x0000, 0x0000, 0x0000, 0x0000,
        0x0000, 0x0000, 0x0000, 0x0000, 0x0000, 0x0000, 0x0000, 0x0000, 0x0000, 0x0000, 0x0000, 0x0A16, 0x0A18, 0x0A1A, 0x0A1C, 0x0A1E,
        0x0A20, 0x0A22, 0x0A24, 0x0A26, 0x0A28, 0x0A2A, 0x0A2C, 0x0A2E, 0x0A30, 0x0A32, 0x0A34, 0x0A36, 0x0A38, 0x0A3A, 0x0A3C, 0x0A3E,
        0x0A40, 0x0A42, 0x0A44, 0x0A46, 0x0A48, 0x0A4A, 0x0A4C, 0x0A4E, 0x0A50, 0x0A52, 0x0A54, 0x0A56, 0x0A58, 0x0A5A, 0x0A5C, 0x0A5E,
        0x0000, 0x0000, 0x0000, 0x0000, 0x0000, 0x0000, 0x0000, 0x0000, 0x0000, 0x0000, 0x0000, 0x0000, 0x0000, 0x0000, 0x0000, 0x0000,
        0x0000, 0x0000, 0x0000, 0x0000, 0x0000, 0x0000, 0x0000, 0x0000, 0x0000, 0x0000, 0x0000, 0x0000, 0x0000, 0x0000, 0x0000, 0x0000,
        0x0000, 0x0000, 0x0000, 0x0000, 0x0000, 0x0000, 0x0000, 0x0000, 0x0000, 0x0000, 0x0000, 0x0000, 0x0000, 0x0000, 0x0000, 0x0000,
        0x0000, 0x0000, 0x0000, 0x0000, 0x0000, 0x0000, 0x0000, 0x0000, 0x0000, 0x0000, 0x0000, 0x0000, 0x0000, 0x0000, 0x0000, 0x0000,
        0x0A60, 0x0A63, 0x0A66, 0x0A69, 0x0A6C, 0x0A6F, 0x0A72, 0x0A75, 0x0A78, 0x0A7B, 0x0A7E, 0x0A81, 0x0A84, 0x0A87, 0x0A8A, 0x0A8D,
        0x0A90, 0x0A93, 0x0A96, 0x0A99, 0x0A9C, 0x0A9F, 0x0AA2, 0x0AA5, 0x0AA8, 0x0AAB, 0x0AAE, 0x0AB1, 0x0AB4, 0x0AB7, 0x0ABA, 0x0ABD,
        0x0AC0, 0x0AC3, 0x0AC6, 0x0AC9, 0x0ACC, 0x0ACF, 0x0AD2, 0x0AD5, 0x0AD8, 0x0ADB, 0x0ADE, 0x0AE1, 0x0AE4, 0x0AE7, 0x0AEA, 0x0AED,
        0x0AF0, 0x0AF3, 0x0AF6, 0x0AF9, 0x0AFC, 0x0AFF, 0x0B02, 0x0B05, 0x0B08, 0x0B0B, 0x0B0E, 0x0B11, 0x0B14, 0x0B17, 0x0B1A, 0x0B1D,
        0x0B20, 0x0B23, 0x0B26, 0x0B29, 0x0B2C, 0x0B2F, 0x0B32, 0x0B35, 0x0B38, 0x0B3B, 0x0B3E, 0x0B41, 0x0B44, 0x0B47, 0x0B4A, 0x0B4D,
        0x0B50, 0x0B53, 0x0B56, 0x0B59, 0x0B5C, 0x0B5F, 0x0B62, 0x0B65, 0x0B68, 0x0B6B, 0x0B6E, 0x0B71, 0x0B74, 0x0B77, 0x0B7A, 0x0B7D,
        0x0B80, 0x0B83, 0x0B86, 0x0B89, 0x0B8C, 0x0B8F, 0x0B92, 0x0B95, 0x0B98, 0x0B9B, 0x0B9E, 0x0BA1, 0x0BA4, 0x0BA7, 0x0BAA, 0x0BAD,
        0x0BB0, 0x0BB3, 0x0BB6, 0x0BB9, 0x0BBC, 0x0BBF, 0x0BC2, 0x0BC5, 0x0BC8, 0x0BCB, 0x0BCE, 0x0BD1, 0x0BD4, 0x0BD7, 0x0BDA, 0x0BDD,
        0x0BE0, 0x0BE3, 0x0BE6, 0x0BE9, 0x0BEC, 0x0BEF, 0x0BF2, 0x0BF5, 0x0BF8, 0x0BFB, 0x0BFE, 0x0C01, 0x0C04, 0x0C07, 0x0C0A, 0x0C0D,
        0x0C10, 0x0C13, 0x0C16, 0x0C19, 0x0C1C, 0x0C1F, 0x0C22, 0x0C25, 0x0C28, 0x0C2B, 0x0C2E, 0x0C31, 0x0000, 0x0000, 0x0000, 0x0000,
        0x0C34, 0x0C37, 0x0C3A, 0x0C3D, 0x0C40, 0x0C43, 0x0C46, 0x0C49, 0x0C4C, 0x0C4F, 0x0C52, 0x0C55, 0x0C58, 0x0C5B, 0x0C5E, 0x0C61,
        0x0C64, 0x0C67, 0x0C6A, 0x0C6D, 0x0C70, 0x0C73, 0x0C76, 0x0C79, 0x0C7C, 0x0C7F, 0x0C82, 0x0C85, 0x0C88, 0x0C8B, 0x0C8E, 0x0C91,
        0x0C94, 0x0C97, 0x0C9A, 0x0C9D, 0x0CA0, 0x0CA3, 0x0CA6, 0x0CA9, 0x0CAC, 0x0CAF, 0x0CB2, 0x0CB5, 0x0CB8, 0x0CBB, 0x0CBE, 0x0CC1,
        0x0CC4, 0x0CC7, 0x0CCA, 0x0CCD, 0x0CD0, 0x0CD3, 0x0CD6, 0x0CD9, 0x0CDC, 0x0CDF, 0x0CE2, 0x0CE5, 0x0CE8, 0x0CEB, 0x0CEE, 0x0CF1,
        0x0CF4, 0x0CF7, 0x0CFA, 0x0CFD, 0x0D00, 0x0D03, 0x0D06, 0x0D09, 0x0D0C, 0x0D0F, 0x0D12, 0x0D15, 0x0D18, 0x0D1B, 0x0D1E, 0x0D21,
        0x0D24, 0x0D27, 0x0D2A, 0x0D2D, 0x0D30, 0x0D33, 0x0D36, 0x0D39, 0x0D3C, 0x0D3F, 0x0000, 0x0000, 0x0000, 0x0000, 0x0000, 0x0000,
        0x0D42, 0x0D45, 0x0D48, 0x0D4B, 0x0D4E, 0x0D51, 0x0D54, 0x0D57, 0x0D5A, 0x0D5D, 0x0D60, 0x0D63, 0x0D66, 0x0D69, 0x0D6C, 0x0D6F,
        0x0D72, 0x0D75, 0x0D78, 0x0D7B, 0x0D7E, 0x0D81, 0x0000, 0x0000, 0x0D84, 0x0D87, 0x0D8A, 0x0D8D, 0x0D90, 0x0D93, 0x0000, 0x0000,
        0x0D96, 0x0D99, 0x0D9C, 0x0D9F, 0x0DA2, 0x0DA5, 0x0DA8, 0x0DAB, 0x0DAE, 0x0DB1, 0x0DB4, 0x0DB7, 0x0DBA, 0x0DBD, 0x0DC0, 0x0DC3,
        0x0DC6, 0x0DC9, 0x0DCC, 0x0DCF, 0x0DD2, 0x0DD5, 0x0DD8, 0x0DDB, 0x0DDE, 0x0DE1, 0x0DE4, 0x0DE7, 0x0DEA, 0x0DED, 0x0DF0, 0x0DF3,
        0x0DF6, 0x0DF9, 0x0DFC, 0x0DFF, 0x0E02, 0x0E05, 0x0000, 0x0000, 0x0E08, 0x0E0B, 0x0E0E, 0x0E11, 0x0E14, 0x0E17, 0x0000, 0x0000,
        0x0E1A, 0x0E1D, 0x0E20, 0x0E23, 0x0E26, 0x0E29, 0x0E2C, 0x0E2F, 0x0000, 0x0E32, 0x0000, 0x0E35, 0x0000, 0x0E38, 0x0000, 0x0E3B,
        0x0E3E, 0x0E41, 0x0E44, 0x0E47, 0x0E4A, 0x0E4D, 0x0E50, 0x0E53, 0x0E56, 0x0E59, 0x0E5C, 0x0E5F, 0x0E62, 0x0E65, 0x0E68, 0x0E6B,
        0x0E6E, 0x0E71, 0x0E73, 0x0E76, 0x0E78, 0x0E7B, 0x0E7D, 0x0E80, 0x0E82, 0x0E85, 0x0E87, 0x0E8A, 0x0E8C, 0x0E8F, 0x0000, 0x0000,
        0x0E91, 0x0E94, 0x0E97, 0x0E9A, 0x0E9D, 0x0EA0, 0x0EA3, 0x0EA6, 0x0EA9, 0x0EAC, 0x0EAF, 0x0EB2, 0x0EB5, 0x0EB8, 0x0EBB, 0x0EBE,
        0x0EC1, 0x0EC4, 0x0EC7, 0x0ECA, 0x0ECD, 0x0ED0, 0x0ED3, 0x0ED6, 0x0ED9, 0x0EDC, 0x0EDF, 0x0EE2, 0x0EE5, 0x0EE8, 0x0EEB, 0x0EEE,
        0x0EF1, 0x0EF4, 0x0EF7, 0x0EFA, 0x0EFD, 0x0F00, 0x0F03, 0x0F06, 0x0F09, 0x0F0C, 0x0F0F, 0x0F12, 0x0F15, 0x0F18, 0x0F1B, 0x0F1E,
        0x0F21, 0x0F24, 0x0F27, 0x0F2A, 0x0F2D, 0x0000, 0x0F30, 0x0F33, 0x0F36, 0x0F39, 0x0F3C, 0x0F3F, 0x0F41, 0x0F44, 0x0F47, 0x0F49,
        0x0F4C, 0x0F4F, 0x0F52, 0x0F55, 0x0F58, 0x0000, 0x0F5B, 0x0F5E, 0x0F61, 0x0F64, 0x0F66, 0x0F69, 0x0F6B, 0x0F6E, 0x0F71, 0x0F74,
        0x0F77, 0x0F7A, 0x0F7D, 0x0F80, 0x0000, 0x0000, 0x0F82, 0x0F85, 0x0F88, 0x0F8B, 0x0F8E, 0x0F91, 0x0000, 0x0F93, 0x0F96, 0x0F99,
        0x0F9C, 0x0F9F, 0x0FA2, 0x0FA5, 0x0FA7, 0x0FAA, 0x0FAD, 0x0FB0, 0x0FB3, 0x0FB6, 0x0FB9, 0x0FBC, 0x0FBE, 0x0FC1, 0x0FC4, 0x0FC6,
        0x0000, 0x0000, 0x0FC8, 0x0FCB, 0x0FCE, 0x0000, 0x0FD1, 0x0FD4, 0x0FD7, 0x0FDA, 0x0FDC, 0x0FDF, 0x0FE1, 0x0FE4, 0x0FE6, 0x0000,
        0x0FE9, 0x0FEB, 0x0FED, 0x0FEF, 0x0FF1, 0x0FF3, 0x0FF5, 0x0FF7, 0x0FF9, 0x0FFB, 0x0FFD, 0x0000, 0x0000, 0x0000, 0x0000, 0x0000,
        0x0FFF, 0x1001, 0x1003, 0x1005, 0x1007, 0x1009, 0x100B, 0x100E, 0x1011, 0x1013, 0x0000, 0x0000, 0x1015, 0x1017, 0x0000, 0x0000,
        0x0000, 0x0000, 0x0000, 0x0000, 0x1019, 0x101B, 0x101E, 0x0000, 0x0000, 0x0000, 0x0000, 0x0000, 0x0000, 0x0000, 0x0000, 0x1022,
        0x0000, 0x0000, 0x1024, 0x1026, 0x1029, 0x102D, 0x102F, 0x1032, 0x0000, 0x1036, 0x1038, 0x0000, 0x103A, 0x0000, 0x103D, 0x0000,
        0x0000, 0x0000, 0x0000, 0x0000, 0x0000, 0x0000, 0x0000, 0x1040, 0x1043, 0x1046, 0x0000, 0x0000, 0x0000, 0x0000, 0x0000, 0x0000,
        0x0000, 0x0000, 0x0000, 0x0000, 0x0000, 0x0000, 0x0000, 0x1049, 0x0000, 0x0000, 0x0000, 0x0000, 0x0000, 0x0000, 0x0000, 0x104E,
        0x0000, 0x0000, 0x0000, 0x0000, 0x0000, 0x0000, 0x0000, 0x0000, 0x0000, 0x0000, 0x0000, 0x0000, 0x0000, 0x0000, 0x0000, 0x0000,
        0x1050, 0x1052, 0x0000, 0x0000, 0x1054, 0x1056, 0x1058, 0x105A, 0x105C, 0x105E, 0x1060, 0x1062, 0x1064, 0x1066, 0x1068, 0x106A,
        0x106C, 0x106E, 0x1070, 0x1072, 0x1074, 0x1076, 0x1078, 0x107A, 0x107C, 0x107E, 0x1080, 0x1082, 0x1084, 0x1086, 0x1088, 0x0000,
        0x108A, 0x108C, 0x108E, 0x1090, 0x1092, 0x1094, 0x1096, 0x1098, 0x109A, 0x109C, 0x109E, 0x10A0, 0x10A2, 0x0000, 0x0000, 0x0000,
        0x0000, 0x0000, 0x0000, 0x0000, 0x0000, 0x0000, 0x0000, 0x0000, 0x10A4, 0x0000, 0x0000, 0x0000, 0x0000, 0x0000, 0x0000, 0x0000,
        0x0000, 0x0000, 0x0000, 0x0000, 0x0000, 0x0000, 0x0000, 0x0000, 0x0000, 0x0000, 0x0000, 0x0000, 0x0000, 0x0000, 0x0000, 0x0000,
        0x0000, 0x0000, 0x0000, 0x0000, 0x0000, 0x0000, 0x0000, 0x0000, 0x0000, 0x0000, 0x0000, 0x0000, 0x0000, 0x0000, 0x0000, 0x0000,
        0x0000, 0x0000, 0x0000, 0x0000, 0x0000, 0x0000, 0x0000, 0x0000, 0x0000, 0x0000, 0x0000, 0x0000, 0x0000, 0x0000, 0x0000, 0x0000,
        0x0000, 0x0000, 0x0000, 0x0000, 0x0000, 0x0000, 0x0000, 0x0000, 0x0000, 0x0000, 0x0000, 0x0000, 0x0000, 0x0000, 0x0000, 0x0000,
        0x0000, 0x0000, 0x0000, 0x0000, 0x0000, 0x0000, 0x0000, 0x0000, 0x0000, 0x0000, 0x0000, 0x0000, 0x0000, 0x0000, 0x0000, 0x0000,
        0x10A7, 0x10AB, 0x10AF, 0x10B1, 0x0000, 0x10B4, 0x10B8, 0x10BC, 0x0000, 0x10BE, 0x10C1, 0x10C3, 0x10C5, 0x10C7, 0x10C9, 0x10CB,
        0x10CD, 0x10CF, 0x10D1, 0x10D3, 0x0000, 0x10D5, 0x10D7, 0x0000, 0x0000, 0x10DA, 0x10DC, 0x10DE, 0x10E0, 0x10E2, 0x0000, 0x0000,
        0x10E4, 0x10E7, 0x10EB, 0x0000, 0x10EE, 0x0000, 0x10F0, 0x0000, 0x10F2, 0x0000, 0x10F4, 0x10F6, 0x10F8, 0x10FA, 0x0000, 0x10FC,
        0x10FE, 0x1100, 0x0000, 0x1102, 0x1104, 0x1106, 0x1108, 0x110A, 0x110C, 0x110E, 0x0000, 0x1110, 0x1114, 0x1116, 0x1118, 0x111A,
        0x111C, 0x0000, 0x0000, 0x0000, 0x0000, 0x111E, 0x1120, 0x1122, 0x1124, 0x1126, 0x0000, 0x0000, 0x0000, 0x0000, 0x0000, 0x0000,
        0x1128, 0x112C, 0x1130, 0x1135, 0x1139, 0x113D, 0x1141, 0x1145, 0x1149, 0x114D, 0x1151, 0x1155, 0x1159, 0x115D, 0x1161, 0x1165,
        0x1168, 0x116A, 0x116D, 0x1171, 0x1174, 0x1176, 0x1179, 0x117D, 0x1182, 0x1185, 0x1187, 0x118A, 0x118E, 0x1190, 0x1192, 0x1194,
        0x1196, 0x1198, 0x119B, 0x119F, 0x11A2, 0x11A4, 0x11A7, 0x11AB, 0x11B0, 0x11B3, 0x11B5, 0x11B8, 0x11BC, 0x11BE, 0x11C0, 0x11C2,
        0x0000, 0x0000, 0x0000, 0x0000, 0x0000, 0x0000, 0x0000, 0x0000, 0x0000, 0x11C4, 0x0000, 0x0000, 0x0000, 0x0000, 0x0000, 0x0000,
        0x0000, 0x0000, 0x0000, 0x0000, 0x0000, 0x0000, 0x0000, 0x0000, 0x0000, 0x0000, 0x11C8, 0x11CB, 0x0000, 0x0000, 0x0000, 0x0000,
        0x0000, 0x0000, 0x0000, 0x0000, 0x0000, 0x0000, 0x0000, 0x0000, 0x0000, 0x0000, 0x0000, 0x0000, 0x0000, 0x0000, 0x11CE, 0x0000,
        0x0000, 0x0000, 0x0000, 0x0000, 0x0000, 0x0000, 0x0000, 0x0000, 0x0000, 0x0000, 0x0000, 0x0000, 0x0000, 0x0000, 0x0000, 0x0000,
        0x0000, 0x0000, 0x0000, 0x0000, 0x0000, 0x0000, 0x0000, 0x0000, 0x0000, 0x0000, 0x0000, 0x0000, 0x0000, 0x11D1, 0x11D4, 0x11D7,
        0x0000, 0x0000, 0x0000, 0x0000, 0x0000, 0x0000, 0x0000, 0x0000, 0x0000, 0x0000, 0x0000, 0x0000, 0x0000, 0x0000, 0x0000, 0x0000,
        0x0000, 0x0000, 0x0000, 0x0000, 0x0000, 0x0000, 0x0000, 0x0000, 0x0000, 0x0000, 0x0000, 0x0000, 0x0000, 0x0000, 0x0000, 0x0000,
        0x0000, 0x0000, 0x0000, 0x0000, 0x0000, 0x0000, 0x0000, 0x0000, 0x0000, 0x0000, 0x0000, 0x0000, 0x0000, 0x0000, 0x0000, 0x0000,
        0x0000, 0x0000, 0x0000, 0x0000, 0x11DA, 0x11DD, 0x11DF, 0x0000, 0x0000, 0x11E1, 0x0000, 0x0000, 0x11E4, 0x0000, 0x0000, 0x11E7,
        0x0000, 0x11E9, 0x11EB, 0x0000, 0x0000, 0x11ED, 0x11EF, 0x11F1, 0x11F3, 0x11F5, 0x0000, 0x0000, 0x0000, 0x0000, 0x0000, 0x0000,
        0x0000, 0x0000, 0x0000, 0x11F7, 0x11F9, 0x11FC, 0x11FF, 0x0000, 0x0000, 0x0000, 0x0000, 0x0000, 0x1202, 0x1205, 0x0000, 0x1209,
        0x120C, 0x0000, 0x0000, 0x0000, 0x0000, 0x0000, 0x1210, 0x0000, 0x0000, 0x0000, 0x0000, 0x0000, 0x1212, 0x0000, 0x0000, 0x0000,
        0x0000, 0x1214, 0x0000, 0x0000, 0x1217, 0x0000, 0x0000, 0x121A, 0x0000, 0x121D, 0x0000, 0x0000, 0x0000, 0x0000, 0x0000, 0x0000,
        0x0000, 0x0000, 0x0000, 0x0000, 0x0000, 0x0000, 0x0000, 0x0000, 0x0000, 0x0000, 0x0000, 0x0000, 0x0000, 0x0000, 0x0000, 0x0000,
        0x1220, 0x0000, 0x1223, 0x0000, 0x0000, 0x0000, 0x0000, 0x0000, 0x0000, 0x0000, 0x1226, 0x1228, 0x0000, 0x122A, 0x122D, 0x1230,
        0x1233, 0x1236, 0x0000, 0x0000, 0x1239, 0x123C, 0x0000, 0x0000, 0x123F, 0x1242, 0x0000, 0x0000, 0x0000, 0x0000, 0x0000, 0x0000,
        0x1245, 0x1248, 0x0000, 0x0000, 0x124B, 0x124E, 0x0000, 0x0000, 0x1251, 0x1254, 0x0000, 0x0000, 0x0000, 0x0000, 0x0000, 0x0000,
        0x0000, 0x0000, 0x0000, 0x0000, 0x0000, 0x0000, 0x0000, 0x0000, 0x0000, 0x1257, 0x0000, 0x0000, 0x0000, 0x0000, 0x0000, 0x0000,
        0x0000, 0x0000, 0x0000, 0x0000, 0x0000, 0x0000, 0x0000, 0x0000, 0x0000, 0x0000, 0x0000, 0x0000, 0x1259, 0x125C, 0x125F, 0x1262,
        0x0000, 0x0000, 0x0000, 0x0000, 0x0000, 0x0000, 0x0000, 0x0000, 0x0000, 0x0000, 0x0000, 0x0000, 0x0000, 0x0000, 0x0000, 0x0000,
        0x0000, 0x0000, 0x0000, 0x0000, 0x1265, 0x1267, 0x0000, 0x0000, 0x0000, 0x0000, 0x0000, 0x0000, 0x0000, 0x0000, 0x0000, 0x0000,
        0x0000, 0x0000, 0x0000, 0x0000, 0x0000, 0x0000, 0x0000, 0x0000, 0x0000, 0x0000, 0x0000, 0x0000, 0x0000, 0x0000, 0x0000, 0x0000,
        0x1269, 0x126C, 0x126F, 0x1272, 0x0000, 0x0000, 0x0000, 0x0000, 0x0000, 0x0000, 0x1275, 0x1278, 0x127B, 0x127E, 0x0000, 0x1281,
        0x0000, 0x0000, 0x0000, 0x0000, 0x0000, 0x0000, 0x0000, 0x0000, 0x0000, 0x0000, 0x0000, 0x0000, 0x0000, 0x0000, 0x0000, 0x0000,
        0x0000, 0x0000, 0x0000, 0x1285, 0x0000, 0x0000, 0x0000, 0x0000, 0x0000, 0x0000, 0x0000, 0x0000, 0x0000, 0x0000, 0x0000, 0x0000,
        0x0000, 0x0000, 0x0000, 0x0000, 0x0000, 0x0000, 0x0000, 0x0000, 0x0000, 0x0000, 0x0000, 0x0000, 0x0000, 0x0000, 0x0000, 0x0000,
        0x0000, 0x0000, 0x0000, 0x0000, 0x0000, 0x0000, 0x0000, 0x0000, 0x0000, 0x1287, 0x1289, 0x0000, 0x0000, 0x0000, 0x0000, 0x0000,
        0x0000, 0x0000, 0x0000, 0x0000, 0x0000, 0x0000, 0x0000, 0x0000, 0x0000, 0x0000, 0x0000, 0x0000, 0x0000, 0x0000, 0x0000, 0x0000,
        0x0000, 0x0000, 0x0000, 0x0000, 0x0000, 0x0000, 0x0000, 0x0000, 0x0000, 0x0000, 0x0000, 0x0000, 0x0000, 0x0000, 0x0000, 0x0000,
        0x0000, 0x0000, 0x0000, 0x0000, 0x0000, 0x0000, 0x0000, 0x0000, 0x0000, 0x0000, 0x0000, 0x0000, 0x0000, 0x0000, 0x0000, 0x0000,
        0x0000, 0x0000, 0x0000, 0x0000, 0x0000, 0x0000, 0x0000, 0x0000, 0x0000, 0x0000, 0x0000, 0x0000, 0x0000, 0x0000, 0x0000, 0x0000,
        0x0000, 0x0000, 0x0000, 0x128B, 0x128D, 0x128F, 0x0000, 0x0000, 0x0000, 0x0000, 0x1291, 0x0000, 0x0000, 0x0000, 0x0000, 0x0000,
        0x1293, 0x1297, 0x129B, 0x129F, 0x12A3, 0x12A7, 0x12AB, 0x12AF, 0x12B3, 0x12B6, 0x12B9, 0x12BC, 0x12BF, 0x12C2, 0x12C5, 0x12C8,
        0x12CB, 0x12CF, 0x12D3, 0x12D7, 0x12DB, 0x12DF, 0x12E3, 0x12E7, 0x12EB, 0x12EF, 0x12F2, 0x12F6, 0x12FA, 0x12FD, 0x1300, 0x1303,
        0x1306, 0x1309, 0x130D, 0x0000, 0x0000, 0x0000, 0x0000, 0x0000, 0x0000, 0x0000, 0x0000, 0x0000, 0x0000, 0x0000, 0x0000, 0x0000,
        0x0000, 0x0000, 0x0000, 0x0000, 0x0000, 0x0000, 0x0000, 0x0000, 0x0000, 0x0000, 0x0000, 0x0000, 0x0000, 0x0000, 0x0000, 0x0000,
        0x0000, 0x0000, 0x0000, 0x0000, 0x0000, 0x0000, 0x0000, 0x0000, 0x0000, 0x0000, 0x0000, 0x0000, 0x0000, 0x0000, 0x0000, 0x0000,
        0x0000, 0x0000, 0x0000, 0x0000, 0x0000, 0x0000, 0x0000, 0x0000, 0x0000, 0x0000, 0x0000, 0x0000, 0x0000, 0x0000, 0x0000, 0x0000,
        0x130F, 0x1311, 0x1313, 0x1315, 0x1317, 0x1319, 0x131B, 0x131D, 0x131F, 0x1321, 0x1324, 0x1327, 0x132A, 0x132D, 0x1330, 0x1333,
        0x1336, 0x1339, 0x133C, 0x133F, 0x1342, 0x1346, 0x134A, 0x134E, 0x1352, 0x1356, 0x135A, 0x135E, 0x1362, 0x1366, 0x136B, 0x1370,
        0x1375, 0x137A, 0x137F, 0x1384, 0x1389, 0x138E, 0x1393, 0x1398, 0x139D, 0x13A0, 0x13A3, 0x13A6, 0x13A9, 0x13AC, 0x13AF, 0x13B2,
        0x13B5, 0x13B8, 0x13BC, 0x13C0, 0x13C4, 0x13C8, 0x13CC, 0x13D0, 0x13D4, 0x13D8, 0x13DC, 0x13E0, 0x13E4, 0x13E8, 0x13EC, 0x13F0,
        0x13F4, 0x13F8, 0x13FC, 0x1400, 0x1404, 0x1408, 0x140C, 0x1410, 0x1414, 0x1418, 0x141C, 0x1420, 0x1424, 0x1428, 0x142C, 0x1430,
        0x1434, 0x1438, 0x143C, 0x1440, 0x1444, 0x1448, 0x144C, 0x144E, 0x1450, 0x1452, 0x1454, 0x1456, 0x1458, 0x145A, 0x145C, 0x145E,
        0x1460, 0x1462, 0x1464, 0x1466, 0x1468, 0x146A, 0x146C, 0x146E, 0x1470, 0x1472, 0x1474, 0x1476, 0x1478, 0x147A, 0x147C, 0x147E,
        0x1480, 0x1482, 0x1484, 0x1486, 0x1488, 0x148A, 0x148C, 0x148E, 0x1490, 0x1492, 0x1494, 0x1496, 0x1498, 0x149A, 0x149C, 0x149E,
        0x14A0, 0x14A2, 0x14A4, 0x14A6, 0x14A8, 0x14AA, 0x14AC, 0x14AE, 0x14B0, 0x14B2, 0x14B4, 0x0000, 0x0000, 0x0000, 0x0000, 0x0000,
        0x0000, 0x0000, 0x0000, 0x0000, 0x0000, 0x0000, 0x0000, 0x0000, 0x0000, 0x0000, 0x0000, 0x0000, 0x0000, 0x0000, 0x0000, 0x0000,
        0x14B6, 0x0000, 0x14B8, 0x0000, 0x0000, 0x0000, 0x0000, 0x0000, 0x0000, 0x0000, 0x0000, 0x0000, 0x0000, 0x0000, 0x0000, 0x0000,
        0x0000, 0x0000, 0x0000, 0x0000, 0x0000, 0x0000, 0x0000, 0x0000, 0x0000, 0x0000, 0x0000, 0x0000, 0x0000, 0x0000, 0x0000, 0x0000,
        0x0000, 0x0000, 0x0000, 0x0000, 0x0000, 0x0000, 0x0000, 0x0000, 0x0000, 0x0000, 0x0000, 0x0000, 0x0000, 0x0000, 0x0000, 0x0000,
        0x0000, 0x0000, 0x0000, 0x0000, 0x0000, 0x0000, 0x0000, 0x0000, 0x0000, 0x0000, 0x0000, 0x0000, 0x0000, 0x0000, 0x0000, 0x0000,
        0x0000, 0x0000, 0x0000, 0x0000, 0x0000, 0x0000, 0x0000, 0x0000, 0x0000, 0x0000, 0x0000, 0x0000, 0x0000, 0x0000, 0x0000, 0x0000,
        0x0000, 0x0000, 0x0000, 0x0000, 0x0000, 0x0000, 0x0000, 0x0000, 0x0000, 0x0000, 0x0000, 0x0000, 0x0000, 0x0000, 0x0000, 0x0000,
        0x0000, 0x0000, 0x0000, 0x0000, 0x0000, 0x0000, 0x0000, 0x0000, 0x0000, 0x0000, 0x0000, 0x0000, 0x0000, 0x0000, 0x0000, 0x0000,
        0x0000, 0x0000, 0x0000, 0x0000, 0x0000, 0x0000, 0x0000, 0x0000, 0x0000, 0x0000, 0x0000, 0x0000, 0x0000, 0x0000, 0x0000, 0x0000,
        0x0000, 0x0000, 0x0000, 0x0000, 0x0000, 0x0000, 0x0000, 0x0000, 0x0000, 0x0000, 0x0000, 0x0000, 0x0000, 0x0000, 0x0000, 0x0000,
        0x0000, 0x0000, 0x0000, 0x0000, 0x0000, 0x0000, 0x0000, 0x0000, 0x0000, 0x0000, 0x0000, 0x0000, 0x0000, 0x0000, 0x0000, 0x0000,
        0x0000, 0x0000, 0x0000, 0x0000, 0x0000, 0x0000, 0x0000, 0x0000, 0x0000, 0x0000, 0x0000, 0x0000, 0x0000, 0x0000, 0x0000, 0x0000,
        0x0000, 0x0000, 0x0000, 0x14BA, 0x0000, 0x0000, 0x0000, 0x0000, 0x14BC, 0x0000, 0x0000, 0x0000, 0x0000, 0x14BE, 0x0000, 0x0000,
        0x0000, 0x0000, 0x0000, 0x0000, 0x0000, 0x0000, 0x0000, 0x14C0, 0x0000, 0x0000, 0x0000, 0x0000, 0x0000, 0x0000, 0x0000, 0x0000,
        0x0000, 0x0000, 0x0000, 0x0000, 0x0000, 0x0000, 0x0000, 0x0000, 0x0000, 0x0000, 0x0000, 0x0000, 0x0000, 0x0000, 0x0000, 0x0000,
        0x0000, 0x0000, 0x0000, 0x0000, 0x0000, 0x0000, 0x14C2, 0x0000, 0x0000, 0x0000, 0x0000, 0x0000, 0x0000, 0x0000, 0x0000, 0x0000,
        0x0000, 0x0000, 0x0000, 0x0000, 0x0000, 0x0000, 0x0000, 0x0000, 0x0000, 0x0000, 0x0000, 0x0000, 0x0000, 0x0000, 0x0000, 0x0000,
        0x0000, 0x0000, 0x0000, 0x0000, 0x0000, 0x0000, 0x0000, 0x0000, 0x0000, 0x0000, 0x0000, 0x0000, 0x0000, 0x0000, 0x0000, 0x0000,
        0x0000, 0x0000, 0x0000, 0x0000, 0x0000, 0x0000, 0x0000, 0x0000, 0x0000, 0x0000, 0x0000, 0x0000, 0x0000, 0x0000, 0x0000, 0x0000,
        0x0000, 0x0000, 0x0000, 0x0000, 0x0000, 0x0000, 0x0000, 0x0000, 0x0000, 0x0000, 0x0000, 0x0000, 0x0000, 0x0000, 0x0000, 0x0000,
        0x0000, 0x0000, 0x0000, 0x0000, 0x0000, 0x0000, 0x0000, 0x0000, 0x0000, 0x0000, 0x0000, 0x0000, 0x0000, 0x0000, 0x0000, 0x0000,
        0x0000, 0x0000, 0x0000, 0x0000, 0x0000, 0x0000, 0x0000, 0x0000, 0x0000, 0x0000, 0x0000, 0x0000, 0x0000, 0x0000, 0x0000, 0x0000,
        0x0000, 0x0000, 0x0000, 0x0000, 0x0000, 0x0000, 0x0000, 0x0000, 0x0000, 0x0000, 0x0000, 0x0000, 0x0000, 0x0000, 0x0000, 0x0000,
        0x0000, 0x0000, 0x14C4, 0x0000, 0x0000, 0x0000, 0x0000, 0x0000, 0x0000, 0x0000, 0x0000, 0x0000, 0x0000, 0x0000, 0x0000, 0x0000,
        0x0000, 0x0000, 0x0000, 0x0000, 0x0000, 0x0000, 0x0000, 0x0000, 0x0000, 0x0000, 0x0000, 0x0000, 0x0000, 0x0000, 0x0000, 0x0000,
        0x0000, 0x0000, 0x0000, 0x0000, 0x0000, 0x0000, 0x0000, 0x0000, 0x0000, 0x0000, 0x0000, 0x0000, 0x0000, 0x0000, 0x0000, 0x0000,
        0x0000, 0x0000, 0x0000, 0x0000, 0x0000, 0x0000, 0x0000, 0x0000, 0x0000, 0x0000, 0x0000, 0x0000, 0x0000, 0x0000, 0x0000, 0x0000,
        0x0000, 0x0000, 0x0000, 0x0000, 0x0000, 0x0000, 0x0000, 0x0000, 0x0000, 0x0000, 0x0000, 0x0000, 0x0000, 0x0000, 0x0000, 0x0000,
        0x0000, 0x14C6, 0x0000, 0x0000, 0x0000, 0x0000, 0x0000, 0x0000, 0x0000, 0x0000, 0x0000, 0x0000, 0x0000, 0x0000, 0x0000, 0x0000,
        0x0000, 0x0000, 0x0000, 0x0000, 0x0000, 0x0000, 0x0000, 0x0000, 0x0000, 0x0000, 0x0000, 0x0000, 0x0000, 0x0000, 0x0000, 0x0000,
        0x0000, 0x0000, 0x0000, 0x0000, 0x0000, 0x0000, 0x0000, 0x0000, 0x14C8, 0x0000, 0x0000, 0x0000, 0x0000, 0x0000, 0x0000, 0x0000,
        0x0000, 0x0000, 0x14CA, 0x0000, 0x0000, 0x0000, 0x0000, 0x0000, 0x0000, 0x0000, 0x0000, 0x0000, 0x0000, 0x0000, 0x0000, 0x0000,
        0x0000, 0x0000, 0x0000, 0x0000, 0x0000, 0x0000, 0x0000, 0x0000, 0x0000, 0x0000, 0x0000, 0x0000, 0x0000, 0x0000, 0x0000, 0x0000,
        0x0000, 0x0000, 0x0000, 0x0000, 0x0000, 0x0000, 0x0000, 0x0000, 0x0000, 0x0000, 0x0000, 0x0000, 0x14CC, 0x0000, 0x0000, 0x0000,
        0x0000, 0x0000, 0x0000, 0x0000, 0x0000, 0x0000, 0x0000, 0x0000, 0x0000, 0x0000, 0x0000, 0x0000, 0x0000, 0x0000, 0x0000, 0x0000,
        0x0000, 0x0000, 0x0000, 0x0000, 0x0000, 0x0000, 0x0000, 0x0000, 0x0000, 0x0000, 0x0000, 0x0000, 0x0000, 0x0000, 0x0000, 0x0000,
        0x0000, 0x0000, 0x0000, 0x0000, 0x0000, 0x0000, 0x0000, 0x0000, 0x0000, 0x0000, 0x0000, 0x0000, 0x0000, 0x0000, 0x0000, 0x0000,
        0x0000, 0x0000, 0x0000, 0x0000, 0x0000, 0x0000, 0x0000, 0x0000, 0x0000, 0x0000, 0x0000, 0x0000, 0x0000, 0x0000, 0x0000, 0x0000,
        0x0000, 0x0000, 0x0000, 0x0000, 0x0000, 0x0000, 0x0000, 0x0000, 0x0000, 0x0000, 0x0000, 0x0000, 0x0000, 0x0000, 0x0000, 0x0000,
        0x0000, 0x0000, 0x0000, 0x0000, 0x0000, 0x0000, 0x0000, 0x0000, 0x0000, 0x0000, 0x0000, 0x0000, 0x0000, 0x0000, 0x0000, 0x0000,
        0x0000, 0x0000, 0x0000, 0x0000, 0x14D1, 0x14D5, 0x14D8, 0x0000, 0x0000, 0x0000, 0x0000, 0x0000, 0x0000, 0x0000, 0x0000, 0x0000,
        0x0000, 0x0000, 0x0000, 0x0000, 0x0000, 0x0000, 0x0000, 0x0000, 0x0000, 0x0000, 0x0000, 0x0000, 0x0000, 0x0000, 0x0000, 0x0000,
        0x0000, 0x0000, 0x0000, 0x0000, 0x0000, 0x0000, 0x0000, 0x0000, 0x0000, 0x0000, 0x0000, 0x0000, 0x0000, 0x0000, 0x0000, 0x0000,
        0x0000, 0x0000, 0x0000, 0x0000, 0x0000, 0x0000, 0x0000, 0x0000, 0x0000, 0x0000, 0x0000, 0x0000, 0x0000, 0x0000, 0x0000, 0x0000,
        0x0000, 0x0000, 0x0000, 0x0000, 0x0000, 0x0000, 0x0000, 0x0000, 0x0000, 0x0000, 0x0000, 0x0000, 0x0000, 0x0000, 0x0000, 0x0000,
        0x0000, 0x0000, 0x0000, 0x0000, 0x0000, 0x0000, 0x0000, 0x0000, 0x0000, 0x0000, 0x0000, 0x0000, 0x0000, 0x0000, 0x0000, 0x0000,
        0x0000, 0x0000, 0x0000, 0x0000, 0x0000, 0x0000, 0x0000, 0x0000, 0x0000, 0x0000, 0x0000, 0x0000, 0x14DC, 0x0000, 0x0000, 0x0000,
        0x0000, 0x0000, 0x0000, 0x0000, 0x0000, 0x0000, 0x0000, 0x0000, 0x0000, 0x0000, 0x0000, 0x0000, 0x0000, 0x0000, 0x0000, 0x0000,
        0x0000, 0x0000, 0x0000, 0x0000, 0x0000, 0x0000, 0x0000, 0x0000, 0x0000, 0x0000, 0x0000, 0x0000, 0x0000, 0x0000, 0x0000, 0x0000,
        0x0000, 0x0000, 0x0000, 0x0000, 0x0000, 0x0000, 0x0000, 0x0000, 0x0000, 0x0000, 0x0000, 0x0000, 0x0000, 0x0000, 0x0000, 0x0000,
        0x0000, 0x0000, 0x0000, 0x0000, 0x0000, 0x0000, 0x0000, 0x0000, 0x0000, 0x0000, 0x0000, 0x0000, 0x0000, 0x0000, 0x0000, 0x0000,
        0x0000, 0x0000, 0x0000, 0x0000, 0x0000, 0x0000, 0x0000, 0x0000, 0x0000, 0x0000, 0x0000, 0x0000, 0x0000, 0x0000, 0x0000, 0x0000,
        0x0000, 0x0000, 0x0000, 0x0000, 0x0000, 0x0000, 0x0000, 0x0000, 0x0000, 0x0000, 0x0000, 0x0000, 0x0000, 0x0000, 0x0000, 0x0000,
        0x0000, 0x0000, 0x0000, 0x0000, 0x0000, 0x0000, 0x0000, 0x0000, 0x0000, 0x0000, 0x0000, 0x0000, 0x0000, 0x0000, 0x0000, 0x0000,
        0x0000, 0x0000, 0x0000, 0x0000, 0x0000, 0x0000, 0x0000, 0x0000, 0x0000, 0x0000, 0x0000, 0x0000, 0x0000, 0x0000, 0x0000, 0x0000,
        0x0000, 0x0000, 0x0000, 0x0000, 0x0000, 0x0000, 0x0000, 0x0000, 0x0000, 0x0000, 0x0000, 0x0000, 0x0000, 0x0000, 0x0000, 0x0000,
        0x0000, 0x0000, 0x0000, 0x0000, 0x0000, 0x0000, 0x0000, 0x0000, 0x0000, 0x0000, 0x0000, 0x0000, 0x14DF, 0x14E1, 0x0000, 0x0000,
        0x0000, 0x0000, 0x0000, 0x0000, 0x0000, 0x0000, 0x0000, 0x0000, 0x0000, 0x0000, 0x0000, 0x0000, 0x0000, 0x0000, 0x0000, 0x0000,
        0x0000, 0x0000, 0x0000, 0x0000, 0x0000, 0x0000, 0x0000, 0x0000, 0x0000, 0x0000, 0x0000, 0x0000, 0x0000, 0x0000, 0x0000, 0x0000,
        0x0000, 0x0000, 0x0000, 0x0000, 0x0000, 0x0000, 0x0000, 0x0000, 0x0000, 0x0000, 0x0000, 0x0000, 0x0000, 0x0000, 0x0000, 0x0000,
        0x0000, 0x0000, 0x0000, 0x0000, 0x0000, 0x0000, 0x0000, 0x0000, 0x0000, 0x0000, 0x0000, 0x0000, 0x0000, 0x0000, 0x0000, 0x0000,
        0x0000, 0x0000, 0x0000, 0x0000, 0x0000, 0x0000, 0x0000, 0x0000, 0x0000, 0x0000, 0x0000, 0x0000, 0x0000, 0x0000, 0x0000, 0x0000,
        0x0000, 0x0000, 0x0000, 0x0000, 0x0000, 0x0000, 0x0000, 0x0000, 0x0000, 0x0000, 0x0000, 0x0000, 0x0000, 0x0000, 0x0000, 0x0000,
        0x0000, 0x0000, 0x0000, 0x0000, 0x0000, 0x0000, 0x0000, 0x0000, 0x0000, 0x0000, 0x0000, 0x0000, 0x0000, 0x0000, 0x0000, 0x14E3,
        0x0000, 0x0000, 0x0000, 0x0000, 0x0000, 0x0000, 0x0000, 0x0000, 0x0000, 0x0000, 0x0000, 0x0000, 0x0000, 0x0000, 0x0000, 0x0000,
        0x0000, 0x0000, 0x0000, 0x0000, 0x0000, 0x0000, 0x0000, 0x0000, 0x0000, 0x0000, 0x0000, 0x0000, 0x0000, 0x0000, 0x0000, 0x0000,
        0x0000, 0x0000, 0x0000, 0x0000, 0x0000, 0x0000, 0x0000, 0x0000, 0x0000, 0x0000, 0x0000, 0x0000, 0x0000, 0x0000, 0x0000, 0x0000,
        0x0000, 0x0000, 0x0000, 0x0000, 0x0000, 0x0000, 0x0000, 0x0000, 0x14E5, 0x14E7, 0x0000, 0x0000, 0x0000, 0x0000, 0x0000, 0x0000,
        0x0000, 0x0000, 0x0000, 0x0000, 0x0000, 0x0000, 0x0000, 0x0000, 0x0000, 0x0000, 0x0000, 0x0000, 0x0000, 0x0000, 0x0000, 0x0000,
        0x0000, 0x0000, 0x0000, 0x0000, 0x0000, 0x0000, 0x0000, 0x0000, 0x0000, 0x0000, 0x0000, 0x0000, 0x0000, 0x0000, 0x0000, 0x0000,
        0x0000, 0x0000, 0x0000, 0x0000, 0x0000, 0x0000, 0x0000, 0x0000, 0x0000, 0x0000, 0x0000, 0x0000, 0x0000, 0x0000, 0x0000, 0x0000,
        0x0000, 0x0000, 0x0000, 0x0000, 0x0000, 0x0000, 0x0000, 0x0000, 0x0000, 0x0000, 0x0000, 0x0000, 0x0000, 0x0000, 0x0000, 0x0000,
        0x0000, 0x0000, 0x0000, 0x0000, 0x0000, 0x0000, 0x0000, 0x0000, 0x0000, 0x0000, 0x0000, 0x0000, 0x0000, 0x0000, 0x0000, 0x0000,
        0x0000, 0x0000, 0x0000, 0x0000, 0x0000, 0x0000, 0x0000, 0x0000, 0x0000, 0x0000, 0x0000, 0x0000, 0x0000, 0x0000, 0x0000, 0x0000,
        0x0000, 0x0000, 0x0000, 0x0000, 0x0000, 0x0000, 0x0000, 0x0000, 0x0000, 0x0000, 0x0000, 0x0000, 0x0000, 0x0000, 0x0000, 0x14E9,
        0x0000, 0x0000, 0x0000, 0x0000, 0x0000, 0x0000, 0x0000, 0x0000, 0x0000, 0x0000, 0x0000, 0x0000, 0x0000, 0x0000, 0x0000, 0x0000,
        0x0000, 0x0000, 0x0000, 0x0000, 0x0000, 0x0000, 0x0000, 0x0000, 0x0000, 0x0000, 0x0000, 0x0000, 0x0000, 0x0000, 0x0000, 0x0000,
        0x0000, 0x0000, 0x0000, 0x0000, 0x0000, 0x0000, 0x0000, 0x0000, 0x0000, 0x0000, 0x0000, 0x0000, 0x0000, 0x0000, 0x0000, 0x0000,
        0x0000, 0x0000, 0x0000, 0x0000, 0x0000, 0x0000, 0x0000, 0x0000, 0x0000, 0x0000, 0x0000, 0x0000, 0x0000, 0x0000, 0x0000, 0x0000,
        0x0000, 0x0000, 0x0000, 0x0000, 0x0000, 0x0000, 0x0000, 0x0000, 0x0000, 0x0000, 0x0000, 0x0000, 0x0000, 0x0000, 0x0000, 0x0000,
        0x0000, 0x0000, 0x0000, 0x14EB, 0x0000, 0x0000, 0x0000, 0x0000, 0x0000, 0x0000, 0x0000, 0x0000, 0x0000, 0x0000, 0x0000, 0x0000,
        0x14ED, 0x14EF, 0x14F1, 0x14F3, 0x14F5, 0x14F7, 0x14F9, 0x14FB, 0x14FD, 0x14FF, 0x1501, 0x1503, 0x1505, 0x1507, 0x1509, 0x150B,
        0x150D, 0x150F, 0x1511, 0x1513, 0x1515, 0x1517, 0x1519, 0x151B, 0x151D, 0x151F, 0x1521, 0x1523, 0x1525, 0x1527, 0x1529, 0x152B,
        0x152D, 0x152F, 0x1531, 0x1533, 0x1535, 0x1537, 0x1539, 0x153B, 0x153D, 0x153F, 0x1541, 0x1543, 0x1545, 0x1547, 0x1549, 0x154B,
        0x154D, 0x154F, 0x1551, 0x1553, 0x1555, 0x1557, 0x1559, 0x155B, 0x155D, 0x155F, 0x1561, 0x1563, 0x1565, 0x1567, 0x1569, 0x156B,
        0x156D, 0x156F, 0x1571, 0x1573, 0x1575, 0x1577, 0x1579, 0x157B, 0x157D, 0x157F, 0x1581, 0x1583, 0x1585, 0x1587, 0x1589, 0x158B,
        0x158D, 0x158F, 0x1591, 0x1593, 0x1595, 0x1597, 0x1599, 0x159B, 0x159D, 0x159F, 0x15A1, 0x15A3, 0x15A5, 0x15A7, 0x15A9, 0x15AB,
        0x15AD, 0x15AF, 0x15B1, 0x15B3, 0x15B5, 0x15B7, 0x15B9, 0x15BB, 0x15BD, 0x15BF, 0x15C1, 0x15C3, 0x15C5, 0x15C7, 0x15C9, 0x15CB,
        0x15CD, 0x15CF, 0x15D1, 0x15D3, 0x15D5, 0x15D7, 0x15D9, 0x15DB, 0x15DD, 0x15DF, 0x15E1, 0x15E3, 0x15E5, 0x15E7, 0x15E9, 0x15EB,
        0x15ED, 0x15EF, 0x15F1, 0x15F3, 0x15F5, 0x15F7, 0x15F9, 0x15FB, 0x15FD, 0x15FF, 0x1601, 0x1603, 0x1605, 0x1607, 0x1609, 0x160B,
        0x160D, 0x160F, 0x1611, 0x1613, 0x1615, 0x1617, 0x1619, 0x161B, 0x161D, 0x161F, 0x1621, 0x1623, 0x1625, 0x1627, 0x1629, 0x162B,
        0x162D, 0x162F, 0x1631, 0x1633, 0x1635, 0x1637, 0x1639, 0x163B, 0x163D, 0x163F, 0x1641, 0x1643, 0x1645, 0x1647, 0x1649, 0x164B,
        0x164D, 0x164F, 0x1651, 0x1653, 0x1655, 0x1657, 0x1659, 0x165B, 0x165D, 0x165F, 0x1661, 0x1663, 0x1665, 0x1667, 0x1669, 0x166B,
        0x166D, 0x166F, 0x1671, 0x1673, 0x1675, 0x1677, 0x1679, 0x167B, 0x167D, 0x167F, 0x1681, 0x1683, 0x1685, 0x1687, 0x1689, 0x168B,
        0x168D, 0x168F, 0x1691, 0x1693, 0x1695, 0x1697, 0x0000, 0x0000, 0x0000, 0x0000, 0x0000, 0x0000, 0x0000, 0x0000, 0x0000, 0x0000,
        0x0000, 0x0000, 0x0000, 0x0000, 0x0000, 0x0000, 0x0000, 0x0000, 0x0000, 0x0000, 0x0000, 0x0000, 0x0000, 0x0000, 0x0000, 0x0000,
        0x0000, 0x0000, 0x0000, 0x0000, 0x0000, 0x0000, 0x0000, 0x0000, 0x0000, 0x0000, 0x0000, 0x0000, 0x0000, 0x0000, 0x0000, 0x0000,
        0x1699, 0x169B, 0x0000, 0x0000, 0x0000, 0x0000, 0x0000, 0x0000, 0x169D, 0x169F, 0x16A1, 0x16A3, 0x0000, 0x0000, 0x0000, 0x0000,
        0x0000, 0x0000, 0x0000, 0x0000, 0x0000, 0x0000, 0x0000, 0x0000, 0x0000, 0x0000, 0x0000, 0x0000, 0x0000, 0x0000, 0x0000, 0x0000,
        0x0000, 0x0000, 0x0000, 0x0000, 0x0000, 0x0000, 0x0000, 0x0000, 0x0000, 0x0000, 0x0000, 0x0000, 0x0000, 0x0000, 0x0000, 0x0000,
        0x0000, 0x0000, 0x0000, 0x0000, 0x0000, 0x0000, 0x16A5, 0x0000, 0x16A7, 0x16A9, 0x16AB, 0x0000, 0x0000, 0x0000, 0x0000, 0x0000,
        0x0000, 0x0000, 0x0000, 0x0000, 0x0000, 0x0000, 0x0000, 0x0000, 0x0000, 0x0000, 0x0000, 0x0000, 0x16AD, 0x0000, 0x16B0, 0x0000,
        0x16B3, 0x0000, 0x16B6, 0x0000, 0x16B9, 0x0000, 0x16BC, 0x0000, 0x16BF, 0x0000, 0x16C2, 0x0000, 0x16C5, 0x0000, 0x16C8, 0x0000,
        0x16CB, 0x0000, 0x16CE, 0x0000, 0x0000, 0x16D1, 0x0000, 0x16D4, 0x0000, 0x16D7, 0x0000, 0x0000, 0x0000, 0x0000, 0x0000, 0x0000,
        0x16DA, 0x16DD, 0x0000, 0x16E0, 0x16E3, 0x0000, 0x16E6, 0x16E9, 0x0000, 0x16EC, 0x16EF, 0x0000, 0x16F2, 0x16F5, 0x0000, 0x0000,
        0x0000, 0x0000, 0x0000, 0x0000, 0x0000, 0x0000, 0x0000, 0x0000, 0x0000, 0x0000, 0x0000, 0x0000, 0x0000, 0x0000, 0x0000, 0x0000,
        0x0000, 0x0000, 0x0000, 0x0000, 0x16F8, 0x0000, 0x0000, 0x0000, 0x0000, 0x0000, 0x0000, 0x16FB, 0x16FE, 0x0000, 0x1701, 0x1704,
        0x0000, 0x0000, 0x0000, 0x0000, 0x0000, 0x0000, 0x0000, 0x0000, 0x0000, 0x0000, 0x0000, 0x0000, 0x1707, 0x0000, 0x170A, 0x0000,
        0x170D, 0x0000, 0x1710, 0x0000, 0x1713, 0x0000, 0x1716, 0x0000, 0x1719, 0x0000, 0x171C, 0x0000, 0x171F, 0x0000, 0x1722, 0x0000,
        0x1725, 0x0000, 0x1728, 0x0000, 0x0000, 0x172B, 0x0000, 0x172E, 0x0000, 0x1731, 0x0000, 0x0000, 0x0000, 0x0000, 0x0000, 0x0000,
        0x1734, 0x1737, 0x0000, 0x173A, 0x173D, 0x0000, 0x1740, 0x1743, 0x0000, 0x1746, 0x1749, 0x0000, 0x174C, 0x174F, 0x0000, 0x0000,
        0x0000, 0x0000, 0x0000, 0x0000, 0x0000, 0x0000, 0x0000, 0x0000, 0x0000, 0x0000, 0x0000, 0x0000, 0x0000, 0x0000, 0x0000, 0x0000,
        0x0000, 0x0000, 0x0000, 0x0000, 0x1752, 0x0000, 0x0000, 0x1755, 0x1758, 0x175B, 0x175E, 0x0000, 0x0000, 0x0000, 0x1761, 0x1764,
        0x0000, 0x0000, 0x0000, 0x0000, 0x0000, 0x0000, 0x0000, 0x0000, 0x0000, 0x0000, 0x0000, 0x0000, 0x0000, 0x0000, 0x0000, 0x0000,
        0x0000, 0x0000, 0x0000, 0x0000, 0x0000, 0x0000, 0x0000, 0x0000, 0x0000, 0x0000, 0x0000, 0x0000, 0x0000, 0x0000, 0x0000, 0x0000,
        0x0000, 0x0000, 0x0000, 0x0000, 0x0000, 0x0000, 0x0000, 0x0000, 0x0000, 0x0000, 0x0000, 0x0000, 0x0000, 0x0000, 0x0000, 0x0000,
        0x0000, 0x1767, 0x1769, 0x176B, 0x176D, 0x176F, 0x1771, 0x1773, 0x1775, 0x1777, 0x1779, 0x177B, 0x177D, 0x177F, 0x1781, 0x1783,
        0x1785, 0x1787, 0x1789, 0x178B, 0x178D, 0x178F, 0x1791, 0x1793, 0x1795, 0x1797, 0x1799, 0x179B, 0x179D, 0x179F, 0x17A1, 0x17A3,
        0x17A5, 0x17A7, 0x17A9, 0x17AB, 0x17AD, 0x17AF, 0x17B1, 0x17B3, 0x17B5, 0x17B7, 0x17B9, 0x17BB, 0x17BD, 0x17BF, 0x17C1, 0x17C3,
        0x17C5, 0x17C7, 0x17C9, 0x17CB, 0x17CD, 0x17CF, 0x17D1, 0x17D3, 0x17D5, 0x17D7, 0x17D9, 0x17DB, 0x17DD, 0x17DF, 0x17E1, 0x17E3,
        0x17E5, 0x17E7, 0x17E9, 0x17EB, 0x17ED, 0x17EF, 0x17F1, 0x17F3, 0x17F5, 0x17F7, 0x17F9, 0x17FB, 0x17FD, 0x17FF, 0x1801, 0x1803,
        0x1805, 0x1807, 0x1809, 0x180B, 0x180D, 0x180F, 0x1811, 0x1813, 0x1815, 0x1817, 0x1819, 0x181B, 0x181D, 0x181F, 0x1821, 0x0000,
        0x0000, 0x0000, 0x1823, 0x1825, 0x1827, 0x1829, 0x182B, 0x182D, 0x182F, 0x1831, 0x1833, 0x1835, 0x1837, 0x1839, 0x183B, 0x183D,
        0x0000, 0x0000, 0x0000, 0x0000, 0x0000, 0x0000, 0x0000, 0x0000, 0x0000, 0x0000, 0x0000, 0x0000, 0x0000, 0x0000, 0x0000, 0x0000,
        0x0000, 0x0000, 0x0000, 0x0000, 0x0000, 0x0000, 0x0000, 0x0000, 0x0000, 0x0000, 0x0000, 0x0000, 0x0000, 0x0000, 0x0000, 0x0000,
        0x0000, 0x0000, 0x0000, 0x0000, 0x0000, 0x0000, 0x0000, 0x0000, 0x0000, 0x0000, 0x0000, 0x0000, 0x0000, 0x0000, 0x0000, 0x0000,
        0x0000, 0x0000, 0x0000, 0x0000, 0x0000, 0x0000, 0x0000, 0x0000, 0x0000, 0x0000, 0x0000, 0x0000, 0x0000, 0x0000, 0x0000, 0x0000,
        0x0000, 0x0000, 0x0000, 0x0000, 0x0000, 0x0000, 0x0000, 0x0000, 0x0000, 0x0000, 0x0000, 0x0000, 0x0000, 0x0000, 0x0000, 0x0000,
        0x0000, 0x0000, 0x0000, 0x0000, 0x0000, 0x0000, 0x0000, 0x0000, 0x0000, 0x0000, 0x0000, 0x0000, 0x0000, 0x0000, 0x0000, 0x0000,
        0x183F, 0x1843, 0x1847, 0x184B, 0x184F, 0x1853, 0x1857, 0x185B, 0x185F, 0x1863, 0x1867, 0x186B, 0x186F, 0x1873, 0x1877, 0x187C,
        0x1881, 0x1886, 0x188B, 0x1890, 0x1895, 0x189A, 0x189F, 0x18A4, 0x18A9, 0x18AE, 0x18B3, 0x18B8, 0x18BD, 0x18C2, 0x18CA, 0x0000,
        0x18D1, 0x18D5, 0x18D9, 0x18DD, 0x18E1, 0x18E5, 0x18E9, 0x18ED, 0x18F1, 0x18F5, 0x18F9, 0x18FD, 0x1901, 0x1905, 0x1909, 0x190D,
        0x1911, 0x1915, 0x1919, 0x191D, 0x1921, 0x1925, 0x1929, 0x192D, 0x1931, 0x1935, 0x1939, 0x193D, 0x1941, 0x1945, 0x1949, 0x194D,
        0x1951, 0x1955, 0x1959, 0x195D, 0x1961, 0x1963, 0x1965, 0x1967, 0x0000, 0x0000, 0x0000, 0x0000, 0x0000, 0x0000, 0x0000, 0x0000,
        0x1969, 0x196D, 0x1970, 0x1973, 0x1976, 0x1979, 0x197C, 0x197F, 0x1982, 0x1985, 0x1988, 0x198B, 0x198E, 0x1991, 0x1994, 0x1997,
        0x199A, 0x199C, 0x199E, 0x19A0, 0x19A2, 0x19A4, 0x19A6, 0x19A8, 0x19AA, 0x19AC, 0x19AE, 0x19B0, 0x19B2, 0x19B4, 0x19B6, 0x19B9,
        0x19BC, 0x19BF, 0x19C2, 0x19C5, 0x19C8, 0x19CB, 0x19CE, 0x19D1, 0x19D4, 0x19D7, 0x19DA, 0x19DD, 0x19E0, 0x19E6, 0x19EB, 0x0000,
        0x19EE, 0x19F0, 0x19F2, 0x19F4, 0x19F6, 0x19F8, 0x19FA, 0x19FC, 0x19FE, 0x1A00, 0x1A02, 0x1A04, 0x1A06, 0x1A08, 0x1A0A, 0x1A0C,
        0x1A0E, 0x1A10, 0x1A12, 0x1A14, 0x1A16, 0x1A18, 0x1A1A, 0x1A1C, 0x1A1E, 0x1A20, 0x1A22, 0x1A24, 0x1A26, 0x1A28, 0x1A2A, 0x1A2C,
        0x1A2E, 0x1A30, 0x1A32, 0x1A34, 0x1A36, 0x1A38, 0x1A3A, 0x1A3C, 0x1A3E, 0x1A40, 0x1A42, 0x1A44, 0x1A46, 0x1A48, 0x1A4A, 0x1A4C,
        0x1A4E, 0x1A50, 0x1A53, 0x1A56, 0x1A59, 0x1A5C, 0x1A5F, 0x1A62, 0x1A65, 0x1A68, 0x1A6B, 0x1A6E, 0x1A71, 0x1A74, 0x1A77, 0x1A7A,
        0x1A7D, 0x1A80, 0x1A83, 0x1A86, 0x1A89, 0x1A8C, 0x1A8F, 0x1A92, 0x1A95, 0x1A98, 0x1A9C, 0x1AA0, 0x1AA4, 0x1AA7, 0x1AAB, 0x1AAE,
        0x1AB2, 0x1AB4, 0x1AB6, 0x1AB8, 0x1ABA, 0x1ABC, 0x1ABE, 0x1AC0, 0x1AC2, 0x1AC4, 0x1AC6, 0x1AC8, 0x1ACA, 0x1ACC, 0x1ACE, 0x1AD0,
        0x1AD2, 0x1AD4, 0x1AD6, 0x1AD8, 0x1ADA, 0x1ADC, 0x1ADE, 0x1AE0, 0x1AE2, 0x1AE4, 0x1AE6, 0x1AE8, 0x1AEA, 0x1AEC, 0x1AEE, 0x1AF0,
        0x1AF2, 0x1AF4, 0x1AF6, 0x1AF8, 0x1AFA, 0x1AFC, 0x1AFE, 0x1B00, 0x1B02, 0x1B04, 0x1B06, 0x1B08, 0x1B0A, 0x1B0C, 0x1B0E, 0x1B10,
        0x1B13, 0x1B18, 0x1B1D, 0x1B22, 0x1B26, 0x1B2B, 0x1B2F, 0x1B33, 0x1B39, 0x1B3E, 0x1B42, 0x1B46, 0x1B4A, 0x1B4F, 0x1B54, 0x1B58,
        0x1B5C, 0x1B5F, 0x1B63, 0x1B68, 0x1B6D, 0x1B70, 0x1B76, 0x1B7D, 0x1B83, 0x1B87, 0x1B8D, 0x1B93, 0x1B98, 0x1B9C, 0x1BA0, 0x1BA4,
        0x1BA9, 0x1BAF, 0x1BB4, 0x1BB8, 0x1BBC, 0x1BC0, 0x1BC3, 0x1BC6, 0x1BC9, 0x1BCC, 0x1BD0, 0x1BD4, 0x1BDA, 0x1BDE, 0x1BE3, 0x1BE9,
        0x1BED, 0x1BF0, 0x1BF3, 0x1BF9, 0x1BFE, 0x1C04, 0x1C08, 0x1C0E, 0x1C11, 0x1C15, 0x1C19, 0x1C1D, 0x1C21, 0x1C25, 0x1C2A, 0x1C2E,
        0x1C31, 0x1C35, 0x1C39, 0x1C3D, 0x1C42, 0x1C46, 0x1C4A, 0x1C4E, 0x1C54, 0x1C59, 0x1C5C, 0x1C62, 0x1C65, 0x1C6A, 0x1C6F, 0x1C73,
        0x1C77, 0x1C7B, 0x1C80, 0x1C83, 0x1C87, 0x1C8C, 0x1C8F, 0x1C95, 0x1C99, 0x1C9C, 0x1C9F, 0x1CA2, 0x1CA5, 0x1CA8, 0x1CAB, 0x1CAE,
        0x1CB1, 0x1CB4, 0x1CB7, 0x1CBB, 0x1CBF, 0x1CC3, 0x1CC7, 0x1CCB, 0x1CCF, 0x1CD3, 0x1CD7, 0x1CDB, 0x1CDF, 0x1CE3, 0x1CE7, 0x1CEB,
        0x1CEF, 0x1CF3, 0x1CF7, 0x1CFA, 0x1CFD, 0x1D01, 0x1D04, 0x1D07, 0x1D0A, 0x1D0E, 0x1D12, 0x1D15, 0x1D18, 0x1D1B, 0x1D1E, 0x1D21,
        0x1D26, 0x1D29, 0x1D2C, 0x1D2F, 0x1D32, 0x1D35, 0x1D38, 0x1D3B, 0x1D3E, 0x1D42, 0x1D47, 0x1D4A, 0x1D4D, 0x1D50, 0x1D53, 0x1D56,
        0x1D59, 0x1D5C, 0x1D60, 0x1D64, 0x1D68, 0x1D6C, 0x1D6F, 0x1D72, 0x1D75, 0x1D78, 0x1D7B, 0x1D7E, 0x1D81, 0x1D84, 0x1D87, 0x1D8A,
        0x1D8E, 0x1D92, 0x1D95, 0x1D99, 0x1D9D, 0x1DA1, 0x1DA4, 0x1DA8, 0x1DAC, 0x1DB1, 0x1DB4, 0x1DB8, 0x1DBC, 0x1DC0, 0x1DC4, 0x1DCA,
        0x1DD1, 0x1DD4, 0x1DD7, 0x1DDA, 0x1DDD, 0x1DE0, 0x1DE3, 0x1DE6, 0x1DE9, 0x1DEC, 0x1DEF, 0x1DF2, 0x1DF5, 0x1DF8, 0x1DFB, 0x1DFE,
        0x1E01, 0x1E04, 0x1E07, 0x1E0C, 0x1E0F, 0x1E12, 0x1E15, 0x1E1A, 0x1E1E, 0x1E21, 0x1E24, 0x1E27, 0x1E2A, 0x1E2D, 0x1E30, 0x1E33,
        0x1E36, 0x1E39, 0x1E3C, 0x1E40, 0x1E43, 0x1E46, 0x1E4A, 0x1E4E, 0x1E51, 0x1E56, 0x1E5A, 0x1E5D, 0x1E60, 0x1E63, 0x1E66, 0x1E6A,
        0x1E6E, 0x1E71, 0x1E74, 0x1E77, 0x1E7A, 0x1E7D, 0x1E80, 0x1E83, 0x1E86, 0x1E89, 0x1E8D, 0x1E91, 0x1E95, 0x1E99, 0x1E9D, 0x1EA1,
        0x1EA5, 0x1EA9, 0x1EAD, 0x1EB1, 0x1EB5, 0x1EB9, 0x1EBD, 0x1EC1, 0x1EC5, 0x1EC9, 0x1ECD, 0x1ED1, 0x1ED5, 0x1ED9, 0x1EDD, 0x1EE1,
        0x0000, 0x0000, 0x0000, 0x0000, 0x0000, 0x0000, 0x0000, 0x0000, 0x0000, 0x0000, 0x0000, 0x0000, 0x0000, 0x0000, 0x0000, 0x0000,
        0x0000, 0x0000, 0x0000, 0x0000, 0x0000, 0x0000, 0x0000, 0x0000, 0x0000, 0x0000, 0x0000, 0x0000, 0x1EE5, 0x1EE7, 0x0000, 0x0000,
        0x0000, 0x0000, 0x0000, 0x0000, 0x0000, 0x0000, 0x0000, 0x0000, 0x0000, 0x0000, 0x0000, 0x0000, 0x0000, 0x0000, 0x0000, 0x0000,
        0x0000, 0x0000, 0x0000, 0x0000, 0x0000, 0x0000, 0x0000, 0x0000, 0x0000, 0x0000, 0x0000, 0x0000, 0x0000, 0x0000, 0x0000, 0x0000,
        0x0000, 0x0000, 0x0000, 0x0000, 0x0000, 0x0000, 0x0000, 0x0000, 0x0000, 0x0000, 0x0000, 0x0000, 0x0000, 0x0000, 0x0000, 0x0000,
        0x0000, 0x0000, 0x0000, 0x0000, 0x0000, 0x0000, 0x0000, 0x0000, 0x0000, 0x0000, 0x0000, 0x0000, 0x0000, 0x0000, 0x0000, 0x0000,
        0x0000, 0x0000, 0x0000, 0x0000, 0x0000, 0x0000, 0x0000, 0x0000, 0x0000, 0x0000, 0x0000, 0x0000, 0x0000, 0x0000, 0x0000, 0x0000,
        0x0000, 0x0000, 0x0000, 0x0000, 0x0000, 0x0000, 0x0000, 0x0000, 0x0000, 0x0000, 0x0000, 0x0000, 0x0000, 0x0000, 0x0000, 0x0000,
        0x0000, 0x0000, 0x0000, 0x0000, 0x0000, 0x0000, 0x0000, 0x0000, 0x0000, 0x0000, 0x0000, 0x0000, 0x0000, 0x0000, 0x0000, 0x0000,
        0x0000, 0x0000, 0x0000, 0x0000, 0x0000, 0x0000, 0x0000, 0x0000, 0x0000, 0x0000, 0x0000, 0x0000, 0x0000, 0x0000, 0x0000, 0x0000,
        0x0000, 0x0000, 0x0000, 0x0000, 0x0000, 0x0000, 0x0000, 0x0000, 0x0000, 0x0000, 0x0000, 0x0000, 0x0000, 0x0000, 0x0000, 0x0000,
        0x0000, 0x0000, 0x0000, 0x0000, 0x0000, 0x0000, 0x0000, 0x0000, 0x0000, 0x0000, 0x0000, 0x0000, 0x0000, 0x0000, 0x0000, 0x0000,
        0x0000, 0x0000, 0x0000, 0x0000, 0x0000, 0x0000, 0x0000, 0x0000, 0x0000, 0x0000, 0x0000, 0x0000, 0x0000, 0x0000, 0x0000, 0x0000,
        0x0000, 0x0000, 0x0000, 0x0000, 0x0000, 0x0000, 0x0000, 0x0000, 0x0000, 0x0000, 0x0000, 0x0000, 0x0000, 0x0000, 0x0000, 0x0000,
        0x0000, 0x0000, 0x0000, 0x0000, 0x0000, 0x0000, 0x0000, 0x0000, 0x0000, 0x0000, 0x0000, 0x0000, 0x0000, 0x0000, 0x0000, 0x0000,
        0x1EE9, 0x0000, 0x0000, 0x0000, 0x0000, 0x0000, 0x0000, 0x0000, 0x0000, 0x0000, 0x0000, 0x0000, 0x0000, 0x0000, 0x0000, 0x0000,
        0x0000, 0x0000, 0x0000, 0x0000, 0x0000, 0x0000, 0x0000, 0x0000, 0x0000, 0x0000, 0x0000, 0x0000, 0x0000, 0x0000, 0x0000, 0x0000,
        0x0000, 0x0000, 0x0000, 0x0000, 0x0000, 0x0000, 0x0000, 0x0000, 0x0000, 0x0000, 0x0000, 0x0000, 0x0000, 0x0000, 0x0000, 0x0000,
        0x0000, 0x0000, 0x0000, 0x0000, 0x0000, 0x0000, 0x0000, 0x0000, 0x0000, 0x0000, 0x0000, 0x0000, 0x0000, 0x0000, 0x0000, 0x0000,
        0x0000, 0x0000, 0x0000, 0x0000, 0x0000, 0x0000, 0x0000, 0x0000, 0x0000, 0x0000, 0x0000, 0x0000, 0x0000, 0x0000, 0x0000, 0x0000,
        0x0000, 0x0000, 0x0000, 0x0000, 0x0000, 0x0000, 0x0000, 0x0000, 0x0000, 0x0000, 0x0000, 0x0000, 0x0000, 0x0000, 0x0000, 0x0000,
        0x0000, 0x0000, 0x0000, 0x0000, 0x0000, 0x0000, 0x0000, 0x0000, 0x0000, 0x0000, 0x0000, 0x0000, 0x0000, 0x0000, 0x0000, 0x0000,
        0x0000, 0x0000, 0x0000, 0x0000, 0x0000, 0x0000, 0x0000, 0x0000, 0x0000, 0x0000, 0x0000, 0x0000, 0x0000, 0x0000, 0x0000, 0x0000,
        0x0000, 0x1EEB, 0x1EED, 0x1EEF, 0x1EF1, 0x0000, 0x0000, 0x0000, 0x1EF3, 0x1EF5, 0x0000, 0x0000, 0x0000, 0x0000, 0x0000, 0x0000,
        0x0000, 0x0000, 0x0000, 0x0000, 0x0000, 0x0000, 0x0000, 0x0000, 0x0000, 0x0000, 0x0000, 0x0000, 0x0000, 0x0000, 0x0000, 0x0000,
        0x0000, 0x0000, 0x0000, 0x0000, 0x0000, 0x0000, 0x0000, 0x0000, 0x0000, 0x0000, 0x0000, 0x0000, 0x0000, 0x0000, 0x0000, 0x0000,
        0x0000, 0x0000, 0x0000, 0x0000, 0x0000, 0x0000, 0x0000, 0x0000, 0x0000, 0x0000, 0x0000, 0x0000, 0x0000, 0x0000, 0x0000, 0x0000,
        0x0000, 0x0000, 0x0000, 0x0000, 0x0000, 0x0000, 0x0000, 0x0000, 0x0000, 0x0000, 0x0000, 0x0000, 0x0000, 0x0000, 0x0000, 0x0000,
        0x0000, 0x0000, 0x0000, 0x0000, 0x0000, 0x0000, 0x0000, 0x0000, 0x0000, 0x0000, 0x0000, 0x0000, 0x0000, 0x0000, 0x0000, 0x0000,
        0x0000, 0x0000, 0x0000, 0x0000, 0x0000, 0x0000, 0x0000, 0x0000, 0x0000, 0x0000, 0x0000, 0x0000, 0x1EF7, 0x1EF9, 0x1EFB, 0x1EFD,
        0x0000, 0x0000, 0x0000, 0x0000, 0x0000, 0x0000, 0x0000, 0x0000, 0x0000, 0x1EFF, 0x0000, 0x0000, 0x0000, 0x0000, 0x0000, 0x0000,
        0x0000, 0x0000, 0x0000, 0x0000, 0x0000, 0x0000, 0x0000, 0x0000, 0x0000, 0x0000, 0x0000, 0x0000, 0x0000, 0x0000, 0x0000, 0x0000,
        0x1F01, 0x1F03, 0x1F05, 0x1F07, 0x1F09, 0x1F0B, 0x1F0D, 0x1F0F, 0x1F11, 0x1F13, 0x1F15, 0x1F17, 0x1F19, 0x1F1B, 0x1F1D, 0x1F1F,
        0x1F21, 0x1F23, 0x1F25, 0x1F27, 0x1F29, 0x1F2B, 0x1F2D, 0x1F2F, 0x1F31, 0x1F33, 0x1F35, 0x1F37, 0x1F39, 0x1F3B, 0x1F3D, 0x1F3F,
        0x1F41, 0x1F43, 0x1F45, 0x1F47, 0x1F49, 0x1F4B, 0x1F4D, 0x1F4F, 0x1F51, 0x1F53, 0x1F55, 0x1F57, 0x1F59, 0x1F5B, 0x1F5D, 0x1F5F,
        0x1F61, 0x1F63, 0x1F65, 0x1F67, 0x1F69, 0x1F6B, 0x1F6D, 0x1F6F, 0x1F71, 0x1F73, 0x1F75, 0x1F77, 0x1F79, 0x1F7B, 0x1F7D, 0x1F7F,
        0x1F81, 0x1F83, 0x1F85, 0x1F87, 0x1F89, 0x1F8B, 0x1F8D, 0x1F8F, 0x1F91, 0x1F93, 0x1F95, 0x1F97, 0x1F99, 0x1F9B, 0x1F9D, 0x1F9F,
        0x1FA1, 0x1FA3, 0x1FA5, 0x1FA7, 0x1FA9, 0x1FAB, 0x1FAD, 0x1FAF, 0x1FB1, 0x1FB3, 0x1FB5, 0x1FB7, 0x1FB9, 0x1FBB, 0x1FBD, 0x1FBF,
        0x1FC1, 0x1FC3, 0x1FC5, 0x1FC7, 0x1FC9, 0x1FCB, 0x1FCD, 0x1FCF, 0x1FD1, 0x1FD3, 0x1FD5, 0x1FD7, 0x1FD9, 0x1FDB, 0x1FDD, 0x1FDF,
        0x1FE1, 0x1FE3, 0x1FE5, 0x1FE7, 0x1FE9, 0x1FEB, 0x1FED, 0x1FEF, 0x1FF1, 0x1FF3, 0x1FF5, 0x1FF7, 0x1FF9, 0x1FFB, 0x1FFD, 0x1FFF,
        0x2001, 0x2003, 0x2005, 0x2007, 0x2009, 0x200B, 0x200D, 0x200F, 0x2011, 0x2013, 0x2015, 0x2017, 0x2019, 0x201B, 0x201D, 0x201F,
        0x2021, 0x2023, 0x2025, 0x2027, 0x2029, 0x202B, 0x202D, 0x202F, 0x2031, 0x2033, 0x2035, 0x2037, 0x2039, 0x203B, 0x203D, 0x203F,
        0x2041, 0x2043, 0x2045, 0x2047, 0x2049, 0x204B, 0x204D, 0x204F, 0x2051, 0x2053, 0x2055, 0x2057, 0x2059, 0x205B, 0x205D, 0x205F,
        0x2061, 0x2063, 0x2065, 0x2067, 0x2069, 0x206B, 0x206D, 0x206F, 0x2071, 0x2073, 0x2075, 0x2077, 0x2079, 0x207B, 0x207D, 0x207F,
        0x2081, 0x2083, 0x2085, 0x2087, 0x2089, 0x208B, 0x208D, 0x208F, 0x2091, 0x2093, 0x2095, 0x2097, 0x2099, 0x209B, 0x209D, 0x209F,
        0x20A1, 0x20A3, 0x20A5, 0x20A7, 0x20A9, 0x20AB, 0x20AD, 0x20AF, 0x20B1, 0x20B3, 0x20B5, 0x20B7, 0x20B9, 0x20BB, 0x20BD, 0x20BF,
        0x20C1, 0x20C3, 0x20C5, 0x20C7, 0x20C9, 0x20CB, 0x20CD, 0x20CF, 0x20D1, 0x20D3, 0x20D5, 0x20D7, 0x20D9, 0x20DB, 0x20DD, 0x20DF,
        0x20E1, 0x20E3, 0x20E5, 0x20E7, 0x20E9, 0x20EB, 0x20ED, 0x20EF, 0x20F1, 0x20F3, 0x20F5, 0x20F7, 0x20F9, 0x20FB, 0x20FD, 0x20FF,
        0x2101, 0x2103, 0x2105, 0x2107, 0x2109, 0x210B, 0x210D, 0x210F, 0x2111, 0x2113, 0x2115, 0x2117, 0x2119, 0x211B, 0x0000, 0x0000,
        0x211D, 0x0000, 0x211F, 0x0000, 0x0000, 0x2121, 0x2123, 0x2125, 0x2127, 0x2129, 0x212B, 0x212D, 0x212F, 0x2131, 0x2133, 0x0000,
        0x2135, 0x0000, 0x2137, 0x0000, 0x0000, 0x2139, 0x213B, 0x0000, 0x0000, 0x0000, 0x213D, 0x213F, 0x2141, 0x2143, 0x2145, 0x2147,
        0x2149, 0x214B, 0x214D, 0x214F, 0x2151, 0x2153, 0x2155, 0x2157, 0x2159, 0x215B, 0x215D, 0x215F, 0x2161, 0x2163, 0x2165, 0x2167,
        0x2169, 0x216B, 0x216D, 0x216F, 0x2171, 0x2173, 0x2175, 0x2177, 0x2179, 0x217B, 0x217D, 0x217F, 0x2181, 0x2183, 0x2185, 0x2187,
        0x2189, 0x218B, 0x218D, 0x218F, 0x2191, 0x2193, 0x2195, 0x2197, 0x2199, 0x219B, 0x219D, 0x219F, 0x21A1, 0x21A3, 0x21A5, 0x21A7,
        0x21A9, 0x21AB, 0x21AD, 0x21AF, 0x21B1, 0x21B3, 0x21B5, 0x21B7, 0x21B9, 0x21BB, 0x21BD, 0x21BF, 0x21C1, 0x21C3, 0x0000, 0x0000,
        0x21C5, 0x21C7, 0x21C9, 0x21CB, 0x21CD, 0x21CF, 0x21D1, 0x21D3, 0x21D5, 0x21D7, 0x21D9, 0x21DB, 0x21DD, 0x21DF, 0x21E1, 0x21E3,
        0x21E5, 0x21E7, 0x21E9, 0x21EB, 0x21ED, 0x21EF, 0x21F1, 0x21F3, 0x21F5, 0x21F7, 0x21F9, 0x21FB, 0x21FD, 0x21FF, 0x2201, 0x2203,
        0x2205, 0x2207, 0x2209, 0x220B, 0x220D, 0x220F, 0x2211, 0x2213, 0x2215, 0x2217, 0x2219, 0x221B, 0x221D, 0x221F, 0x2221, 0x2223,
        0x2225, 0x2227, 0x2229, 0x222B, 0x222D, 0x222F, 0x2231, 0x2233, 0x2235, 0x2237, 0x2239, 0x223B, 0x223D, 0x223F, 0x2241, 0x2243,
        0x2245, 0x2247, 0x2249, 0x224B, 0x224D, 0x224F, 0x2251, 0x2253, 0x2255, 0x2257, 0x2259, 0x225B, 0x225D, 0x225F, 0x2261, 0x2263,
        0x2265, 0x2267, 0x2269, 0x226B, 0x226D, 0x226F, 0x2271, 0x2273, 0x2275, 0x2277, 0x2279, 0x227B, 0x227D, 0x227F, 0x2281, 0x2283,
        0x2285, 0x2287, 0x2289, 0x228B, 0x228D, 0x228F, 0x2291, 0x2293, 0x2295, 0x2297, 0x0000, 0x0000, 0x0000, 0x0000, 0x0000, 0x0000,
        0x0000, 0x0000, 0x0000, 0x0000, 0x0000, 0x0000, 0x0000, 0x0000, 0x0000, 0x0000, 0x0000, 0x0000, 0x0000, 0x0000, 0x0000, 0x0000,
        0x0000, 0x0000, 0x0000, 0x0000, 0x0000, 0x0000, 0x0000, 0x0000, 0x0000, 0x0000, 0x0000, 0x0000, 0x0000, 0x0000, 0x0000, 0x0000,
        0x2299, 0x229C, 0x229F, 0x22A2, 0x22A6, 0x22AA, 0x22AD, 0x0000, 0x0000, 0x0000, 0x0000, 0x0000, 0x0000, 0x0000, 0x0000, 0x0000,
        0x0000, 0x0000, 0x0000, 0x22B0, 0x22B3, 0x22B6, 0x22B9, 0x22BC, 0x0000, 0x0000, 0x0000, 0x0000, 0x0000, 0x22BF, 0x0000, 0x22C2,
        0x22C5, 0x22C7, 0x22C9, 0x22CB, 0x22CD, 0x22CF, 0x22D1, 0x22D3, 0x22D5, 0x22D7, 0x22D9, 0x22DC, 0x22DF, 0x22E2, 0x22E5, 0x22E8,
        0x22EB, 0x22EE, 0x22F1, 0x22F4, 0x22F7, 0x22FA, 0x22FD, 0x0000, 0x2300, 0x2303, 0x2306, 0x2309, 0x230C, 0x0000, 0x230F, 0x0000,
        0x2312, 0x2315, 0x0000, 0x2318, 0x231B, 0x0000, 0x231E, 0x2321, 0x2324, 0x2327, 0x232A, 0x232D, 0x2330, 0x2333, 0x2336, 0x2339,
        0x233C, 0x233E, 0x2340, 0x2342, 0x2344, 0x2346, 0x2348, 0x234A, 0x234C, 0x234E, 0x2350, 0x2352, 0x2354, 0x2356, 0x2358, 0x235A,
        0x235C, 0x235E, 0x2360, 0x2362, 0x2364, 0x2366, 0x2368, 0x236A, 0x236C, 0x236E, 0x2370, 0x2372, 0x2374, 0x2376, 0x2378, 0x237A,
        0x237C, 0x237E, 0x2380, 0x2382, 0x2384, 0x2386, 0x2388, 0x238A, 0x238C, 0x238E, 0x2390, 0x2392, 0x2394, 0x2396, 0x2398, 0x239A,
        0x239C, 0x239E, 0x23A0, 0x23A2, 0x23A4, 0x23A6, 0x23A8, 0x23AA, 0x23AC, 0x23AE, 0x23B0, 0x23B2, 0x23B4, 0x23B6, 0x23B8, 0x23BA,
        0x23BC, 0x23BE, 0x23C0, 0x23C2, 0x23C4, 0x23C6, 0x23C8, 0x23CA, 0x23CC, 0x23CE, 0x23D0, 0x23D2, 0x23D4, 0x23D6, 0x23D8, 0x23DA,
        0x23DC, 0x23DE, 0x23E0, 0x23E2, 0x23E4, 0x23E6, 0x23E8, 0x23EA, 0x23EC, 0x23EE, 0x23F0, 0x23F2, 0x23F4, 0x23F6, 0x23F8, 0x23FA,
        0x23FC, 0x23FE, 0x0000, 0x0000, 0x0000, 0x0000, 0x0000, 0x0000, 0x0000, 0x0000, 0x0000, 0x0000, 0x0000, 0x0000, 0x0000, 0x0000,
        0x0000, 0x0000, 0x0000, 0x0000, 0x0000, 0x0000, 0x0000, 0x0000, 0x0000, 0x0000, 0x0000, 0x0000, 0x0000, 0x0000, 0x0000, 0x0000,
        0x0000, 0x0000, 0x0000, 0x2400, 0x2402, 0x2404, 0x2406, 0x2408, 0x240A, 0x240C, 0x240E, 0x2410, 0x2412, 0x2414, 0x2416, 0x2418,
        0x241A, 0x241C, 0x241E, 0x2420, 0x2422, 0x2424, 0x2426, 0x2428, 0x242A, 0x242C, 0x242E, 0x2431, 0x2434, 0x2437, 0x243A, 0x243D,
        0x2440, 0x2443, 0x2446, 0x2449, 0x244C, 0x244F, 0x2452, 0x2455, 0x2458, 0x245B, 0x245E, 0x2461, 0x2464, 0x2466, 0x2468, 0x246A,
        0x246C, 0x246F, 0x2472, 0x2475, 0x2478, 0x247B, 0x247E, 0x2481, 0x2484, 0x2487, 0x248A, 0x248D, 0x2490, 0x2493, 0x2496, 0x2499,
        0x249C, 0x249F, 0x24A2, 0x24A5, 0x24A8, 0x24AB, 0x24AE, 0x24B1, 0x24B4, 0x24B7, 0x24BA, 0x24BD, 0x24C0, 0x24C3, 0x24C6, 0x24C9,
        0x24CC, 0x24CF, 0x24D2, 0x24D5, 0x24D8, 0x24DB, 0x24DE, 0x24E1, 0x24E4, 0x24E7, 0x24EA, 0x24ED, 0x24F0, 0x24F3, 0x24F6, 0x24F9,
        0x24FC, 0x24FF, 0x2502, 0x2505, 0x2508, 0x250B, 0x250E, 0x2511, 0x2514, 0x2517, 0x251A, 0x251D, 0x2520, 0x2523, 0x2526, 0x2529,
        0x252C, 0x252F, 0x2532, 0x2535, 0x2538, 0x253B, 0x253E, 0x2541, 0x2544, 0x2547, 0x254A, 0x254D, 0x2550, 0x2553, 0x2556, 0x2559,
        0x255C, 0x255F, 0x2562, 0x2565, 0x2568, 0x256B, 0x256E, 0x2571, 0x2574, 0x2577, 0x257A, 0x257D, 0x2580, 0x2583, 0x2586, 0x258A,
        0x258E, 0x2592, 0x2596, 0x259A, 0x259E, 0x25A1, 0x25A4, 0x25A7, 0x25AA, 0x25AD, 0x25B0, 0x25B3, 0x25B6, 0x25B9, 0x25BC, 0x25BF,
        0x25C2, 0x25C5, 0x25C8, 0x25CB, 0x25CE, 0x25D1, 0x25D4, 0x25D7, 0x25DA, 0x25DD, 0x25E0, 0x25E3, 0x25E6, 0x25E9, 0x25EC, 0x25EF,
        0x25F2, 0x25F5, 0x25F8, 0x25FB, 0x25FE, 0x2601, 0x2604, 0x2607, 0x260A, 0x260D, 0x2610, 0x2613, 0x2616, 0x2619, 0x261C, 0x261F,
        0x2622, 0x2625, 0x2628, 0x262B, 0x262E, 0x2631, 0x2634, 0x2637, 0x263A, 0x263D, 0x2640, 0x2643, 0x2646, 0x2649, 0x264C, 0x264F,
        0x2652, 0x2655, 0x2658, 0x265B, 0x265E, 0x2661, 0x2664, 0x2667, 0x266A, 0x266D, 0x2670, 0x2673, 0x2676, 0x2679, 0x267C, 0x267F,
        0x2682, 0x2685, 0x2688, 0x268B, 0x268E, 0x2691, 0x2694, 0x2697, 0x269A, 0x269D, 0x26A0, 0x26A3, 0x26A6, 0x26A9, 0x26AC, 0x26AF,
        0x26B2, 0x26B5, 0x26B8, 0x26BB, 0x26BE, 0x26C1, 0x26C4, 0x26C7, 0x26CA, 0x26CD, 0x26D0, 0x26D3, 0x26D6, 0x26D9, 0x26DC, 0x26DF,
        0x26E2, 0x26E5, 0x26E8, 0x26EB, 0x26EE, 0x26F1, 0x26F4, 0x26F7, 0x26FA, 0x26FD, 0x2700, 0x2703, 0x2706, 0x2709, 0x270C, 0x270F,
        0x2712, 0x2715, 0x2718, 0x271B, 0x271E, 0x2721, 0x2724, 0x2727, 0x272A, 0x272D, 0x2730, 0x2733, 0x2736, 0x2739, 0x273C, 0x273F,
        0x2742, 0x2745, 0x2748, 0x274C, 0x2750, 0x2754, 0x2757, 0x275A, 0x275D, 0x2760, 0x2763, 0x2766, 0x2769, 0x276C, 0x276F, 0x2772,
        0x2775, 0x2778, 0x277B, 0x277E, 0x2781, 0x2784, 0x2787, 0x278A, 0x278D, 0x2790, 0x2793, 0x2796, 0x2799, 0x279C, 0x279F, 0x27A2,
        0x27A5, 0x27A8, 0x27AB, 0x27AE, 0x27B1, 0x27B4, 0x27B7, 0x27BA, 0x27BD, 0x27C0, 0x27C3, 0x27C6, 0x27C9, 0x27CC, 0x27CF, 0x27D2,
        0x27D5, 0x27D8, 0x27DB, 0x27DE, 0x27E1, 0x27E4, 0x27E7, 0x27EA, 0x27ED, 0x27F0, 0x27F3, 0x27F6, 0x27F9, 0x27FC, 0x27FF, 0x2802,
        0x2805, 0x2808, 0x280B, 0x280E, 0x2811, 0x2814, 0x2817, 0x281A, 0x281D, 0x2820, 0x2823, 0x2826, 0x2829, 0x282C, 0x0000, 0x0000,
        0x0000, 0x0000, 0x0000, 0x0000, 0x0000, 0x0000, 0x0000, 0x0000, 0x0000, 0x0000, 0x0000, 0x0000, 0x0000, 0x0000, 0x0000, 0x0000,
        0x282F, 0x2833, 0x2837, 0x283B, 0x283F, 0x2843, 0x2847, 0x284B, 0x284F, 0x2853, 0x2857, 0x285B, 0x285F, 0x2863, 0x2867, 0x286B,
        0x286F, 0x2873, 0x2877, 0x287B, 0x287F, 0x2883, 0x2887, 0x288B, 0x288F, 0x2893, 0x2897, 0x289B, 0x289F, 0x28A3, 0x28A7, 0x28AB,
        0x28AF, 0x28B3, 0x28B7, 0x28BB, 0x28BF, 0x28C3, 0x28C7, 0x28CB, 0x28CF, 0x28D3, 0x28D7, 0x28DB, 0x28DF, 0x28E3, 0x28E7, 0x28EB,
        0x28EF, 0x28F3, 0x28F7, 0x28FB, 0x28FF, 0x2903, 0x2907, 0x290B, 0x290F, 0x2913, 0x2917, 0x291B, 0x291F, 0x2923, 0x2927, 0x292B,
        0x0000, 0x0000, 0x292F, 0x2933, 0x2937, 0x293B, 0x293F, 0x2943, 0x2947, 0x294B, 0x294F, 0x2953, 0x2957, 0x295B, 0x295F, 0x2963,
        0x2967, 0x296B, 0x296F, 0x2973, 0x2977, 0x297B, 0x297F, 0x2983, 0x2987, 0x298B, 0x298F, 0x2993, 0x2997, 0x299B, 0x299F, 0x29A3,
        0x29A7, 0x29AB, 0x29AF, 0x29B3, 0x29B7, 0x29BB, 0x29BF, 0x29C3, 0x29C7, 0x29CB, 0x29CF, 0x29D3, 0x29D7, 0x29DB, 0x29DF, 0x29E3,
        0x29E7, 0x29EB, 0x29EF, 0x29F3, 0x29F7, 0x29FB, 0x29FF, 0x2A03, 0x0000, 0x0000, 0x0000, 0x0000, 0x0000, 0x0000, 0x0000, 0x0000,
        0x0000, 0x0000, 0x0000, 0x0000, 0x0000, 0x0000, 0x0000, 0x0000, 0x0000, 0x0000, 0x0000, 0x0000, 0x0000, 0x0000, 0x0000, 0x0000,
        0x0000, 0x0000, 0x0000, 0x0000, 0x0000, 0x0000, 0x0000, 0x0000, 0x0000, 0x0000, 0x0000, 0x0000, 0x0000, 0x0000, 0x0000, 0x0000,
        0x2A07, 0x2A0B, 0x2A0F, 0x2A14, 0x2A19, 0x2A1E, 0x2A23, 0x2A28, 0x2A2D, 0x2A32, 0x2A36, 0x2A49, 0x2A52, 0x0000, 0x0000, 0x0000,
        0x0000, 0x0000, 0x0000, 0x0000, 0x0000, 0x0000, 0x0000, 0x0000, 0x0000, 0x0000, 0x0000, 0x0000, 0x0000, 0x0000, 0x0000, 0x0000,
        0x2A57, 0x2A59, 0x2A5B, 0x2A5D, 0x2A5F, 0x2A61, 0x2A63, 0x2A65, 0x2A67, 0x2A69, 0x0000, 0x0000, 0x0000, 0x0000, 0x0000, 0x0000,
        0x0000, 0x0000, 0x0000, 0x0000, 0x0000, 0x0000, 0x0000, 0x0000, 0x0000, 0x0000, 0x0000, 0x0000, 0x0000, 0x0000, 0x0000, 0x0000,
        0x2A6B, 0x2A6D, 0x2A6F, 0x2A71, 0x2A73, 0x2A75, 0x2A77, 0x2A79, 0x2A7B, 0x2A7D, 0x2A7F, 0x2A81, 0x2A83, 0x2A85, 0x2A87, 0x2A89,
        0x2A8B, 0x2A8D, 0x2A8F, 0x2A91, 0x2A93, 0x0000, 0x0000, 0x2A95, 0x2A97, 0x2A99, 0x2A9B, 0x2A9D, 0x2A9F, 0x2AA1, 0x2AA3, 0x2AA5,
        0x2AA7, 0x2AA9, 0x2AAB, 0x0000, 0x2AAD, 0x2AAF, 0x2AB1, 0x2AB3, 0x2AB5, 0x2AB7, 0x2AB9, 0x2ABB, 0x2ABD, 0x2ABF, 0x2AC1, 0x2AC3,
        0x2AC5, 0x2AC7, 0x2AC9, 0x2ACB, 0x2ACD, 0x2ACF, 0x2AD1, 0x0000, 0x2AD3, 0x2AD5, 0x2AD7, 0x2AD9, 0x0000, 0x0000, 0x0000, 0x0000,
        0x2ADB, 0x2ADE, 0x2AE1, 0x0000, 0x2AE4, 0x0000, 0x2AE7, 0x2AEA, 0x2AED, 0x2AF0, 0x2AF3, 0x2AF6, 0x2AF9, 0x2AFC, 0x2AFF, 0x2B02,
        0x2B05, 0x2B07, 0x2B09, 0x2B0B, 0x2B0D, 0x2B0F, 0x2B11, 0x2B13, 0x2B15, 0x2B17, 0x2B19, 0x2B1B, 0x2B1D, 0x2B1F, 0x2B21, 0x2B23,
        0x2B25, 0x2B27, 0x2B29, 0x2B2B, 0x2B2D, 0x2B2F, 0x2B31, 0x2B33, 0x2B35, 0x2B37, 0x2B39, 0x2B3B, 0x2B3D, 0x2B3F, 0x2B41, 0x2B43,
        0x2B45, 0x2B47, 0x2B49, 0x2B4B, 0x2B4D, 0x2B4F, 0x2B51, 0x2B53, 0x2B55, 0x2B57, 0x2B59, 0x2B5B, 0x2B5D, 0x2B5F, 0x2B61, 0x2B63,
        0x2B65, 0x2B67, 0x2B69, 0x2B6B, 0x2B6D, 0x2B6F, 0x2B71, 0x2B73, 0x2B75, 0x2B77, 0x2B79, 0x2B7B, 0x2B7D, 0x2B7F, 0x2B81, 0x2B83,
        0x2B85, 0x2B87, 0x2B89, 0x2B8B, 0x2B8D, 0x2B8F, 0x2B91, 0x2B93, 0x2B95, 0x2B97, 0x2B99, 0x2B9B, 0x2B9D, 0x2B9F, 0x2BA1, 0x2BA3,
        0x2BA5, 0x2BA7, 0x2BA9, 0x2BAB, 0x2BAD, 0x2BAF, 0x2BB1, 0x2BB3, 0x2BB5, 0x2BB7, 0x2BB9, 0x2BBB, 0x2BBD, 0x2BBF, 0x2BC1, 0x2BC3,
        0x2BC5, 0x2BC7, 0x2BC9, 0x2BCB, 0x2BCD, 0x2BCF, 0x2BD1, 0x2BD3, 0x2BD5, 0x2BD7, 0x2BD9, 0x2BDB, 0x2BDD, 0x2BDF, 0x2BE1, 0x2BE3,
        0x2BE5, 0x2BE7, 0x2BE9, 0x2BEB, 0x2BED, 0x2BEF, 0x2BF2, 0x2BF5, 0x2BF8, 0x2BFB, 0x2BFE, 0x2C01, 0x2C04, 0x0000, 0x0000, 0x0000,
        0x0000, 0x2C07, 0x2C09, 0x2C0B, 0x2C0D, 0x2C0F, 0x2C11, 0x2C13, 0x2C15, 0x2C17, 0x2C19, 0x2C1B, 0x2C1D, 0x2C1F, 0x2C21, 0x2C23,
        0x2C25, 0x2C27, 0x2C29, 0x2C2B, 0x2C2D, 0x2C2F, 0x2C31, 0x2C33, 0x2C35, 0x2C37, 0x2C39, 0x2C3B, 0x2C3D, 0x2C3F, 0x2C41, 0x2C43,
        0x2C45, 0x2C47, 0x2C49, 0x2C4B, 0x2C4D, 0x2C4F, 0x2C51, 0x2C53, 0x2C55, 0x2C57, 0x2C59, 0x2C5B, 0x2C5D, 0x2C5F, 0x2C61, 0x2C63,
        0x2C65, 0x2C67, 0x2C69, 0x2C6B, 0x2C6D, 0x2C6F, 0x2C71, 0x2C73, 0x2C75, 0x2C77, 0x2C79, 0x2C7B, 0x2C7D, 0x2C7F, 0x2C81, 0x2C83,
        0x2C85, 0x2C87, 0x2C89, 0x2C8B, 0x2C8D, 0x2C8F, 0x2C91, 0x2C93, 0x2C95, 0x2C97, 0x2C99, 0x2C9B, 0x2C9D, 0x2C9F, 0x2CA1, 0x2CA3,
        0x2CA5, 0x2CA7, 0x2CA9, 0x2CAB, 0x2CAD, 0x2CAF, 0x2CB1, 0x2CB3, 0x2CB5, 0x2CB7, 0x2CB9, 0x2CBB, 0x2CBD, 0x2CBF, 0x2CC1, 0x2CC3,
        0x2CC5, 0x2CC7, 0x2CC9, 0x2CCB, 0x2CCD, 0x2CCF, 0x2CD1, 0x2CD3, 0x2CD5, 0x2CD7, 0x2CD9, 0x2CDB, 0x2CDD, 0x2CDF, 0x2CE1, 0x2CE3,
        0x2CE5, 0x2CE7, 0x2CE9, 0x2CEB, 0x2CED, 0x2CEF, 0x2CF1, 0x2CF3, 0x2CF5, 0x2CF7, 0x2CF9, 0x2CFB, 0x2CFD, 0x2CFF, 0x2D01, 0x2D03,
        0x2D05, 0x2D07, 0x2D09, 0x2D0B, 0x2D0D, 0x2D0F, 0x2D11, 0x2D13, 0x2D15, 0x2D17, 0x2D19, 0x2D1B, 0x2D1D, 0x2D1F, 0x2D21, 0x2D23,
        0x2D25, 0x2D27, 0x2D29, 0x2D2B, 0x2D2D, 0x2D2F, 0x2D31, 0x2D33, 0x2D35, 0x2D37, 0x2D39, 0x2D3B, 0x2D3D, 0x2D3F, 0x2D41, 0x2D43,
        0x2D45, 0x2D47, 0x2D49, 0x2D4B, 0x2D4D, 0x2D4F, 0x2D51, 0x2D53, 0x2D55, 0x2D57, 0x2D59, 0x2D5B, 0x2D5D, 0x2D5F, 0x2D61, 0x2D63,
        0x2D65, 0x2D67, 0x2D69, 0x2D6B, 0x2D6D, 0x2D6F, 0x2D71, 0x2D73, 0x2D75, 0x2D77, 0x2D79, 0x2D7B, 0x2D7D, 0x2D7F, 0x2D81, 0x0000,
        0x0000, 0x0000, 0x2D83, 0x2D85, 0x2D87, 0x2D89, 0x2D8B, 0x2D8D, 0x0000, 0x0000, 0x2D8F, 0x2D91, 0x2D93, 0x2D95, 0x2D97, 0x2D99,
        0x0000, 0x0000, 0x2D9B, 0x2D9D, 0x2D9F, 0x2DA1, 0x2DA3, 0x2DA5, 0x0000, 0x0000, 0x2DA7, 0x2DA9, 0x2DAB, 0x0000, 0x0000, 0x0000,
        0x2DAD, 0x2DAF, 0x2DB1, 0x2DB3, 0x2DB5, 0x2DB7, 0x2DB9, 0x0000, 0x2DBB, 0x2DBD, 0x2DBF, 0x2DC1, 0x2DC3, 0x2DC5, 0x2DC7, 0x0000,
        0x0000, 0x0000, 0x0000, 0x0000, 0x0000, 0x0000, 0x0000, 0x0000, 0x0000, 0x0000, 0x0000, 0x0000, 0x0000, 0x0000, 0x0000, 0x0000,
        0x0000, 0x0000, 0x0000, 0x0000, 0x0000, 0x0000, 0x0000, 0x0000, 0x0000, 0x0000, 0x0000, 0x0000, 0x0000, 0x0000, 0x0000, 0x0000,
        0x0000, 0x0000, 0x0000, 0x0000, 0x0000, 0x0000, 0x0000, 0x0000, 0x0000, 0x0000, 0x0000, 0x0000, 0x0000, 0x0000, 0x0000, 0x0000,
        0x0000, 0x0000, 0x0000, 0x0000, 0x0000, 0x0000, 0x0000, 0x0000, 0x0000, 0x0000, 0x0000, 0x0000, 0x0000, 0x0000, 0x0000, 0x0000,
        0x0000, 0x0000, 0x0000, 0x0000, 0x0000, 0x0000, 0x0000, 0x0000, 0x0000, 0x0000, 0x0000, 0x0000, 0x0000, 0x0000, 0x0000, 0x0000,
        0x0000, 0x0000, 0x0000, 0x0000, 0x0000, 0x0000, 0x0000, 0x0000, 0x0000, 0x2DC9, 0x0000, 0x0000, 0x0000, 0x0000, 0x0000, 0x0000,
        0x0000, 0x0000, 0x0000, 0x0000, 0x0000, 0x0000, 0x0000, 0x0000, 0x0000, 0x0000, 0x0000, 0x0000, 0x0000, 0x0000, 0x0000, 0x0000,
        0x0000, 0x0000, 0x0000, 0x0000, 0x2DCC, 0x0000, 0x0000, 0x0000, 0x0000, 0x0000, 0x0000, 0x0000, 0x0000, 0x0000, 0x0000, 0x0000,
        0x0000, 0x0000, 0x0000, 0x0000, 0x0000, 0x0000, 0x0000, 0x0000, 0x0000, 0x0000, 0x0000, 0x0000, 0x0000, 0x0000, 0x0000, 0x0000,
        0x0000, 0x2DCF, 0x2DD1, 0x2DD3, 0x2DD5, 0x2DD7, 0x0000, 0x2DD9, 0x2DDB, 0x2DDD, 0x2DDF, 0x2DE1, 0x2DE3, 0x2DE5, 0x2DE7, 0x2DE9,
        0x2DEB, 0x2DED, 0x2DEF, 0x2DF1, 0x2DF3, 0x2DF5, 0x2DF7, 0x2DF9, 0x2DFB, 0x2DFD, 0x2DFF, 0x2E01, 0x2E03, 0x2E05, 0x2E07, 0x2E09,
        0x2E0B, 0x2E0D, 0x2E0F, 0x2E11, 0x2E13, 0x2E15, 0x2E17, 0x2E19, 0x2E1B, 0x2E1D, 0x2E1F, 0x2E21, 0x2E23, 0x2E25, 0x2E27, 0x2E29,
        0x2E2B, 0x0000, 0x2E2D, 0x2E2F, 0x2E31, 0x2E33, 0x2E35, 0x2E37, 0x2E39, 0x2E3B, 0x2E3D, 0x0000, 0x0000, 0x0000, 0x0000, 0x0000,
        0x0000, 0x0000, 0x0000, 0x0000, 0x0000, 0x0000, 0x0000, 0x0000, 0x0000, 0x0000, 0x0000, 0x0000, 0x0000, 0x0000, 0x0000, 0x0000,
        0x0000, 0x0000, 0x0000, 0x0000, 0x0000, 0x0000, 0x0000, 0x0000, 0x0000, 0x0000, 0x0000, 0x0000, 0x0000, 0x0000, 0x0000, 0x0000,
        0x0000, 0x0000, 0x0000, 0x0000, 0x0000, 0x0000, 0x0000, 0x0000, 0x0000, 0x0000, 0x0000, 0x0000, 0x0000, 0x0000, 0x0000, 0x0000,
        0x0000, 0x0000, 0x0000, 0x0000, 0x0000, 0x0000, 0x0000, 0x0000, 0x0000, 0x0000, 0x0000, 0x0000, 0x0000, 0x0000, 0x0000, 0x0000,
        0x0000, 0x0000, 0x0000, 0x0000, 0x0000, 0x0000, 0x0000, 0x0000, 0x0000, 0x0000, 0x0000, 0x0000, 0x0000, 0x0000, 0x0000, 0x0000,
        0x0000, 0x0000, 0x0000, 0x0000, 0x0000, 0x0000, 0x0000, 0x0000, 0x0000, 0x0000, 0x2E3F, 0x0000, 0x2E42, 0x0000, 0x0000, 0x0000,
        0x0000, 0x0000, 0x0000, 0x0000, 0x0000, 0x0000, 0x0000, 0x0000, 0x0000, 0x0000, 0x0000, 0x2E45, 0x0000, 0x0000, 0x0000, 0x0000,
        0x0000, 0x0000, 0x0000, 0x0000, 0x0000, 0x0000, 0x0000, 0x0000, 0x0000, 0x0000, 0x0000, 0x0000, 0x0000, 0x0000, 0x0000, 0x0000,
        0x0000, 0x0000, 0x0000, 0x0000, 0x0000, 0x0000, 0x0000, 0x0000, 0x0000, 0x0000, 0x0000, 0x0000, 0x0000, 0x0000, 0x0000, 0x0000,
        0x0000, 0x0000, 0x0000, 0x0000, 0x0000, 0x0000, 0x0000, 0x0000, 0x0000, 0x0000, 0x0000, 0x0000, 0x0000, 0x0000, 0x0000, 0x0000,
        0x0000, 0x0000, 0x0000, 0x0000, 0x0000, 0x0000, 0x0000, 0x0000, 0x0000, 0x0000, 0x0000, 0x0000, 0x0000, 0x0000, 0x0000, 0x0000,
        0x0000, 0x0000, 0x0000, 0x0000, 0x0000, 0x0000, 0x0000, 0x0000, 0x0000, 0x0000, 0x0000, 0x0000, 0x0000, 0x0000, 0x0000, 0x0000,
        0x0000, 0x0000, 0x0000, 0x0000, 0x0000, 0x0000, 0x0000, 0x0000, 0x0000, 0x0000, 0x0000, 0x0000, 0x0000, 0x0000, 0x0000, 0x0000,
        0x0000, 0x0000, 0x0000, 0x0000, 0x0000, 0x0000, 0x0000, 0x0000, 0x0000, 0x0000, 0x0000, 0x0000, 0x0000, 0x0000, 0x0000, 0x0000,
        0x0000, 0x0000, 0x0000, 0x0000, 0x0000, 0x0000, 0x0000, 0x0000, 0x0000, 0x0000, 0x0000, 0x0000, 0x0000, 0x0000, 0x2E48, 0x2E4B,
        0x0000, 0x0000, 0x0000, 0x0000, 0x0000, 0x0000, 0x0000, 0x0000, 0x0000, 0x0000, 0x0000, 0x0000, 0x0000, 0x0000, 0x0000, 0x0000,
        0x0000, 0x0000, 0x0000, 0x0000, 0x0000, 0x0000, 0x0000, 0x0000, 0x0000, 0x0000, 0x0000, 0x0000, 0x0000, 0x0000, 0x0000, 0x0000,
        0x0000, 0x0000, 0x0000, 0x0000, 0x0000, 0x0000, 0x0000, 0x0000, 0x0000, 0x0000, 0x0000, 0x0000, 0x0000, 0x0000, 0x0000, 0x0000,
        0x0000, 0x0000, 0x0000, 0x0000, 0x0000, 0x0000, 0x0000, 0x0000, 0x0000, 0x0000, 0x0000, 0x0000, 0x0000, 0x0000, 0x0000, 0x0000,
        0x0000, 0x0000, 0x0000, 0x0000, 0x0000, 0x0000, 0x0000, 0x0000, 0x0000, 0x0000, 0x0000, 0x0000, 0x0000, 0x0000, 0x0000, 0x0000,
        0x0000, 0x0000, 0x0000, 0x0000, 0x0000, 0x0000, 0x0000, 0x0000, 0x0000, 0x0000, 0x0000, 0x0000, 0x0000, 0x0000, 0x0000, 0x0000,
        0x0000, 0x0000, 0x0000, 0x0000, 0x0000, 0x0000, 0x0000, 0x0000, 0x0000, 0x0000, 0x0000, 0x0000, 0x0000, 0x0000, 0x0000, 0x0000,
        0x0000, 0x0000, 0x0000, 0x0000, 0x0000, 0x0000, 0x0000, 0x0000, 0x0000, 0x0000, 0x0000, 0x0000, 0x0000, 0x0000, 0x0000, 0x0000,
        0x0000, 0x0000, 0x0000, 0x0000, 0x0000, 0x0000, 0x0000, 0x0000, 0x0000, 0x0000, 0x0000, 0x0000, 0x0000, 0x0000, 0x0000, 0x0000,
        0x0000, 0x0000, 0x0000, 0x0000, 0x0000, 0x0000, 0x0000, 0x0000, 0x0000, 0x0000, 0x0000, 0x2E4E, 0x2E51, 0x0000, 0x0000, 0x0000,
        0x0000, 0x0000, 0x0000, 0x0000, 0x0000, 0x0000, 0x0000, 0x0000, 0x0000, 0x0000, 0x0000, 0x0000, 0x0000, 0x0000, 0x0000, 0x0000,
        0x0000, 0x0000, 0x0000, 0x0000, 0x0000, 0x0000, 0x0000, 0x0000, 0x0000, 0x0000, 0x0000, 0x0000, 0x0000, 0x0000, 0x0000, 0x0000,
        0x0000, 0x0000, 0x0000, 0x0000, 0x0000, 0x0000, 0x0000, 0x0000, 0x0000, 0x0000, 0x0000, 0x0000, 0x0000, 0x0000, 0x0000, 0x0000,
        0x0000, 0x0000, 0x0000, 0x2E54, 0x0000, 0x2E57, 0x0000, 0x0000, 0x0000, 0x0000, 0x0000, 0x0000, 0x0000, 0x0000, 0x2E5A, 0x0000,
        0x0000, 0x2E5D, 0x0000, 0x0000, 0x0000, 0x0000, 0x0000, 0x0000, 0x0000, 0x0000, 0x0000, 0x0000, 0x0000, 0x0000, 0x0000, 0x0000,
        0x0000, 0x0000, 0x0000, 0x0000, 0x0000, 0x0000, 0x0000, 0x0000, 0x0000, 0x0000, 0x0000, 0x0000, 0x0000, 0x0000, 0x0000, 0x0000,
        0x0000, 0x0000, 0x0000, 0x0000, 0x0000, 0x0000, 0x0000, 0x0000, 0x0000, 0x0000, 0x0000, 0x0000, 0x0000, 0x0000, 0x0000, 0x0000,
        0x0000, 0x0000, 0x0000, 0x0000, 0x0000, 0x2E60, 0x0000, 0x2E63, 0x2E66, 0x0000, 0x0000, 0x0000, 0x0000, 0x0000, 0x0000, 0x0000,
        0x0000, 0x0000, 0x0000, 0x0000, 0x0000, 0x0000, 0x0000, 0x0000, 0x0000, 0x0000, 0x0000, 0x0000, 0x0000, 0x0000, 0x0000, 0x0000,
        0x0000, 0x0000, 0x0000, 0x0000, 0x0000, 0x0000, 0x0000, 0x0000, 0x0000, 0x0000, 0x0000, 0x0000, 0x0000, 0x0000, 0x0000, 0x0000,
        0x0000, 0x0000, 0x0000, 0x0000, 0x0000, 0x0000, 0x0000, 0x0000, 0x0000, 0x0000, 0x0000, 0x0000, 0x0000, 0x0000, 0x0000, 0x0000,
        0x0000, 0x0000, 0x0000, 0x0000, 0x0000, 0x0000, 0x0000, 0x0000, 0x0000, 0x0000, 0x0000, 0x0000, 0x0000, 0x0000, 0x0000, 0x0000,
        0x0000, 0x0000, 0x0000, 0x0000, 0x0000, 0x0000, 0x0000, 0x0000, 0x0000, 0x0000, 0x0000, 0x0000, 0x0000, 0x0000, 0x0000, 0x0000,
        0x0000, 0x0000, 0x0000, 0x0000, 0x0000, 0x0000, 0x0000, 0x0000, 0x0000, 0x0000, 0x0000, 0x0000, 0x0000, 0x0000, 0x0000, 0x0000,
        0x0000, 0x0000, 0x0000, 0x0000, 0x0000, 0x0000, 0x0000, 0x0000, 0x0000, 0x0000, 0x0000, 0x2E69, 0x2E6C, 0x0000, 0x2E6F, 0x0000,
        0x0000, 0x0000, 0x0000, 0x0000, 0x0000, 0x0000, 0x0000, 0x0000, 0x0000, 0x0000, 0x0000, 0x0000, 0x0000, 0x0000, 0x0000, 0x0000,
        0x0000, 0x0000, 0x0000, 0x0000, 0x0000, 0x0000, 0x0000, 0x0000, 0x0000, 0x0000, 0x0000, 0x0000, 0x0000, 0x0000, 0x0000, 0x0000,
        0x0000, 0x0000, 0x0000, 0x0000, 0x0000, 0x0000, 0x0000, 0x0000, 0x0000, 0x0000, 0x0000, 0x0000, 0x0000, 0x0000, 0x0000, 0x0000,
        0x0000, 0x0000, 0x0000, 0x0000, 0x0000, 0x0000, 0x0000, 0x0000, 0x0000, 0x0000, 0x0000, 0x0000, 0x0000, 0x0000, 0x0000, 0x0000,
        0x0000, 0x0000, 0x0000, 0x0000, 0x0000, 0x0000, 0x0000, 0x0000, 0x0000, 0x0000, 0x0000, 0x0000, 0x0000, 0x0000, 0x0000, 0x0000,
        0x0000, 0x0000, 0x0000, 0x0000, 0x0000, 0x0000, 0x0000, 0x0000, 0x0000, 0x0000, 0x0000, 0x0000, 0x0000, 0x0000, 0x0000, 0x0000,
        0x0000, 0x0000, 0x0000, 0x0000, 0x0000, 0x0000, 0x0000, 0x0000, 0x0000, 0x0000, 0x0000, 0x0000, 0x0000, 0x0000, 0x0000, 0x0000,
        0x0000, 0x0000, 0x0000, 0x0000, 0x0000, 0x0000, 0x0000, 0x0000, 0x0000, 0x0000, 0x2E72, 0x2E75, 0x0000, 0x0000, 0x0000, 0x0000,
        0x0000, 0x0000, 0x0000, 0x0000, 0x0000, 0x0000, 0x0000, 0x0000, 0x0000, 0x0000, 0x0000, 0x0000, 0x0000, 0x0000, 0x0000, 0x0000,
        0x0000, 0x0000, 0x0000, 0x0000, 0x0000, 0x0000, 0x0000, 0x0000, 0x0000, 0x0000, 0x0000, 0x0000, 0x0000, 0x0000, 0x0000, 0x0000,
        0x0000, 0x0000, 0x0000, 0x0000, 0x0000, 0x0000, 0x0000, 0x0000, 0x0000, 0x0000, 0x0000, 0x0000, 0x0000, 0x0000, 0x0000, 0x0000,
        0x0000, 0x0000, 0x0000, 0x0000, 0x0000, 0x0000, 0x0000, 0x0000, 0x0000, 0x0000, 0x0000, 0x0000, 0x0000, 0x0000, 0x0000, 0x0000,
        0x0000, 0x0000, 0x0000, 0x0000, 0x0000, 0x0000, 0x0000, 0x0000, 0x0000, 0x0000, 0x0000, 0x0000, 0x0000, 0x0000, 0x0000, 0x0000,
        0x0000, 0x0000, 0x0000, 0x0000, 0x0000, 0x0000, 0x0000, 0x0000, 0x0000, 0x0000, 0x0000, 0x0000, 0x0000, 0x0000, 0x0000, 0x0000,
        0x0000, 0x0000, 0x0000, 0x0000, 0x0000, 0x0000, 0x0000, 0x0000, 0x0000, 0x0000, 0x0000, 0x0000, 0x0000, 0x0000, 0x0000, 0x0000,
        0x0000, 0x0000, 0x0000, 0x0000, 0x0000, 0x0000, 0x0000, 0x0000, 0x2E78, 0x0000, 0x0000, 0x0000, 0x0000, 0x0000, 0x0000, 0x0000,
        0x0000, 0x0000, 0x0000, 0x0000, 0x0000, 0x0000, 0x0000, 0x0000, 0x0000, 0x0000, 0x0000, 0x0000, 0x0000, 0x0000, 0x0000, 0x0000,
        0x0000, 0x0000, 0x0000, 0x0000, 0x0000, 0x0000, 0x0000, 0x0000, 0x0000, 0x0000, 0x0000, 0x0000, 0x0000, 0x0000, 0x0000, 0x0000,
        0x0000, 0x0000, 0x0000, 0x0000, 0x0000, 0x0000, 0x0000, 0x0000, 0x0000, 0x0000, 0x0000, 0x0000, 0x0000, 0x0000, 0x0000, 0x0000,
        0x0000, 0x0000, 0x0000, 0x0000, 0x0000, 0x0000, 0x0000, 0x0000, 0x0000, 0x0000, 0x0000, 0x0000, 0x0000, 0x0000, 0x0000, 0x0000,
        0x0000, 0x0000, 0x0000, 0x0000, 0x0000, 0x0000, 0x0000, 0x0000, 0x0000, 0x0000, 0x0000, 0x0000, 0x0000, 0x0000, 0x0000, 0x0000,
        0x0000, 0x0000, 0x0000, 0x0000, 0x0000, 0x0000, 0x0000, 0x0000, 0x0000, 0x0000, 0x0000, 0x0000, 0x0000, 0x0000, 0x0000, 0x0000,
        0x0000, 0x2E7B, 0x2E7E, 0x2E81, 0x2E84, 0x2E87, 0x2E8A, 0x2E8D, 0x2E90, 0x0000, 0x0000, 0x0000, 0x0000, 0x0000, 0x0000, 0x0000,
        0x0000, 0x0000, 0x0000, 0x0000, 0x0000, 0x0000, 0x0000, 0x0000, 0x0000, 0x0000, 0x0000, 0x0000, 0x0000, 0x0000, 0x0000, 0x0000,
        0x0000, 0x0000, 0x0000, 0x0000, 0x0000, 0x0000, 0x0000, 0x0000, 0x0000, 0x0000, 0x0000, 0x0000, 0x0000, 0x0000, 0x0000, 0x0000,
        0x0000, 0x0000, 0x0000, 0x0000, 0x0000, 0x0000, 0x0000, 0x0000, 0x0000, 0x0000, 0x0000, 0x0000, 0x0000, 0x0000, 0x0000, 0x0000,
        0x0000, 0x0000, 0x0000, 0x0000, 0x0000, 0x0000, 0x0000, 0x0000, 0x0000, 0x0000, 0x0000, 0x0000, 0x0000, 0x0000, 0x0000, 0x0000,
        0x0000, 0x0000, 0x0000, 0x0000, 0x0000, 0x0000, 0x0000, 0x0000, 0x0000, 0x0000, 0x0000, 0x0000, 0x0000, 0x0000, 0x0000, 0x0000,
        0x0000, 0x0000, 0x0000, 0x0000, 0x0000, 0x0000, 0x0000, 0x0000, 0x0000, 0x0000, 0x0000, 0x0000, 0x0000, 0x0000, 0x0000, 0x0000,
        0x0000, 0x0000, 0x0000, 0x0000, 0x0000, 0x0000, 0x0000, 0x0000, 0x0000, 0x0000, 0x0000, 0x0000, 0x0000, 0x0000, 0x0000, 0x0000,
        0x0000, 0x0000, 0x0000, 0x0000, 0x0000, 0x0000, 0x0000, 0x0000, 0x0000, 0x0000, 0x0000, 0x0000, 0x0000, 0x0000, 0x0000, 0x0000,
        0x0000, 0x0000, 0x0000, 0x0000, 0x0000, 0x0000, 0x0000, 0x0000, 0x0000, 0x0000, 0x0000, 0x0000, 0x0000, 0x0000, 0x0000, 0x0000,
        0x0000, 0x0000, 0x0000, 0x0000, 0x0000, 0x0000, 0x0000, 0x0000, 0x0000, 0x0000, 0x0000, 0x0000, 0x0000, 0x0000, 0x0000, 0x0000,
        0x0000, 0x0000, 0x0000, 0x0000, 0x0000, 0x0000, 0x0000, 0x0000, 0x0000, 0x0000, 0x0000, 0x0000, 0x0000, 0x0000, 0x0000, 0x0000,
        0x0000, 0x0000, 0x0000, 0x0000, 0x0000, 0x0000, 0x0000, 0x0000, 0x2E93, 0x2E96, 0x2E99, 0x0000, 0x0000, 0x0000, 0x0000, 0x0000,
        0x0000, 0x0000, 0x0000, 0x0000, 0x0000, 0x0000, 0x0000, 0x0000, 0x0000, 0x0000, 0x0000, 0x0000, 0x0000, 0x0000, 0x0000, 0x0000,
        0x0000, 0x0000, 0x0000, 0x0000, 0x0000, 0x0000, 0x0000, 0x0000, 0x0000, 0x0000, 0x0000, 0x0000, 0x0000, 0x0000, 0x0000, 0x0000,
        0x0000, 0x0000, 0x0000, 0x0000, 0x0000, 0x0000, 0x0000, 0x0000, 0x0000, 0x0000, 0x0000, 0x0000, 0x0000, 0x0000, 0x0000, 0x0000,
        0x0000, 0x0000, 0x0000, 0x0000, 0x0000, 0x0000, 0x0000, 0x0000, 0x0000, 0x0000, 0x0000, 0x0000, 0x0000, 0x0000, 0x0000, 0x0000,
        0x0000, 0x0000, 0x0000, 0x0000, 0x0000, 0x0000, 0x0000, 0x0000, 0x0000, 0x0000, 0x0000, 0x0000, 0x0000, 0x0000, 0x0000, 0x0000,
        0x0000, 0x0000, 0x0000, 0x0000, 0x0000, 0x0000, 0x0000, 0x0000, 0x0000, 0x0000, 0x0000, 0x0000, 0x0000, 0x0000, 0x0000, 0x0000,
        0x0000, 0x0000, 0x0000, 0x0000, 0x0000, 0x0000, 0x2E9C, 0x2E9E, 0x2EA0, 0x2EA2, 0x2EA4, 0x2EA6, 0x2EA8, 0x2EAA, 0x2EAC, 0x2EAE,
        0x2EB0, 0x2EB2, 0x2EB4, 0x2EB6, 0x2EB8, 0x2EBA, 0x2EBC, 0x2EBE, 0x2EC0, 0x2EC2, 0x2EC4, 0x2EC6, 0x2EC8, 0x2ECA, 0x2ECC, 0x2ECE,
        0x2ED0, 0x2ED2, 0x2ED4, 0x2ED6, 0x2ED8, 0x2EDA, 0x2EDC, 0x2EDE, 0x2EE0, 0x2EE2, 0x0000, 0x0000, 0x0000, 0x0000, 0x0000, 0x0000,
        0x0000, 0x0000, 0x0000, 0x0000, 0x0000, 0x0000, 0x0000, 0x0000, 0x0000, 0x0000, 0x0000, 0x0000, 0x0000, 0x0000, 0x0000, 0x0000,
        0x0000, 0x0000, 0x0000, 0x0000, 0x0000, 0x0000, 0x0000, 0x0000, 0x0000, 0x0000, 0x0000, 0x0000, 0x0000, 0x0000, 0x0000, 0x0000,
        0x0000, 0x0000, 0x0000, 0x0000, 0x0000, 0x0000, 0x0000, 0x0000, 0x0000, 0x0000, 0x0000, 0x0000, 0x0000, 0x0000, 0x0000, 0x0000,
        0x0000, 0x0000, 0x0000, 0x0000, 0x0000, 0x0000, 0x0000, 0x0000, 0x0000, 0x0000, 0x0000, 0x0000, 0x0000, 0x0000, 0x0000, 0x0000,
        0x0000, 0x0000, 0x0000, 0x0000, 0x0000, 0x0000, 0x0000, 0x0000, 0x0000, 0x0000, 0x0000, 0x0000, 0x0000, 0x0000, 0x0000, 0x0000,
        0x0000, 0x0000, 0x0000, 0x0000, 0x0000, 0x0000, 0x0000, 0x0000, 0x0000, 0x0000, 0x0000, 0x0000, 0x0000, 0x0000, 0x2EE4, 0x2EE7,
        0x2EEA, 0x2EED, 0x2EF0, 0x2EF3, 0x2EF6, 0x0000, 0x0000, 0x0000, 0x0000, 0x0000, 0x0000, 0x0000, 0x0000, 0x0000, 0x0000, 0x0000,
        0x0000, 0x0000, 0x0000, 0x0000, 0x0000, 0x0000, 0x0000, 0x0000, 0x0000, 0x0000, 0x0000, 0x0000, 0x0000, 0x0000, 0x0000, 0x0000,
        0x0000, 0x0000, 0x0000, 0x0000, 0x0000, 0x0000, 0x0000, 0x0000, 0x0000, 0x0000, 0x0000, 0x0000, 0x0000, 0x0000, 0x0000, 0x0000,
        0x0000, 0x0000, 0x0000, 0x0000, 0x0000, 0x0000, 0x0000, 0x0000, 0x0000, 0x0000, 0x0000, 0x0000, 0x0000, 0x0000, 0x0000, 0x0000,
        0x0000, 0x0000, 0x0000, 0x0000, 0x0000, 0x0000, 0x0000, 0x0000, 0x0000, 0x0000, 0x0000, 0x0000, 0x0000, 0x0000, 0x0000, 0x0000,
        0x0000, 0x0000, 0x0000, 0x0000, 0x0000, 0x0000, 0x0000, 0x0000, 0x0000, 0x0000, 0x0000, 0x2EF9, 0x2EFC, 0x2EFF, 0x2F02, 0x2F05,
        0x2F08, 0x0000, 0x0000, 0x0000, 0x0000, 0x0000, 0x0000, 0x0000, 0x0000, 0x0000, 0x0000, 0x0000, 0x0000, 0x0000, 0x0000, 0x0000,
        0x0000, 0x0000, 0x0000, 0x0000, 0x0000, 0x0000, 0x0000, 0x0000, 0x0000, 0x0000, 0x0000, 0x0000, 0x0000, 0x0000, 0x0000, 0x0000,
        0x0000, 0x0000, 0x0000, 0x0000, 0x0000, 0x0000, 0x0000, 0x0000, 0x0000, 0x0000, 0x0000, 0x0000, 0x0000, 0x0000, 0x0000, 0x0000,
        0x0000, 0x0000, 0x0000, 0x0000, 0x0000, 0x0000, 0x0000, 0x0000, 0x0000, 0x0000, 0x0000, 0x0000, 0x0000, 0x0000, 0x0000, 0x0000,
        0x2F0B, 0x2F0D, 0x2F0F, 0x2F11, 0x2F13, 0x2F15, 0x2F17, 0x2F19, 0x2F1B, 0x2F1D, 0x2F1F, 0x2F21, 0x2F23, 0x2F25, 0x2F27, 0x2F29,
        0x2F2B, 0x2F2D, 0x2F2F, 0x2F31, 0x2F33, 0x2F35, 0x2F37, 0x2F39, 0x2F3B, 0x2F3D, 0x2F3F, 0x2F41, 0x2F43, 0x2F45, 0x2F47, 0x2F49,
        0x2F4B, 0x2F4D, 0x2F4F, 0x2F51, 0x2F53, 0x2F55, 0x2F57, 0x2F59, 0x2F5B, 0x2F5D, 0x2F5F, 0x2F61, 0x2F63, 0x2F65, 0x2F67, 0x2F69,
        0x2F6B, 0x2F6D, 0x2F6F, 0x2F71, 0x2F73, 0x2F75, 0x2F77, 0x2F79, 0x2F7B, 0x2F7D, 0x2F7F, 0x2F81, 0x2F83, 0x2F85, 0x2F87, 0x2F89,
        0x2F8B, 0x2F8D, 0x2F8F, 0x2F91, 0x2F93, 0x2F95, 0x2F97, 0x2F99, 0x2F9B, 0x2F9D, 0x2F9F, 0x2FA1, 0x2FA3, 0x2FA5, 0x2FA7, 0x2FA9,
        0x2FAB, 0x2FAD, 0x2FAF, 0x2FB1, 0x2FB3, 0x0000, 0x2FB5, 0x2FB7, 0x2FB9, 0x2FBB, 0x2FBD, 0x2FBF, 0x2FC1, 0x2FC3, 0x2FC5, 0x2FC7,
        0x2FC9, 0x2FCB, 0x2FCD, 0x2FCF, 0x2FD1, 0x2FD3, 0x2FD5, 0x2FD7, 0x2FD9, 0x2FDB, 0x2FDD, 0x2FDF, 0x2FE1, 0x2FE3, 0x2FE5, 0x2FE7,
        0x2FE9, 0x2FEB, 0x2FED, 0x2FEF, 0x2FF1, 0x2FF3, 0x2FF5, 0x2FF7, 0x2FF9, 0x2FFB, 0x2FFD, 0x2FFF, 0x3001, 0x3003, 0x3005, 0x3007,
        0x3009, 0x300B, 0x300D, 0x300F, 0x3011, 0x3013, 0x3015, 0x3017, 0x3019, 0x301B, 0x301D, 0x301F, 0x3021, 0x3023, 0x3025, 0x3027,
        0x3029, 0x302B, 0x302D, 0x302F, 0x3031, 0x3033, 0x3035, 0x3037, 0x3039, 0x303B, 0x303D, 0x303F, 0x3041, 0x0000, 0x3043, 0x3045,
        0x0000, 0x0000, 0x3047, 0x0000, 0x0000, 0x3049, 0x304B, 0x0000, 0x0000, 0x304D, 0x304F, 0x3051, 0x3053, 0x0000, 0x3055, 0x3057,
        0x3059, 0x305B, 0x305D, 0x305F, 0x3061, 0x3063, 0x3065, 0x3067, 0x3069, 0x306B, 0x0000, 0x306D, 0x0000, 0x306F, 0x3071, 0x3073,
        0x3075, 0x3077, 0x3079, 0x307B, 0x0000, 0x307D, 0x307F, 0x3081, 0x3083, 0x3085, 0x3087, 0x3089, 0x308B, 0x308D, 0x308F, 0x3091,
        0x3093, 0x3095, 0x3097, 0x3099, 0x309B, 0x309D, 0x309F, 0x30A1, 0x30A3, 0x30A5, 0x30A7, 0x30A9, 0x30AB, 0x30AD, 0x30AF, 0x30B1,
        0x30B3, 0x30B5, 0x30B7, 0x30B9, 0x30BB, 0x30BD, 0x30BF, 0x30C1, 0x30C3, 0x30C5, 0x30C7, 0x30C9, 0x30CB, 0x30CD, 0x30CF, 0x30D1,
        0x30D3, 0x30D5, 0x30D7, 0x30D9, 0x30DB, 0x30DD, 0x30DF, 0x30E1, 0x30E3, 0x30E5, 0x30E7, 0x30E9, 0x30EB, 0x30ED, 0x30EF, 0x30F1,
        0x30F3, 0x30F5, 0x30F7, 0x30F9, 0x30FB, 0x30FD, 0x0000, 0x30FF, 0x3101, 0x3103, 0x3105, 0x0000, 0x0000, 0x3107, 0x3109, 0x310B,
        0x310D, 0x310F, 0x3111, 0x3113, 0x3115, 0x0000, 0x3117, 0x3119, 0x311B, 0x311D, 0x311F, 0x3121, 0x3123, 0x0000, 0x3125, 0x3127,
        0x3129, 0x312B, 0x312D, 0x312F, 0x3131, 0x3133, 0x3135, 0x3137, 0x3139, 0x313B, 0x313D, 0x313F, 0x3141, 0x3143, 0x3145, 0x3147,
        0x3149, 0x314B, 0x314D, 0x314F, 0x3151, 0x3153, 0x3155, 0x3157, 0x3159, 0x315B, 0x0000, 0x315D, 0x315F, 0x3161, 0x3163, 0x0000,
        0x3165, 0x3167, 0x3169, 0x316B, 0x316D, 0x0000, 0x316F, 0x0000, 0x0000, 0x0000, 0x3171, 0x3173, 0x3175, 0x3177, 0x3179, 0x317B,
        0x317D, 0x0000, 0x317F, 0x3181, 0x3183, 0x3185, 0x3187, 0x3189, 0x318B, 0x318D, 0x318F, 0x3191, 0x3193, 0x3195, 0x3197, 0x3199,
        0x319B, 0x319D, 0x319F, 0x31A1, 0x31A3, 0x31A5, 0x31A7, 0x31A9, 0x31AB, 0x31AD, 0x31AF, 0x31B1, 0x31B3, 0x31B5, 0x31B7, 0x31B9,
        0x31BB, 0x31BD, 0x31BF, 0x31C1, 0x31C3, 0x31C5, 0x31C7, 0x31C9, 0x31CB, 0x31CD, 0x31CF, 0x31D1, 0x31D3, 0x31D5, 0x31D7, 0x31D9,
        0x31DB, 0x31DD, 0x31DF, 0x31E1, 0x31E3, 0x31E5, 0x31E7, 0x31E9, 0x31EB, 0x31ED, 0x31EF, 0x31F1, 0x31F3, 0x31F5, 0x31F7, 0x31F9,
        0x31FB, 0x31FD, 0x31FF, 0x3201, 0x3203, 0x3205, 0x3207, 0x3209, 0x320B, 0x320D, 0x320F, 0x3211, 0x3213, 0x3215, 0x3217, 0x3219,
        0x321B, 0x321D, 0x321F, 0x3221, 0x3223, 0x3225, 0x3227, 0x3229, 0x322B, 0x322D, 0x322F, 0x3231, 0x3233, 0x3235, 0x3237, 0x3239,
        0x323B, 0x323D, 0x323F, 0x3241, 0x3243, 0x3245, 0x3247, 0x3249, 0x324B, 0x324D, 0x324F, 0x3251, 0x3253, 0x3255, 0x3257, 0x3259,
        0x325B, 0x325D, 0x325F, 0x3261, 0x3263, 0x3265, 0x3267, 0x3269, 0x326B, 0x326D, 0x326F, 0x3271, 0x3273, 0x3275, 0x3277, 0x3279,
        0x327B, 0x327D, 0x327F, 0x3281, 0x3283, 0x3285, 0x3287, 0x3289, 0x328B, 0x328D, 0x328F, 0x3291, 0x3293, 0x3295, 0x3297, 0x3299,
        0x329B, 0x329D, 0x329F, 0x32A1, 0x32A3, 0x32A5, 0x32A7, 0x32A9, 0x32AB, 0x32AD, 0x32AF, 0x32B1, 0x32B3, 0x32B5, 0x32B7, 0x32B9,
        0x32BB, 0x32BD, 0x32BF, 0x32C1, 0x32C3, 0x32C5, 0x32C7, 0x32C9, 0x32CB, 0x32CD, 0x32CF, 0x32D1, 0x32D3, 0x32D5, 0x32D7, 0x32D9,
        0x32DB, 0x32DD, 0x32DF, 0x32E1, 0x32E3, 0x32E5, 0x32E7, 0x32E9, 0x32EB, 0x32ED, 0x32EF, 0x32F1, 0x32F3, 0x32F5, 0x32F7, 0x32F9,
        0x32FB, 0x32FD, 0x32FF, 0x3301, 0x3303, 0x3305, 0x3307, 0x3309, 0x330B, 0x330D, 0x330F, 0x3311, 0x3313, 0x3315, 0x3317, 0x3319,
        0x331B, 0x331D, 0x331F, 0x3321, 0x3323, 0x3325, 0x3327, 0x3329, 0x332B, 0x332D, 0x332F, 0x3331, 0x3333, 0x3335, 0x3337, 0x3339,
        0x333B, 0x333D, 0x333F, 0x3341, 0x3343, 0x3345, 0x3347, 0x3349, 0x334B, 0x334D, 0x334F, 0x3351, 0x3353, 0x3355, 0x3357, 0x3359,
        0x335B, 0x335D, 0x335F, 0x3361, 0x3363, 0x3365, 0x3367, 0x3369, 0x336B, 0x336D, 0x336F, 0x3371, 0x3373, 0x3375, 0x3377, 0x3379,
        0x337B, 0x337D, 0x337F, 0x3381, 0x3383, 0x3385, 0x3387, 0x3389, 0x338B, 0x338D, 0x338F, 0x3391, 0x3393, 0x3395, 0x3397, 0x3399,
        0x339B, 0x339D, 0x339F, 0x33A1, 0x33A3, 0x33A5, 0x33A7, 0x33A9, 0x33AB, 0x33AD, 0x33AF, 0x33B1, 0x33B3, 0x33B5, 0x33B7, 0x33B9,
        0x33BB, 0x33BD, 0x33BF, 0x33C1, 0x33C3, 0x33C5, 0x33C7, 0x33C9, 0x33CB, 0x33CD, 0x33CF, 0x33D1, 0x33D3, 0x33D5, 0x33D7, 0x33D9,
        0x33DB, 0x33DD, 0x33DF, 0x33E1, 0x33E3, 0x33E5, 0x33E7, 0x33E9, 0x33EB, 0x33ED, 0x33EF, 0x33F1, 0x33F3, 0x33F5, 0x33F7, 0x33F9,
        0x33FB, 0x33FD, 0x33FF, 0x3401, 0x3403, 0x3405, 0x3407, 0x3409, 0x340B, 0x340D, 0x340F, 0x3411, 0x3413, 0x3415, 0x3417, 0x3419,
        0x341B, 0x341D, 0x341F, 0x3421, 0x3423, 0x3425, 0x0000, 0x0000, 0x3427, 0x3429, 0x342B, 0x342D, 0x342F, 0x3431, 0x3433, 0x3435,
        0x3437, 0x3439, 0x343B, 0x343D, 0x343F, 0x3441, 0x3443, 0x3445, 0x3447, 0x3449, 0x344B, 0x344D, 0x344F, 0x3451, 0x3453, 0x3455,
        0x3457, 0x3459, 0x345B, 0x345D, 0x345F, 0x3461, 0x3463, 0x3465, 0x3467, 0x3469, 0x346B, 0x346D, 0x346F, 0x3471, 0x3473, 0x3475,
        0x3477, 0x3479, 0x347B, 0x347D, 0x347F, 0x3481, 0x3483, 0x3485, 0x3487, 0x3489, 0x348B, 0x348D, 0x348F, 0x3491, 0x3493, 0x3495,
        0x3497, 0x3499, 0x349B, 0x349D, 0x349F, 0x34A1, 0x34A3, 0x34A5, 0x34A7, 0x34A9, 0x34AB, 0x34AD, 0x34AF, 0x34B1, 0x34B3, 0x34B5,
        0x34B7, 0x34B9, 0x34BB, 0x34BD, 0x34BF, 0x34C1, 0x34C3, 0x34C5, 0x34C7, 0x34C9, 0x34CB, 0x34CD, 0x34CF, 0x34D1, 0x34D3, 0x34D5,
        0x34D7, 0x34D9, 0x34DB, 0x34DD, 0x34DF, 0x34E1, 0x34E3, 0x34E5, 0x34E7, 0x34E9, 0x34EB, 0x34ED, 0x34EF, 0x34F1, 0x34F3, 0x34F5,
        0x34F7, 0x34F9, 0x34FB, 0x34FD, 0x34FF, 0x3501, 0x3503, 0x3505, 0x3507, 0x3509, 0x350B, 0x350D, 0x350F, 0x3511, 0x3513, 0x3515,
        0x3517, 0x3519, 0x351B, 0x351D, 0x351F, 0x3521, 0x3523, 0x3525, 0x3527, 0x3529, 0x352B, 0x352D, 0x352F, 0x3531, 0x3533, 0x3535,
        0x3537, 0x3539, 0x353B, 0x353D, 0x353F, 0x3541, 0x3543, 0x3545, 0x3547, 0x3549, 0x354B, 0x354D, 0x354F, 0x3551, 0x3553, 0x3555,
        0x3557, 0x3559, 0x355B, 0x355D, 0x355F, 0x3561, 0x3563, 0x3565, 0x3567, 0x3569, 0x356B, 0x356D, 0x356F, 0x3571, 0x3573, 0x3575,
        0x3577, 0x3579, 0x357B, 0x357D, 0x357F, 0x3581, 0x3583, 0x3585, 0x3587, 0x3589, 0x358B, 0x358D, 0x358F, 0x3591, 0x3593, 0x3595,
        0x3597, 0x3599, 0x359B, 0x359D, 0x359F, 0x35A1, 0x35A3, 0x35A5, 0x35A7, 0x35A9, 0x35AB, 0x35AD, 0x35AF, 0x35B1, 0x35B3, 0x35B5,
        0x35B7, 0x35B9, 0x35BB, 0x35BD, 0x35BF, 0x35C1, 0x35C3, 0x35C5, 0x35C7, 0x35C9, 0x35CB, 0x35CD, 0x35CF, 0x35D1, 0x35D3, 0x35D5,
        0x35D7, 0x35D9, 0x35DB, 0x35DD, 0x35DF, 0x35E1, 0x35E3, 0x35E5, 0x35E7, 0x35E9, 0x35EB, 0x35ED, 0x35EF, 0x35F1, 0x35F3, 0x35F5,
        0x35F7, 0x35F9, 0x35FB, 0x35FD, 0x35FF, 0x3601, 0x3603, 0x3605, 0x3607, 0x3609, 0x360B, 0x360D, 0x360F, 0x3611, 0x3613, 0x3615,
        0x3617, 0x3619, 0x361B, 0x361D, 0x361F, 0x3621, 0x3623, 0x3625, 0x3627, 0x3629, 0x362B, 0x362D, 0x362F, 0x3631, 0x3633, 0x3635,
        0x3637, 0x3639, 0x363B, 0x363D, 0x363F, 0x3641, 0x3643, 0x3645, 0x3647, 0x3649, 0x364B, 0x364D, 0x364F, 0x3651, 0x3653, 0x3655,
        0x3657, 0x3659, 0x365B, 0x365D, 0x365F, 0x3661, 0x3663, 0x3665, 0x3667, 0x3669, 0x366B, 0x366D, 0x0000, 0x0000, 0x366F, 0x3671,
        0x3673, 0x3675, 0x3677, 0x3679, 0x367B, 0x367D, 0x367F, 0x3681, 0x3683, 0x3685, 0x3687, 0x3689, 0x368B, 0x368D, 0x368F, 0x3691,
        0x3693, 0x3695, 0x3697, 0x3699, 0x369B, 0x369D, 0x369F, 0x36A1, 0x36A3, 0x36A5, 0x36A7, 0x36A9, 0x36AB, 0x36AD, 0x36AF, 0x36B1,
        0x36B3, 0x36B5, 0x36B7, 0x36B9, 0x36BB, 0x36BD, 0x36BF, 0x36C1, 0x36C3, 0x36C5, 0x36C7, 0x36C9, 0x36CB, 0x36CD, 0x36CF, 0x36D1,
        0x0000, 0x0000, 0x0000, 0x0000, 0x0000, 0x0000, 0x0000, 0x0000, 0x0000, 0x0000, 0x0000, 0x0000, 0x0000, 0x0000, 0x0000, 0x0000,
        0x0000, 0x0000, 0x0000, 0x0000, 0x0000, 0x0000, 0x0000, 0x0000, 0x0000, 0x0000, 0x0000, 0x0000, 0x0000, 0x0000, 0x0000, 0x0000,
        0x0000, 0x0000, 0x0000, 0x0000, 0x0000, 0x0000, 0x0000, 0x0000, 0x0000, 0x0000, 0x0000, 0x0000, 0x0000, 0x0000, 0x0000, 0x0000,
        0x36D3, 0x36D5, 0x36D7, 0x36D9, 0x36DB, 0x36DD, 0x36DF, 0x36E1, 0x36E3, 0x36E5, 0x36E7, 0x36E9, 0x36EB, 0x36ED, 0x36EF, 0x36F1,
        0x36F3, 0x36F5, 0x36F7, 0x36F9, 0x36FB, 0x36FD, 0x36FF, 0x3701, 0x3703, 0x3705, 0x3707, 0x3709, 0x370B, 0x370D, 0x370F, 0x3711,
        0x3713, 0x3715, 0x3717, 0x3719, 0x371B, 0x371D, 0x371F, 0x3721, 0x3723, 0x3725, 0x3727, 0x3729, 0x372B, 0x372D, 0x372F, 0x3731,
        0x3733, 0x3735, 0x3737, 0x3739, 0x373B, 0x373D, 0x373F, 0x3741, 0x3743, 0x3745, 0x3747, 0x3749, 0x374B, 0x374D, 0x0000, 0x0000,
        0x0000, 0x0000, 0x0000, 0x0000, 0x0000, 0x0000, 0x0000, 0x0000, 0x0000, 0x0000, 0x0000, 0x0000, 0x0000, 0x0000, 0x0000, 0x0000,
        0x374F, 0x3751, 0x3753, 0x3755, 0x0000, 0x3757, 0x3759, 0x375B, 0x375D, 0x375F, 0x3761, 0x3763, 0x3765, 0x3767, 0x3769, 0x376B,
        0x376D, 0x376F, 0x3771, 0x3773, 0x3775, 0x3777, 0x3779, 0x377B, 0x377D, 0x377F, 0x3781, 0x3783, 0x3785, 0x3787, 0x3789, 0x378B,
        0x0000, 0x378D, 0x378F, 0x0000, 0x3791, 0x0000, 0x0000, 0x3793, 0x0000, 0x3795, 0x3797, 0x3799, 0x379B, 0x379D, 0x379F, 0x37A1,
        0x37A3, 0x37A5, 0x37A7, 0x0000, 0x37A9, 0x37AB, 0x37AD, 0x37AF, 0x0000, 0x37B1, 0x0000, 0x37B3, 0x0000, 0x0000, 0x0000, 0x0000,
        0x0000, 0x0000, 0x37B5, 0x0000, 0x0000, 0x0000, 0x0000, 0x37B7, 0x0000, 0x37B9, 0x0000, 0x37BB, 0x0000, 0x37BD, 0x37BF, 0x37C1,
        0x0000, 0x37C3, 0x37C5, 0x0000, 0x37C7, 0x0000, 0x0000, 0x37C9, 0x0000, 0x37CB, 0x0000, 0x37CD, 0x0000, 0x37CF, 0x0000, 0x37D1,
        0x0000, 0x37D3, 0x37D5, 0x0000, 0x37D7, 0x0000, 0x0000, 0x37D9, 0x37DB, 0x37DD, 0x37DF, 0x0000, 0x37E1, 0x37E3, 0x37E5, 0x37E7,
        0x37E9, 0x37EB, 0x37ED, 0x0000, 0x37EF, 0x37F1, 0x37F3, 0x37F5, 0x0000, 0x37F7, 0x37F9, 0x37FB, 0x37FD, 0x0000, 0x37FF, 0x0000,
        0x3801, 0x3803, 0x3805, 0x3807, 0x3809, 0x380B, 0x380D, 0x380F, 0x3811, 0x3813, 0x0000, 0x3815, 0x3817, 0x3819, 0x381B, 0x381D,
        0x381F, 0x3821, 0x3823, 0x3825, 0x3827, 0x3829, 0x382B, 0x382D, 0x382F, 0x3831, 0x3833, 0x3835, 0x0000, 0x0000, 0x0000, 0x0000,
        0x0000, 0x3837, 0x3839, 0x383B, 0x0000, 0x383D, 0x383F, 0x3841, 0x3843, 0x3845, 0x0000, 0x3847, 0x3849, 0x384B, 0x384D, 0x384F,
        0x3851, 0x3853, 0x3855, 0x3857, 0x3859, 0x385B, 0x385D, 0x385F, 0x3861, 0x3863, 0x3865, 0x3867, 0x0000, 0x0000, 0x0000, 0x0000,
        0x0000, 0x0000, 0x0000, 0x0000, 0x0000, 0x0000, 0x0000, 0x0000, 0x0000, 0x0000, 0x0000, 0x0000, 0x0000, 0x0000, 0x0000, 0x0000,
        0x0000, 0x0000, 0x0000, 0x0000, 0x0000, 0x0000, 0x0000, 0x0000, 0x0000, 0x0000, 0x0000, 0x0000, 0x0000, 0x0000, 0x0000, 0x0000,
        0x0000, 0x0000, 0x0000, 0x0000, 0x0000, 0x0000, 0x0000, 0x0000, 0x0000, 0x0000, 0x0000, 0x0000, 0x0000, 0x0000, 0x0000, 0x0000,
        0x0000, 0x0000, 0x0000, 0x0000, 0x0000, 0x0000, 0x0000, 0x0000, 0x0000, 0x0000, 0x0000, 0x0000, 0x0000, 0x0000, 0x0000, 0x0000,
        0x3869, 0x386C, 0x386F, 0x3872, 0x3875, 0x3878, 0x387B, 0x387E, 0x3881, 0x3884, 0x3887, 0x0000, 0x0000, 0x0000, 0x0000, 0x0000,
        0x388A, 0x388E, 0x3892, 0x3896, 0x389A, 0x389E, 0x38A2, 0x38A6, 0x38AA, 0x38AE, 0x38B2, 0x38B6, 0x38BA, 0x38BE, 0x38C2, 0x38C6,
        0x38CA, 0x38CE, 0x38D2, 0x38D6, 0x38DA, 0x38DE, 0x38E2, 0x38E6, 0x38EA, 0x38EE, 0x38F2, 0x38F6, 0x38F8, 0x38FA, 0x38FD, 0x0000,
        0x3900, 0x3902, 0x3904, 0x3906, 0x3908, 0x390A, 0x390C, 0x390E, 0x3910, 0x3912, 0x3914, 0x3916, 0x3918, 0x391A, 0x391C, 0x391E,
        0x3920, 0x3922, 0x3924, 0x3926, 0x3928, 0x392A, 0x392C, 0x392E, 0x3930, 0x3932, 0x3934, 0x3937, 0x393A, 0x393D, 0x3940, 0x3944,
        0x0000, 0x0000, 0x0000, 0x0000, 0x0000, 0x0000, 0x0000, 0x0000, 0x0000, 0x0000, 0x0000, 0x0000, 0x0000, 0x0000, 0x0000, 0x0000,
        0x0000, 0x0000, 0x0000, 0x0000, 0x0000, 0x0000, 0x0000, 0x0000, 0x0000, 0x0000, 0x3947, 0x394A, 0x394D, 0x0000, 0x0000, 0x0000,
        0x0000, 0x0000, 0x0000, 0x0000, 0x0000, 0x0000, 0x0000, 0x0000, 0x0000, 0x0000, 0x0000, 0x0000, 0x0000, 0x0000, 0x0000, 0x0000,
        0x0000, 0x0000, 0x0000, 0x0000, 0x0000, 0x0000, 0x0000, 0x0000, 0x0000, 0x0000, 0x0000, 0x0000, 0x0000, 0x0000, 0x0000, 0x0000,
        0x3950, 0x0000, 0x0000, 0x0000, 0x0000, 0x0000, 0x0000, 0x0000, 0x0000, 0x0000, 0x0000, 0x0000, 0x0000, 0x0000, 0x0000, 0x0000,
        0x0000, 0x0000, 0x0000, 0x0000, 0x0000, 0x0000, 0x0000, 0x0000, 0x0000, 0x0000, 0x0000, 0x0000, 0x0000, 0x0000, 0x0000, 0x0000,
        0x0000, 0x0000, 0x0000, 0x0000, 0x0000, 0x0000, 0x0000, 0x0000, 0x0000, 0x0000, 0x0000, 0x0000, 0x0000, 0x0000, 0x0000, 0x0000,
        0x0000, 0x0000, 0x0000, 0x0000, 0x0000, 0x0000, 0x0000, 0x0000, 0x0000, 0x0000, 0x0000, 0x0000, 0x0000, 0x0000, 0x0000, 0x0000,
        0x0000, 0x0000, 0x0000, 0x0000, 0x0000, 0x0000, 0x0000, 0x0000, 0x0000, 0x0000, 0x0000, 0x0000, 0x0000, 0x0000, 0x0000, 0x0000,
        0x0000, 0x0000, 0x0000, 0x0000, 0x0000, 0x0000, 0x0000, 0x0000, 0x0000, 0x0000, 0x0000, 0x0000, 0x0000, 0x0000, 0x0000, 0x0000,
        0x0000, 0x0000, 0x0000, 0x0000, 0x0000, 0x0000, 0x0000, 0x0000, 0x0000, 0x0000, 0x0000, 0x0000, 0x0000, 0x0000, 0x0000, 0x0000,
        0x3953, 0x3956, 0x3959, 0x0000, 0x0000, 0x0000, 0x0000, 0x0000, 0x0000, 0x0000, 0x0000, 0x0000, 0x0000, 0x0000, 0x0000, 0x0000,
        0x395B, 0x395D, 0x395F, 0x3961, 0x3963, 0x3965, 0x3967, 0x3969, 0x396B, 0x396D, 0x396F, 0x3971, 0x3973, 0x3975, 0x3977, 0x3979,
        0x397B, 0x397D, 0x397F, 0x3981, 0x3983, 0x3985, 0x3987, 0x3989, 0x398B, 0x398D, 0x398F, 0x3991, 0x3993, 0x3995, 0x3997, 0x3999,
        0x399B, 0x399D, 0x399F, 0x39A1, 0x39A3, 0x39A5, 0x39A7, 0x39A9, 0x39AB, 0x39AD, 0x39AF, 0x39B1, 0x0000, 0x0000, 0x0000, 0x0000,
        0x39B3, 0x39B7, 0x39BB, 0x39BF, 0x39C3, 0x39C7, 0x39CB, 0x39CF, 0x39D3, 0x0000, 0x0000, 0x0000, 0x0000, 0x0000, 0x0000, 0x0000,
        0x39D7, 0x39D9, 0x0000, 0x0000, 0x0000, 0x0000, 0x0000, 0x0000, 0x0000, 0x0000, 0x0000, 0x0000, 0x0000, 0x0000, 0x0000, 0x0000,
        0x0000, 0x0000, 0x0000, 0x0000, 0x0000, 0x0000, 0x0000, 0x0000, 0x0000, 0x0000, 0x0000, 0x0000, 0x0000, 0x0000, 0x0000, 0x0000,
        0x0000, 0x0000, 0x0000, 0x0000, 0x0000, 0x0000, 0x0000, 0x0000, 0x0000, 0x0000, 0x0000, 0x0000, 0x0000, 0x0000, 0x0000, 0x0000,
        0x0000, 0x0000, 0x0000, 0x0000, 0x0000, 0x0000, 0x0000, 0x0000, 0x0000, 0x0000, 0x0000, 0x0000, 0x0000, 0x0000, 0x0000, 0x0000,
        0x0000, 0x0000, 0x0000, 0x0000, 0x0000, 0x0000, 0x0000, 0x0000, 0x0000, 0x0000, 0x0000, 0x0000, 0x0000, 0x0000, 0x0000, 0x0000,
        0x0000, 0x0000, 0x0000, 0x0000, 0x0000, 0x0000, 0x0000, 0x0000, 0x0000, 0x0000, 0x0000, 0x0000, 0x0000, 0x0000, 0x0000, 0x0000,
        0x0000, 0x0000, 0x0000, 0x0000, 0x0000, 0x0000, 0x0000, 0x0000, 0x0000, 0x0000, 0x0000, 0x0000, 0x0000, 0x0000, 0x0000, 0x0000,
        0x0000, 0x0000, 0x0000, 0x0000, 0x0000, 0x0000, 0x0000, 0x0000, 0x0000, 0x0000, 0x0000, 0x0000, 0x0000, 0x0000, 0x0000, 0x0000,
        0x0000, 0x0000, 0x0000, 0x0000, 0x0000, 0x0000, 0x0000, 0x0000, 0x0000, 0x0000, 0x0000, 0x0000, 0x0000, 0x0000, 0x0000, 0x0000,
        0x0000, 0x0000, 0x0000, 0x0000, 0x0000, 0x0000, 0x0000, 0x0000, 0x0000, 0x0000, 0x0000, 0x0000, 0x0000, 0x0000, 0x0000, 0x0000,
        0x39DB, 0x39DD, 0x39DF, 0x39E1, 0x39E3, 0x39E5, 0x39E7, 0x39E9, 0x39EB, 0x39ED, 0x0000, 0x0000, 0x0000, 0x0000, 0x0000, 0x0000,
        0x39EF, 0x39F1, 0x39F3, 0x39F5, 0x39F7, 0x39F9, 0x39FB, 0x39FD, 0x39FF, 0x3A01, 0x3A03, 0x3A05, 0x3A07, 0x3A09, 0x3A0B, 0x3A0D,
        0x3A0F, 0x3A11, 0x3A13, 0x3A15, 0x3A17, 0x3A19, 0x3A1B, 0x3A1D, 0x3A1F, 0x3A21, 0x3A23, 0x3A25, 0x3A27, 0x3A29, 0x3A2B, 0x3A2D,
        0x3A2F, 0x3A31, 0x3A33, 0x3A35, 0x3A37, 0x3A39, 0x3A3B, 0x3A3D, 0x3A3F, 0x3A41, 0x3A43, 0x3A45, 0x3A47, 0x3A49, 0x3A4B, 0x3A4D,
        0x3A4F, 0x3A51, 0x3A53, 0x3A55, 0x3A57, 0x3A59, 0x3A5B, 0x3A5D, 0x3A5F, 0x3A61, 0x3A63, 0x3A65, 0x3A67, 0x3A69, 0x3A6B, 0x3A6D,
        0x3A6F, 0x3A71, 0x3A73, 0x3A75, 0x3A77, 0x3A79, 0x3A7B, 0x3A7D, 0x3A7F, 0x3A81, 0x3A83, 0x3A85, 0x3A87, 0x3A89, 0x3A8B, 0x3A8D,
        0x3A8F, 0x3A91, 0x3A93, 0x3A95, 0x3A97, 0x3A99, 0x3A9B, 0x3A9D, 0x3A9F, 0x3AA1, 0x3AA3, 0x3AA5, 0x3AA7, 0x3AA9, 0x3AAB, 0x3AAD,
        0x3AAF, 0x3AB1, 0x3AB3, 0x3AB5, 0x3AB7, 0x3AB9, 0x3ABB, 0x3ABD, 0x3ABF, 0x3AC1, 0x3AC3, 0x3AC5, 0x3AC7, 0x3AC9, 0x3ACB, 0x3ACD,
        0x3ACF, 0x3AD1, 0x3AD3, 0x3AD5, 0x3AD7, 0x3AD9, 0x3ADB, 0x3ADD, 0x3ADF, 0x3AE1, 0x3AE3, 0x3AE5, 0x3AE7, 0x3AE9, 0x3AEB, 0x3AED,
        0x3AEF, 0x3AF1, 0x3AF3, 0x3AF5, 0x3AF7, 0x3AF9, 0x3AFB, 0x3AFD, 0x3AFF, 0x3B01, 0x3B03, 0x3B05, 0x3B07, 0x3B09, 0x3B0B, 0x3B0D,
        0x3B0F, 0x3B11, 0x3B13, 0x3B15, 0x3B17, 0x3B19, 0x3B1B, 0x3B1D, 0x3B1F, 0x3B21, 0x3B23, 0x3B25, 0x3B27, 0x3B29, 0x3B2B, 0x3B2D,
        0x3B2F, 0x3B31, 0x3B33, 0x3B35, 0x3B37, 0x3B39, 0x3B3B, 0x3B3D, 0x3B3F, 0x3B41, 0x3B43, 0x3B45, 0x3B47, 0x3B49, 0x3B4B, 0x3B4D,
        0x3B4F, 0x3B51, 0x3B53, 0x3B55, 0x3B57, 0x3B59, 0x3B5B, 0x3B5D, 0x3B5F, 0x3B61, 0x3B63, 0x3B65, 0x3B67, 0x3B69, 0x3B6B, 0x3B6D,
        0x3B6F, 0x3B71, 0x3B73, 0x3B75, 0x3B77, 0x3B79, 0x3B7B, 0x3B7D, 0x3B7F, 0x3B81, 0x3B83, 0x3B85, 0x3B87, 0x3B89, 0x3B8B, 0x3B8D,
        0x3B8F, 0x3B91, 0x3B93, 0x3B95, 0x3B97, 0x3B99, 0x3B9B, 0x3B9D, 0x3B9F, 0x3BA1, 0x3BA3, 0x3BA5, 0x3BA7, 0x3BA9, 0x3BAB, 0x3BAD,
        0x3BAF, 0x3BB1, 0x3BB3, 0x3BB5, 0x3BB7, 0x3BB9, 0x3BBB, 0x3BBD, 0x3BBF, 0x3BC1, 0x3BC3, 0x3BC5, 0x3BC7, 0x3BC9, 0x3BCB, 0x3BCD,
        0x3BCF, 0x3BD1, 0x3BD3, 0x3BD5, 0x3BD7, 0x3BD9, 0x3BDB, 0x3BDD, 0x3BDF, 0x3BE1, 0x3BE3, 0x3BE5, 0x3BE7, 0x3BE9, 0x3BEB, 0x3BED,
        0x3BEF, 0x3BF1, 0x3BF3, 0x3BF5, 0x3BF7, 0x3BF9, 0x3BFB, 0x3BFD, 0x3BFF, 0x3C01, 0x3C03, 0x3C05, 0x3C07, 0x3C09, 0x3C0B, 0x3C0D,
        0x3C0F, 0x3C11, 0x3C13, 0x3C15, 0x3C17, 0x3C19, 0x3C1B, 0x3C1D, 0x3C1F, 0x3C21, 0x3C23, 0x3C25, 0x3C27, 0x3C29, 0x3C2B, 0x3C2D,
        0x3C2F, 0x3C31, 0x3C33, 0x3C35, 0x3C37, 0x3C39, 0x3C3B, 0x3C3D, 0x3C3F, 0x3C41, 0x3C43, 0x3C45, 0x3C47, 0x3C49, 0x3C4B, 0x3C4D,
        0x3C4F, 0x3C51, 0x3C53, 0x3C55, 0x3C57, 0x3C59, 0x3C5B, 0x3C5D, 0x3C5F, 0x3C61, 0x3C63, 0x3C65, 0x3C67, 0x3C69, 0x3C6B, 0x3C6D,
        0x3C6F, 0x3C71, 0x3C73, 0x3C75, 0x3C77, 0x3C79, 0x3C7B, 0x3C7D, 0x3C7F, 0x3C81, 0x3C83, 0x3C85, 0x3C87, 0x3C89, 0x3C8B, 0x3C8D,
        0x3C8F, 0x3C91, 0x3C93, 0x3C95, 0x3C97, 0x3C99, 0x3C9B, 0x3C9D, 0x3C9F, 0x3CA1, 0x3CA3, 0x3CA5, 0x3CA7, 0x3CA9, 0x3CAB, 0x3CAD,
        0x3CAF, 0x3CB1, 0x3CB3, 0x3CB5, 0x3CB7, 0x3CB9, 0x3CBB, 0x3CBD, 0x3CBF, 0x3CC1, 0x3CC3, 0x3CC5, 0x3CC7, 0x3CC9, 0x3CCB, 0x3CCD,
        0x3CCF, 0x3CD1, 0x3CD3, 0x3CD5, 0x3CD7, 0x3CD9, 0x3CDB, 0x3CDD, 0x3CDF, 0x3CE1, 0x3CE3, 0x3CE5, 0x3CE7, 0x3CE9, 0x3CEB, 0x3CED,
        0x3CEF, 0x3CF1, 0x3CF3, 0x3CF5, 0x3CF7, 0x3CF9, 0x3CFB, 0x3CFD, 0x3CFF, 0x3D01, 0x3D03, 0x3D05, 0x3D07, 0x3D09, 0x3D0B, 0x3D0D,
        0x3D0F, 0x3D11, 0x3D13, 0x3D15, 0x3D17, 0x3D19, 0x3D1B, 0x3D1D, 0x3D1F, 0x3D21, 0x3D23, 0x3D25, 0x3D27, 0x3D29, 0x3D2B, 0x3D2D,
        0x3D2F, 0x3D31, 0x3D33, 0x3D35, 0x3D37, 0x3D39, 0x3D3B, 0x3D3D, 0x3D3F, 0x3D41, 0x3D43, 0x3D45, 0x3D47, 0x3D49, 0x3D4B, 0x3D4D,
        0x3D4F, 0x3D51, 0x3D53, 0x3D55, 0x3D57, 0x3D59, 0x3D5B, 0x3D5D, 0x3D5F, 0x3D61, 0x3D63, 0x3D65, 0x3D67, 0x3D69, 0x3D6B, 0x3D6D,
        0x3D6F, 0x3D71, 0x3D73, 0x3D75, 0x3D77, 0x3D79, 0x3D7B, 0x3D7D, 0x3D7F, 0x3D81, 0x3D83, 0x3D85, 0x3D87, 0x3D89, 0x3D8B, 0x3D8D,
        0x3D8F, 0x3D91, 0x3D93, 0x3D95, 0x3D97, 0x3D99, 0x3D9B, 0x3D9D, 0x3D9F, 0x3DA1, 0x3DA3, 0x3DA5, 0x3DA7, 0x3DA9, 0x3DAB, 0x3DAD,
        0x3DAF, 0x3DB1, 0x3DB3, 0x3DB5, 0x3DB7, 0x3DB9, 0x3DBB, 0x3DBD, 0x3DBF, 0x3DC1, 0x3DC3, 0x3DC5, 0x3DC7, 0x3DC9, 0x3DCB, 0x3DCD,
        0x3DCF, 0x3DD1, 0x3DD3, 0x3DD5, 0x3DD7, 0x3DD9, 0x3DDB, 0x3DDD, 0x3DDF, 0x3DE1, 0x3DE3, 0x3DE5, 0x3DE7, 0x3DE9, 0x3DEB, 0x3DED,
        0x3DEF, 0x3DF1, 0x3DF3, 0x3DF5, 0x3DF7, 0x3DF9, 0x3DFB, 0x3DFD, 0x3DFF, 0x3E01, 0x3E03, 0x3E05, 0x3E07, 0x3E09, 0x3E0B, 0x3E0D,
        0x3E0F, 0x3E11, 0x3E13, 0x3E15, 0x3E17, 0x3E19, 0x3E1B, 0x3E1D, 0x3E1F, 0x3E21, 0x3E23, 0x3E25, 0x3E27, 0x3E29, 0x0000, 0x0000,
        0x0000, 0x0000, 0x0000, 0x0000, 0x0000, 0x0000, 0x0000, 0x0000, 0x0000, 0x0000, 0x0000, 0x0000, 0x0000, 0x0000, 0x0000, 0x0000,
        0x0000, 0x0000, 0x0000, 0x0000, 0x0000, 0x0000, 0x0000, 0x0000, 0x0000, 0x0000, 0x0000, 0x0000, 0x0000, 0x0000, 0x0000, 0x0000,
        0x0000, 0x0000, 0x0000, 0x0000, 0x0000, 0x0000, 0x0000, 0x0000, 0x0000, 0x0000, 0x0000, 0x0000, 0x0000, 0x0000, 0x0000, 0x0000,
        0x0000, 0x0000, 0x0000, 0x0000, 0x0000, 0x0000, 0x0000, 0x0000, 0x0000, 0x0000, 0x0000, 0x0000, 0x0000, 0x0000, 0x0000, 0x0000,
        0x0000, 0x0000, 0x0000, 0x0000, 0x0000, 0x0000, 0x0000, 0x0000, 0x0000, 0x0000, 0x0000, 0x0000, 0x0000, 0x0000, 0x0000, 0x0000,
        0x0000, 0x0000, 0x0000, 0x0000, 0x0000, 0x0000, 0x0000, 0x0000, 0x0000, 0x0000, 0x0000, 0x0000, 0x0000, 0x0000, 0x0000, 0x0000
    ];
